Epoch,D Loss,G Loss,GenMean,GenStd
0,0.6752890348434448,0.7313418388366699,-0.016362948343157768,0.5903956294059753
1,0.6174913644790649,0.8395377993583679,0.15467599034309387,0.5883308053016663
2,0.618462085723877,0.8793628811836243,0.3302682638168335,0.5297260880470276
3,0.65995192527771,0.8379783630371094,0.47985878586769104,0.4431222379207611
4,0.6869857311248779,0.7753759026527405,0.53965824842453,0.40387293696403503
5,0.6946255564689636,0.7753674983978271,0.571010410785675,0.37784451246261597
6,0.7008166909217834,0.8045960664749146,0.5804035663604736,0.3681405782699585
7,0.7090981602668762,0.7879990935325623,0.5811647772789001,0.3719603717327118
8,0.6861647367477417,0.7633955478668213,0.5825955271720886,0.3701777160167694
9,0.6816812753677368,0.8054421544075012,0.5901718735694885,0.3636866807937622
10,0.6859995126724243,0.8243208527565002,0.5907350778579712,0.3586390018463135
11,0.682404637336731,0.8121057152748108,0.5761697888374329,0.37113937735557556
12,0.684636116027832,0.8187090754508972,0.5878403186798096,0.3606998920440674
13,0.6666539311408997,0.8270244598388672,0.5771761536598206,0.36741945147514343
14,0.6640774607658386,0.8094399571418762,0.5869798064231873,0.3733919858932495
15,0.6699248552322388,0.8048862218856812,0.5652945041656494,0.3802392780780792
16,0.674209713935852,0.8207986354827881,0.55228590965271,0.372475802898407
17,0.6692982912063599,0.7912814021110535,0.522514820098877,0.3791216015815735
18,0.6784973740577698,0.7730637788772583,0.46054813265800476,0.37614181637763977
19,0.6854820251464844,0.7517030239105225,0.43015432357788086,0.39117690920829773
20,0.6705957055091858,0.7941426634788513,0.46753957867622375,0.3650309145450592
21,0.6776312589645386,0.8035724759101868,0.5054129958152771,0.3384891450405121
22,0.6792932152748108,0.8001217842102051,0.5093690752983093,0.3350611627101898
23,0.6786689758300781,0.7765570878982544,0.5050461888313293,0.33691659569740295
24,0.6735796928405762,0.7831109762191772,0.49279680848121643,0.3375748097896576
25,0.6747646331787109,0.7889909744262695,0.48753952980041504,0.33910664916038513
26,0.6584585309028625,0.8004059791564941,0.4836329519748688,0.32681575417518616
27,0.6776025891304016,0.7835516929626465,0.487331360578537,0.33183014392852783
28,0.6859233379364014,0.7969996333122253,0.4922219216823578,0.32658565044403076
29,0.6740144491195679,0.8242911696434021,0.5064899325370789,0.33031564950942993
30,0.6794008016586304,0.8010641932487488,0.4973928928375244,0.3255731761455536
31,0.6819257736206055,0.8023059964179993,0.5012676119804382,0.32811352610588074
32,0.6799442768096924,0.793925404548645,0.4968280494213104,0.33284464478492737
33,0.6764869689941406,0.7906581163406372,0.5015855431556702,0.3244549036026001
34,0.6778525114059448,0.7875664830207825,0.5060436129570007,0.33429738879203796
35,0.6851284503936768,0.7992367744445801,0.49049460887908936,0.32967081665992737
36,0.6841542720794678,0.7986619472503662,0.5035813450813293,0.3311724066734314
37,0.6740125417709351,0.7972700595855713,0.49788913130760193,0.33827540278434753
38,0.6829828023910522,0.7940242290496826,0.5068400502204895,0.34004127979278564
39,0.6658223867416382,0.7960440516471863,0.5010122656822205,0.33437636494636536
40,0.6681340336799622,0.7880253791809082,0.4977002441883087,0.33747929334640503
41,0.6795523762702942,0.8132757544517517,0.5084021091461182,0.33495625853538513
42,0.6691070199012756,0.7968831062316895,0.5120332837104797,0.3373544216156006
43,0.6774930953979492,0.7994186878204346,0.5009802579879761,0.3337734043598175
44,0.6730297803878784,0.7989035248756409,0.5056902170181274,0.3390110433101654
45,0.676866352558136,0.8039489984512329,0.502508819103241,0.33670613169670105
46,0.6780095100402832,0.7713920474052429,0.5012484192848206,0.34077200293540955
47,0.6721906661987305,0.789273202419281,0.4988330900669098,0.33449792861938477
48,0.6763073205947876,0.8022607564926147,0.504127025604248,0.33545270562171936
49,0.6715569496154785,0.7912202477455139,0.5016513466835022,0.3377112150192261
50,0.6766603589057922,0.7910098433494568,0.5090999007225037,0.33961236476898193
51,0.6822352409362793,0.7712844610214233,0.507714569568634,0.3336382508277893
52,0.6837360262870789,0.7700467109680176,0.5046905875205994,0.3353802263736725
53,0.6825205087661743,0.7787872552871704,0.5087761282920837,0.33650270104408264
54,0.6790721416473389,0.783978283405304,0.5041970610618591,0.33260712027549744
55,0.6828969717025757,0.7707253694534302,0.5107149481773376,0.3378588855266571
56,0.6773219108581543,0.7888907790184021,0.498584121465683,0.3314407169818878
57,0.6831730604171753,0.7821517586708069,0.5073686242103577,0.3382643759250641
58,0.6836501955986023,0.7591965198516846,0.5046151280403137,0.33581551909446716
59,0.677812933921814,0.7780700922012329,0.5153374671936035,0.3393736779689789
60,0.6808570623397827,0.7781034111976624,0.5135884284973145,0.3392206132411957
61,0.686238706111908,0.7621697783470154,0.5016318559646606,0.33775821328163147
62,0.6861093640327454,0.7686181664466858,0.5052266716957092,0.34389927983283997
63,0.6778157949447632,0.7656038999557495,0.5046352744102478,0.33561021089553833
64,0.6817287802696228,0.7588516473770142,0.5076397061347961,0.337150514125824
65,0.6908825635910034,0.773512601852417,0.5035950541496277,0.33887621760368347
66,0.6819300651550293,0.7688069939613342,0.5082693696022034,0.33776625990867615
67,0.689983606338501,0.7682484984397888,0.5005446076393127,0.3361319303512573
68,0.6840139627456665,0.7633483409881592,0.5082513093948364,0.3344596028327942
69,0.6842753887176514,0.7692533135414124,0.49920544028282166,0.331087589263916
70,0.688591480255127,0.7668342590332031,0.5056301951408386,0.34081676602363586
71,0.6950213313102722,0.7600656747817993,0.5027313828468323,0.330474853515625
72,0.684222936630249,0.7552171349525452,0.49709394574165344,0.3290451169013977
73,0.6944862604141235,0.777694582939148,0.5063385367393494,0.3355134129524231
74,0.6902570128440857,0.7547731995582581,0.49989214539527893,0.33012959361076355
75,0.6844353675842285,0.7759619355201721,0.5050268173217773,0.337033748626709
76,0.6927304863929749,0.7542005181312561,0.5073719620704651,0.3302837014198303
77,0.6868934035301208,0.7630247473716736,0.4897155463695526,0.3246837258338928
78,0.6897226572036743,0.7561619877815247,0.5010157227516174,0.3261776566505432
79,0.6848762631416321,0.7651212811470032,0.4913075864315033,0.32661083340644836
80,0.6918457746505737,0.7620360851287842,0.5029217004776001,0.3369746506214142
81,0.6855027675628662,0.7494952082633972,0.49983906745910645,0.3327445387840271
82,0.6895817518234253,0.7546853423118591,0.49509286880493164,0.32973596453666687
83,0.6919272541999817,0.7503408193588257,0.498820036649704,0.3260885775089264
84,0.6883533000946045,0.7567316889762878,0.5002614855766296,0.32919877767562866
85,0.6816153526306152,0.7653382420539856,0.4927504062652588,0.32507848739624023
86,0.689741849899292,0.754472553730011,0.5004556775093079,0.328675240278244
87,0.6902780532836914,0.7678980827331543,0.5017533302307129,0.32984626293182373
88,0.6928508281707764,0.7542846202850342,0.49394741654396057,0.3227943480014801
89,0.6858412027359009,0.7617337703704834,0.5044288039207458,0.33175477385520935
90,0.6956551671028137,0.7565966844558716,0.5050181746482849,0.3328416347503662
91,0.6888625621795654,0.7678909301757812,0.4965546131134033,0.3308102488517761
92,0.6895241141319275,0.7545740604400635,0.5010151863098145,0.3254866600036621
93,0.6886880397796631,0.7497596144676208,0.5007161498069763,0.32760465145111084
94,0.6931283473968506,0.7566295266151428,0.49703383445739746,0.3276226818561554
95,0.6852701902389526,0.7549514770507812,0.5009757876396179,0.3329921364784241
96,0.691963791847229,0.748313844203949,0.49802032113075256,0.3316144645214081
97,0.6965988874435425,0.7458688616752625,0.49164828658103943,0.3273544907569885
98,0.6894862651824951,0.7512068748474121,0.5029758810997009,0.3320101499557495
99,0.6917327642440796,0.7573540806770325,0.49511170387268066,0.3321649432182312
100,0.6895904541015625,0.7586593627929688,0.4966302812099457,0.3281916379928589
101,0.6866161823272705,0.7459203004837036,0.49958109855651855,0.33073049783706665
102,0.6907443404197693,0.7524407505989075,0.5036918520927429,0.33298707008361816
103,0.688869297504425,0.7487680912017822,0.49736475944519043,0.3275986611843109
104,0.6922818422317505,0.7533434629440308,0.5007231831550598,0.3304082155227661
105,0.6919008493423462,0.7444325685501099,0.49563169479370117,0.32813313603401184
106,0.6897910833358765,0.7485408186912537,0.49901071190834045,0.3311746120452881
107,0.6897059082984924,0.7452822327613831,0.49896252155303955,0.3289286196231842
108,0.6847566366195679,0.7435124516487122,0.4999751150608063,0.3294433653354645
109,0.6947619915008545,0.7486523389816284,0.4930485188961029,0.3284849524497986
110,0.6939718127250671,0.7538474798202515,0.5006888508796692,0.3295624256134033
111,0.692223072052002,0.7312762141227722,0.5052834153175354,0.3326943516731262
112,0.6976968050003052,0.7571877837181091,0.49351465702056885,0.3289957344532013
113,0.6967306733131409,0.7518567442893982,0.4992452561855316,0.33117958903312683
114,0.6923935413360596,0.7455411553382874,0.4988533556461334,0.32903608679771423
115,0.6908992528915405,0.7540345788002014,0.49595609307289124,0.3289315402507782
116,0.6897684335708618,0.7441889047622681,0.49768224358558655,0.32960328459739685
117,0.6868869066238403,0.7419942021369934,0.4969070255756378,0.32514724135398865
118,0.6964390277862549,0.7393149137496948,0.5010626912117004,0.3277018666267395
119,0.6878947019577026,0.7477205991744995,0.49891623854637146,0.3287946581840515
120,0.6911303997039795,0.7404764294624329,0.49998629093170166,0.3324683606624603
121,0.6918349266052246,0.7468370795249939,0.501063346862793,0.33107683062553406
122,0.6895291805267334,0.7547338008880615,0.49479565024375916,0.3287810683250427
123,0.6914968490600586,0.747046172618866,0.4955732822418213,0.32591480016708374
124,0.6929177045822144,0.752229630947113,0.5024354457855225,0.332660436630249
125,0.6909947395324707,0.7441498041152954,0.4988790452480316,0.33042609691619873
126,0.688246488571167,0.7492713928222656,0.49829205870628357,0.3309325575828552
127,0.6887028217315674,0.7458813786506653,0.4977249205112457,0.3321996331214905
128,0.697187066078186,0.7454967498779297,0.4971010684967041,0.3293430209159851
129,0.6899410486221313,0.741722583770752,0.500201940536499,0.3350621461868286
130,0.6915966272354126,0.7433646321296692,0.5009362101554871,0.33268311619758606
131,0.6862074136734009,0.7424854040145874,0.498375803232193,0.33222854137420654
132,0.6883583068847656,0.7508482933044434,0.4996618330478668,0.3325503170490265
133,0.6873743534088135,0.7412829399108887,0.5006707310676575,0.3333514332771301
134,0.6889121532440186,0.7404190301895142,0.5023108124732971,0.3359226882457733
135,0.6937741041183472,0.7410707473754883,0.4975934326648712,0.32885751128196716
136,0.6926536560058594,0.7395644187927246,0.49582087993621826,0.32857051491737366
137,0.6908917427062988,0.7447215914726257,0.5010672211647034,0.33459603786468506
138,0.6898343563079834,0.7485912442207336,0.501653790473938,0.3317439556121826
139,0.6908692121505737,0.7553235292434692,0.49944519996643066,0.33349448442459106
140,0.6891512870788574,0.7455170750617981,0.5028679966926575,0.33215585350990295
141,0.693475604057312,0.7481315732002258,0.49294185638427734,0.3309931457042694
142,0.6909770965576172,0.746301531791687,0.4988001585006714,0.3319803774356842
143,0.6910961866378784,0.7458392977714539,0.5073294043540955,0.3387898802757263
144,0.6949431896209717,0.7409763336181641,0.49457359313964844,0.33096033334732056
145,0.6918542385101318,0.746052622795105,0.4987087547779083,0.33542048931121826
146,0.6945589780807495,0.7422451376914978,0.49565446376800537,0.3275958299636841
147,0.6922544240951538,0.74769127368927,0.5055517554283142,0.3361359238624573
148,0.6923420429229736,0.7390024065971375,0.5021069049835205,0.3381194770336151
149,0.6965587139129639,0.744244396686554,0.49684277176856995,0.3335793912410736
150,0.6949754953384399,0.7450574040412903,0.49516546726226807,0.33462202548980713
151,0.6919714212417603,0.7475332021713257,0.5014554858207703,0.3366304636001587
152,0.6912460923194885,0.7378856539726257,0.5043908953666687,0.33899763226509094
153,0.6890888214111328,0.7438021898269653,0.5013894438743591,0.3325411081314087
154,0.6906441450119019,0.7361614108085632,0.5071874260902405,0.3384133279323578
155,0.6936684846878052,0.7479543685913086,0.5071933269500732,0.3399374783039093
156,0.6903624534606934,0.7451314330101013,0.50002521276474,0.3390143811702728
157,0.6899213790893555,0.7441654801368713,0.5009594559669495,0.3369196653366089
158,0.6929848194122314,0.7450775504112244,0.5057430267333984,0.3405451476573944
159,0.6915558576583862,0.7440289258956909,0.5060615539550781,0.34281620383262634
160,0.6912020444869995,0.7417994737625122,0.4984428882598877,0.33595550060272217
161,0.6923465728759766,0.7473759651184082,0.4993641674518585,0.33366113901138306
162,0.694383978843689,0.7453093528747559,0.4918399155139923,0.3291259706020355
163,0.6933004856109619,0.7465018630027771,0.49847403168678284,0.3346634805202484
164,0.6917219161987305,0.7427574396133423,0.509907066822052,0.34019210934638977
165,0.6919165253639221,0.7433996796607971,0.4939042627811432,0.33182385563850403
166,0.6905869245529175,0.7420963048934937,0.49509167671203613,0.33691343665122986
167,0.6947842836380005,0.7388370633125305,0.5012263655662537,0.3354294002056122
168,0.6907401084899902,0.7489804029464722,0.5009626150131226,0.3344598710536957
169,0.6928467154502869,0.741140604019165,0.5009355545043945,0.3329754173755646
170,0.6916227340698242,0.7423422336578369,0.5082059502601624,0.3409601151943207
171,0.6921855211257935,0.7388871908187866,0.5053090453147888,0.33990907669067383
172,0.6933242678642273,0.7447712421417236,0.49538466334342957,0.3335716426372528
173,0.6929823160171509,0.7402988076210022,0.5028831362724304,0.33920884132385254
174,0.6941196322441101,0.742251455783844,0.5037827491760254,0.3424012362957001
175,0.6922410726547241,0.7456826567649841,0.49757298827171326,0.3345325291156769
176,0.6928635835647583,0.7443704009056091,0.4976588189601898,0.3313536047935486
177,0.6923969388008118,0.744516134262085,0.49899816513061523,0.3323138654232025
178,0.6908528804779053,0.7411728501319885,0.5006921887397766,0.3339233100414276
179,0.6941311359405518,0.7416977882385254,0.5090627670288086,0.34505128860473633
180,0.6906241178512573,0.7395874261856079,0.4981529414653778,0.33351361751556396
181,0.6906392574310303,0.7431438565254211,0.5026984214782715,0.33588555455207825
182,0.6920312643051147,0.7436874508857727,0.49899283051490784,0.33264872431755066
183,0.6919650435447693,0.7427671551704407,0.4936896562576294,0.32967597246170044
184,0.6923470497131348,0.7478154301643372,0.5019240975379944,0.33684635162353516
185,0.691561222076416,0.7440109252929688,0.4995105266571045,0.3299550712108612
186,0.6928895115852356,0.7443907856941223,0.5021573901176453,0.3329118490219116
187,0.691835880279541,0.7399954795837402,0.4995613992214203,0.3359263241291046
188,0.6922571659088135,0.7426035404205322,0.4977205991744995,0.3315049707889557
189,0.6912295818328857,0.7459460496902466,0.5017924904823303,0.3362358808517456
190,0.6912392377853394,0.7453999519348145,0.4992635250091553,0.33644285798072815
191,0.6904727220535278,0.7382248044013977,0.49272456765174866,0.32959607243537903
192,0.6943398118019104,0.7402065992355347,0.4994305372238159,0.3376005291938782
193,0.6915160417556763,0.7376400232315063,0.49369701743125916,0.3296796679496765
194,0.6895837783813477,0.7381729483604431,0.5010569095611572,0.3350798487663269
195,0.6912882924079895,0.7402472496032715,0.5000222325325012,0.3355519473552704
196,0.6925089359283447,0.7420715093612671,0.5008871555328369,0.33453258872032166
197,0.6914640665054321,0.7427781224250793,0.49886980652809143,0.33437013626098633
198,0.6928329467773438,0.7418551445007324,0.49376845359802246,0.3324597179889679
199,0.6909273266792297,0.742077648639679,0.4973038136959076,0.3353014588356018
200,0.6925798654556274,0.739489734172821,0.4994327127933502,0.33386969566345215
201,0.691146969795227,0.7439174652099609,0.4975471794605255,0.3293096125125885
202,0.6918781995773315,0.7401313781738281,0.5044682621955872,0.33245787024497986
203,0.6911311149597168,0.7405844330787659,0.49541735649108887,0.3325805366039276
204,0.6915332674980164,0.7423005700111389,0.49825701117515564,0.3313102722167969
205,0.6921340227127075,0.740066409111023,0.502943217754364,0.33648398518562317
206,0.6939613819122314,0.7433462142944336,0.5016798377037048,0.33004191517829895
207,0.6929389238357544,0.7402653694152832,0.4947277009487152,0.32990458607673645
208,0.6910133957862854,0.741017758846283,0.4998352527618408,0.33159226179122925
209,0.6916418075561523,0.7440401911735535,0.5052467584609985,0.3344719111919403
210,0.6911088228225708,0.740428626537323,0.5002471804618835,0.33574408292770386
211,0.6910620331764221,0.7446267604827881,0.49317219853401184,0.33172541856765747
212,0.6901723742485046,0.743327260017395,0.4967474639415741,0.3311370015144348
213,0.69492107629776,0.7404879331588745,0.4930814802646637,0.33151429891586304
214,0.6907230615615845,0.743276834487915,0.49471041560173035,0.33004534244537354
215,0.6927088499069214,0.7441893815994263,0.506443977355957,0.3367139399051666
216,0.6931583881378174,0.7422142028808594,0.4949745237827301,0.33361509442329407
217,0.6922290921211243,0.7405952215194702,0.5023471713066101,0.3362756371498108
218,0.6908053755760193,0.7467716932296753,0.4909776747226715,0.3288145065307617
219,0.6937868595123291,0.7419924139976501,0.4998694658279419,0.3330896198749542
220,0.6907943487167358,0.7440851926803589,0.5083115100860596,0.34002676606178284
221,0.6943795680999756,0.739161491394043,0.49579286575317383,0.33333149552345276
222,0.6908451318740845,0.7439337372779846,0.5080788731575012,0.3393365442752838
223,0.6907413005828857,0.7404041290283203,0.492966890335083,0.33067038655281067
224,0.6910999417304993,0.744882345199585,0.5003851056098938,0.3309621810913086
225,0.6929302215576172,0.7407188415527344,0.4981774389743805,0.3335604965686798
226,0.6927732229232788,0.7422891855239868,0.4975924789905548,0.3299705982208252
227,0.6911491751670837,0.7423014044761658,0.5001546740531921,0.33379483222961426
228,0.690592885017395,0.7439209222793579,0.49781808257102966,0.3353596031665802
229,0.6916072368621826,0.7420665621757507,0.4921383559703827,0.32002583146095276
230,0.6904391050338745,0.7471042275428772,0.49838605523109436,0.3354506194591522
231,0.6916776895523071,0.7390434741973877,0.4996039867401123,0.3321390748023987
232,0.6940209865570068,0.7396144866943359,0.4971047639846802,0.32946303486824036
233,0.6919001340866089,0.7397844195365906,0.5010571479797363,0.3304639458656311
234,0.691676139831543,0.7407652139663696,0.501095712184906,0.3301291763782501
235,0.6916486024856567,0.7407959699630737,0.49519243836402893,0.32906588912010193
236,0.6927443146705627,0.7452431321144104,0.4967482388019562,0.3315116763114929
237,0.6898207664489746,0.7425863742828369,0.5025280117988586,0.33657509088516235
238,0.692542314529419,0.7431575655937195,0.5015661716461182,0.3325684666633606
239,0.6935865879058838,0.744271993637085,0.4977894127368927,0.3353087306022644
240,0.6919565200805664,0.7386950254440308,0.5024191737174988,0.3310806453227997
241,0.6910530924797058,0.7397029399871826,0.504784107208252,0.3318125605583191
242,0.6923674941062927,0.741696834564209,0.49858787655830383,0.33474627137184143
243,0.691662073135376,0.7420974373817444,0.49620112776756287,0.3273945748806
244,0.6947171092033386,0.7410341501235962,0.5021387934684753,0.33466920256614685
245,0.6947863101959229,0.7420022487640381,0.5001718997955322,0.33205103874206543
246,0.6936056017875671,0.7420399188995361,0.4930548667907715,0.3295730948448181
247,0.6923334002494812,0.743750274181366,0.504949152469635,0.3382280766963959
248,0.6912527084350586,0.7398255467414856,0.5061390995979309,0.3366144895553589
249,0.6918317675590515,0.7418211698532104,0.5024218559265137,0.3366018533706665
250,0.691196084022522,0.742436945438385,0.5136969089508057,0.34228968620300293
251,0.6906067132949829,0.740197479724884,0.4930966794490814,0.32910504937171936
252,0.6919828653335571,0.7408552765846252,0.49816906452178955,0.3290940523147583
253,0.6912823915481567,0.7441074252128601,0.4979736804962158,0.3315431773662567
254,0.6921803951263428,0.7463405728340149,0.5031590461730957,0.3327392041683197
255,0.6933845281600952,0.7448159456253052,0.49356135725975037,0.3290618062019348
256,0.6919485330581665,0.7427561283111572,0.49560126662254333,0.3297508656978607
257,0.6918330192565918,0.7440447807312012,0.49978962540626526,0.3327711820602417
258,0.6899294257164001,0.7438335418701172,0.5091259479522705,0.33462753891944885
259,0.6926441192626953,0.738919734954834,0.49764522910118103,0.3319156765937805
260,0.6917979717254639,0.7430210709571838,0.49153196811676025,0.32766836881637573
261,0.6932471990585327,0.741020679473877,0.4962488114833832,0.3308907449245453
262,0.6922582387924194,0.7397123575210571,0.5013708472251892,0.3319495916366577
263,0.692477822303772,0.7433700561523438,0.5055639147758484,0.3368988335132599
264,0.6921409964561462,0.7420570254325867,0.5020959973335266,0.3326821029186249
265,0.6920831203460693,0.7415187954902649,0.4956374168395996,0.3283739387989044
266,0.6920552253723145,0.7402448058128357,0.5027808547019958,0.33386772871017456
267,0.6880679130554199,0.7416553497314453,0.49434348940849304,0.33027932047843933
268,0.6927425861358643,0.7409024834632874,0.49934449791908264,0.3338484764099121
269,0.6903166770935059,0.7459350824356079,0.4896125793457031,0.3316632807254791
270,0.6926460266113281,0.7412533760070801,0.5009459257125854,0.33685413002967834
271,0.6917155981063843,0.7425922751426697,0.4986656606197357,0.33637991547584534
272,0.6935595273971558,0.7463131546974182,0.5045280456542969,0.33827099204063416
273,0.6906854510307312,0.7406481504440308,0.4912443161010742,0.32906925678253174
274,0.6949829459190369,0.7446765899658203,0.5057324171066284,0.34171411395072937
275,0.6916213035583496,0.7436299920082092,0.4971708357334137,0.3317437171936035
276,0.6918293237686157,0.7441996932029724,0.5033740401268005,0.3350990414619446
277,0.6904662847518921,0.7403423190116882,0.4942638874053955,0.329475075006485
278,0.6890764236450195,0.7419854402542114,0.49858537316322327,0.3332675099372864
279,0.6917966604232788,0.7431361079216003,0.4921513795852661,0.3295366168022156
280,0.6905242204666138,0.7394879460334778,0.49893760681152344,0.33073514699935913
281,0.6922411918640137,0.7394448518753052,0.4978017807006836,0.33198389410972595
282,0.693105936050415,0.7412750720977783,0.5012219548225403,0.33408406376838684
283,0.6912485361099243,0.7435218691825867,0.4910100996494293,0.3263070285320282
284,0.6919231414794922,0.741172730922699,0.492901474237442,0.32994216680526733
285,0.6909928321838379,0.7451640963554382,0.5011993646621704,0.33576709032058716
286,0.6919057369232178,0.7415856719017029,0.5010625720024109,0.3285968005657196
287,0.6922615766525269,0.7410774230957031,0.4983045756816864,0.33422401547431946
288,0.6911496520042419,0.7437642216682434,0.49773696064949036,0.3312610685825348
289,0.6931902170181274,0.7416338324546814,0.5033701062202454,0.339224636554718
290,0.6937768459320068,0.7474465370178223,0.5079904198646545,0.3369084298610687
291,0.6917325258255005,0.741864800453186,0.4932977259159088,0.32887130975723267
292,0.6922188997268677,0.7383366227149963,0.5034998059272766,0.3377978503704071
293,0.6936434507369995,0.7414320707321167,0.491426557302475,0.32740721106529236
294,0.691892147064209,0.7401999831199646,0.4939460754394531,0.32705897092819214
295,0.6922889947891235,0.7392288446426392,0.4936157166957855,0.3278487026691437
296,0.6945393681526184,0.7418923377990723,0.5018454194068909,0.3311315178871155
297,0.6911001205444336,0.745678722858429,0.4974074363708496,0.3268253803253174
298,0.6918792724609375,0.7419261932373047,0.4962174892425537,0.33076679706573486
299,0.6911324858665466,0.7436227202415466,0.49755772948265076,0.3334691822528839
300,0.6910911798477173,0.7424283623695374,0.49271807074546814,0.3278117775917053
301,0.6907736659049988,0.7426368594169617,0.49395033717155457,0.3270412087440491
302,0.691601037979126,0.7415528893470764,0.5095167756080627,0.34136512875556946
303,0.6935268640518188,0.7397875785827637,0.5042945742607117,0.3423640727996826
304,0.6917564868927002,0.7423179745674133,0.4916051924228668,0.32924219965934753
305,0.6924428939819336,0.7388560175895691,0.49583402276039124,0.33335086703300476
306,0.693098783493042,0.7399086952209473,0.5028390884399414,0.3337618112564087
307,0.6926863789558411,0.7411223649978638,0.5005257725715637,0.33332404494285583
308,0.6917401552200317,0.7407803535461426,0.4982670545578003,0.3357764482498169
309,0.6913304328918457,0.7435539364814758,0.4958902597427368,0.3296675980091095
310,0.6913385391235352,0.7419667840003967,0.5050860643386841,0.33871302008628845
311,0.6934430599212646,0.7409892082214355,0.5000860095024109,0.3300153911113739
312,0.6908942461013794,0.7415509223937988,0.5046879649162292,0.3372266888618469
313,0.6926184296607971,0.7402968406677246,0.5035675168037415,0.33585241436958313
314,0.6933379173278809,0.7418203353881836,0.4916273057460785,0.3339538872241974
315,0.6924774646759033,0.741789698600769,0.49927136301994324,0.33489862084388733
316,0.6924505233764648,0.7414467930793762,0.49983450770378113,0.3351380228996277
317,0.6936848163604736,0.741287350654602,0.49788931012153625,0.33324071764945984
318,0.6929224729537964,0.7446922063827515,0.49726858735084534,0.32997244596481323
319,0.6927006244659424,0.7418934106826782,0.4925406873226166,0.3304315507411957
320,0.6924374103546143,0.7402445077896118,0.48982128500938416,0.3276793658733368
321,0.6921899318695068,0.7408973574638367,0.49727126955986023,0.333893746137619
322,0.6914699077606201,0.7434465885162354,0.4933464527130127,0.3274928629398346
323,0.6918154954910278,0.7443308234214783,0.5027723908424377,0.33779558539390564
324,0.6925927996635437,0.7443293333053589,0.4933417737483978,0.3281111419200897
325,0.6934939622879028,0.7422441244125366,0.4987051486968994,0.3326457440853119
326,0.6916006803512573,0.7403203845024109,0.5024067759513855,0.33347493410110474
327,0.6913081407546997,0.7422541379928589,0.4938790798187256,0.32654738426208496
328,0.6920300722122192,0.7410913109779358,0.49907100200653076,0.3323773741722107
329,0.6914858818054199,0.7406260967254639,0.5025794506072998,0.3344542384147644
330,0.6907159090042114,0.738548755645752,0.49380674958229065,0.33485397696495056
331,0.6919461488723755,0.7461227178573608,0.5028349757194519,0.3360394835472107
332,0.6911320686340332,0.7422432899475098,0.4955456256866455,0.333696186542511
333,0.6915946006774902,0.7432780861854553,0.4899581968784332,0.32758983969688416
334,0.6910426616668701,0.7420756816864014,0.49560144543647766,0.33175769448280334
335,0.6925663948059082,0.7396882176399231,0.5112038254737854,0.34436967968940735
336,0.6929048299789429,0.7435835599899292,0.49405035376548767,0.3323822319507599
337,0.6912040114402771,0.742508053779602,0.4978998899459839,0.334738552570343
338,0.6931011080741882,0.7406327128410339,0.48603102564811707,0.32650840282440186
339,0.6923841238021851,0.7425235509872437,0.5015135407447815,0.33926209807395935
340,0.6908124685287476,0.7439776062965393,0.5078697204589844,0.33493828773498535
341,0.6914981603622437,0.7410109043121338,0.494530588388443,0.3297545313835144
342,0.6923376321792603,0.7453044652938843,0.5064525008201599,0.33836087584495544
343,0.6928233504295349,0.7406785488128662,0.4899662733078003,0.3303249776363373
344,0.692637026309967,0.7420628666877747,0.5000460743904114,0.33778098225593567
345,0.692692756652832,0.7421378493309021,0.50422602891922,0.3393276035785675
346,0.6911090612411499,0.7412818074226379,0.4898196756839752,0.33190104365348816
347,0.6911053657531738,0.7417534589767456,0.5065162181854248,0.33932822942733765
348,0.692693829536438,0.7422017455101013,0.49780842661857605,0.3314077854156494
349,0.691643476486206,0.7412358522415161,0.5003232359886169,0.33607226610183716
350,0.693122923374176,0.7396977543830872,0.505848228931427,0.33861058950424194
351,0.6922067999839783,0.7407652139663696,0.4928906261920929,0.3262329697608948
352,0.6929999589920044,0.7388225793838501,0.4982825815677643,0.3300400674343109
353,0.6926419734954834,0.7408265471458435,0.49816539883613586,0.3295813500881195
354,0.694282054901123,0.7426502704620361,0.5037947297096252,0.337166965007782
355,0.6931648254394531,0.7400240898132324,0.4928492605686188,0.3316711187362671
356,0.6917122602462769,0.7451556921005249,0.49817129969596863,0.3322211802005768
357,0.6915880441665649,0.7412740588188171,0.5040311813354492,0.33746442198753357
358,0.6913655996322632,0.7440186738967896,0.5002762675285339,0.33672410249710083
359,0.6912179589271545,0.7436939477920532,0.5034357905387878,0.336750328540802
360,0.6922545433044434,0.7425471544265747,0.5007097125053406,0.33790650963783264
361,0.693888247013092,0.743092954158783,0.49936655163764954,0.3373182713985443
362,0.6920759081840515,0.7415943145751953,0.5094111561775208,0.33816370368003845
363,0.6913127899169922,0.7402530908584595,0.49914994835853577,0.330678790807724
364,0.6923592686653137,0.7419701218605042,0.501627504825592,0.3354130685329437
365,0.6923285722732544,0.7440752387046814,0.4940640926361084,0.33187443017959595
366,0.6916311979293823,0.7413045167922974,0.4930078983306885,0.3285185396671295
367,0.693224310874939,0.7382128238677979,0.4901808500289917,0.33104899525642395
368,0.6920686364173889,0.7436699867248535,0.5017709136009216,0.3338955342769623
369,0.6932728290557861,0.7422475218772888,0.503637969493866,0.33750617504119873
370,0.6929492950439453,0.7444069981575012,0.4981299340724945,0.3338012099266052
371,0.6911843419075012,0.7439702153205872,0.4949347972869873,0.33191683888435364
372,0.6924117803573608,0.7436423301696777,0.48600491881370544,0.32535991072654724
373,0.6931975483894348,0.7390788793563843,0.4942282736301422,0.33160200715065
374,0.6927180290222168,0.7439279556274414,0.4998444616794586,0.3343551754951477
375,0.69135582447052,0.7439384460449219,0.4996251165866852,0.3330668807029724
376,0.6922446489334106,0.7406946420669556,0.48792290687561035,0.32659631967544556
377,0.6923742890357971,0.7437275052070618,0.4992965757846832,0.3328455090522766
378,0.6913783550262451,0.741603672504425,0.5090141892433167,0.34221479296684265
379,0.6939629912376404,0.739391028881073,0.4939189851284027,0.32488900423049927
380,0.6925259232521057,0.7401723861694336,0.49969613552093506,0.33491867780685425
381,0.6925860643386841,0.740094006061554,0.49811825156211853,0.33318817615509033
382,0.6927084922790527,0.7424510717391968,0.49763497710227966,0.3332354724407196
383,0.6930038332939148,0.7391624450683594,0.5104156136512756,0.3414858877658844
384,0.6921823024749756,0.7403546571731567,0.4925973415374756,0.3313518464565277
385,0.6924393773078918,0.7432233095169067,0.500662088394165,0.3318871557712555
386,0.6918739080429077,0.7414599061012268,0.5046445727348328,0.33620738983154297
387,0.6920137405395508,0.7397261261940002,0.4972134530544281,0.3342428207397461
388,0.6920580863952637,0.7414060235023499,0.5036045908927917,0.3345767557621002
389,0.6906537413597107,0.7405328154563904,0.5055648684501648,0.33369600772857666
390,0.6907323002815247,0.7424030303955078,0.4976348578929901,0.3352939486503601
391,0.6917791962623596,0.7406403422355652,0.49377599358558655,0.3310377597808838
392,0.6925160884857178,0.7407488822937012,0.5092575550079346,0.3371198773384094
393,0.6920703649520874,0.7396361827850342,0.4988888204097748,0.33314573764801025
394,0.6924810409545898,0.741274356842041,0.4985189139842987,0.3360435664653778
395,0.6932587623596191,0.7402817010879517,0.4971939027309418,0.33294564485549927
396,0.6912956237792969,0.7437238097190857,0.49338623881340027,0.3330676257610321
397,0.6926181316375732,0.7417208552360535,0.4948770999908447,0.3359248638153076
398,0.6929346919059753,0.7416450381278992,0.4980689287185669,0.33103254437446594
399,0.6923917531967163,0.7419353127479553,0.49396952986717224,0.3284595012664795
400,0.6921654939651489,0.7434762120246887,0.49955037236213684,0.3346608877182007
401,0.6911630034446716,0.7421737909317017,0.5002294182777405,0.3360326588153839
402,0.6920630931854248,0.7418557405471802,0.49476638436317444,0.3297637403011322
403,0.6927599906921387,0.7422341704368591,0.5051563382148743,0.33365967869758606
404,0.6926507949829102,0.7418734431266785,0.49614036083221436,0.3364604711532593
405,0.6911711692810059,0.7425071001052856,0.5011078119277954,0.3357130289077759
406,0.6927297115325928,0.741465151309967,0.49236050248146057,0.3265681564807892
407,0.6917760968208313,0.7427543997764587,0.5013707280158997,0.33194494247436523
408,0.6937503218650818,0.7417073845863342,0.4954080283641815,0.33182430267333984
409,0.6914387345314026,0.7419419288635254,0.5029233694076538,0.3326122462749481
410,0.6931107044219971,0.7428666353225708,0.5037035346031189,0.33355727791786194
411,0.6921577453613281,0.7406061887741089,0.4988686740398407,0.33061641454696655
412,0.6922325491905212,0.7408947944641113,0.5001881718635559,0.3344956040382385
413,0.6915388703346252,0.7405692934989929,0.5019617080688477,0.3351891338825226
414,0.6930506825447083,0.7431328892707825,0.49936047196388245,0.3331694006919861
415,0.6927915811538696,0.7415716648101807,0.5024855136871338,0.3378795087337494
416,0.692906379699707,0.7411226630210876,0.49866750836372375,0.3362797498703003
417,0.6927846074104309,0.7428616881370544,0.5009915232658386,0.336667001247406
418,0.6921550631523132,0.7401846647262573,0.5027288794517517,0.33766883611679077
419,0.692206621170044,0.7419657111167908,0.5053653717041016,0.34061235189437866
420,0.691297173500061,0.7419387698173523,0.5043118000030518,0.3317262828350067
421,0.6916912794113159,0.7404894232749939,0.4802527129650116,0.3226727843284607
422,0.692223846912384,0.7424716949462891,0.507419764995575,0.33829474449157715
423,0.6923515796661377,0.7410330176353455,0.4937974512577057,0.3307035267353058
424,0.6918619871139526,0.74104905128479,0.49420270323753357,0.33197981119155884
425,0.6925970315933228,0.7420982718467712,0.5037746429443359,0.3353731632232666
426,0.6936098337173462,0.7427038550376892,0.5015609860420227,0.3341759145259857
427,0.69193434715271,0.7393031120300293,0.49309930205345154,0.33008667826652527
428,0.6934010982513428,0.7421758770942688,0.5040904879570007,0.3366585969924927
429,0.6915000677108765,0.7434766292572021,0.49409544467926025,0.3330976963043213
430,0.6921373605728149,0.7410500049591064,0.5051255822181702,0.3383632302284241
431,0.6926251649856567,0.7436416149139404,0.5000610947608948,0.33739402890205383
432,0.6921041011810303,0.7419874668121338,0.5037210583686829,0.3360329568386078
433,0.6922662258148193,0.740211009979248,0.5000404715538025,0.3325115740299225
434,0.6923109889030457,0.7420350313186646,0.4994140565395355,0.3309609889984131
435,0.6919578909873962,0.7416366338729858,0.49399152398109436,0.32909268140792847
436,0.6924982070922852,0.7422314286231995,0.504682719707489,0.3376865088939667
437,0.6915575861930847,0.742016613483429,0.49174198508262634,0.3337588906288147
438,0.6921897530555725,0.7405616641044617,0.5007144808769226,0.336058646440506
439,0.6927433609962463,0.741580605506897,0.5044314861297607,0.33820733428001404
440,0.6920832395553589,0.7426265478134155,0.500251829624176,0.33381015062332153
441,0.6920486092567444,0.7406602501869202,0.5024542212486267,0.335111141204834
442,0.6922059655189514,0.7411197423934937,0.49341145157814026,0.3312086760997772
443,0.6928211450576782,0.7415825128555298,0.5067756175994873,0.34070661664009094
444,0.6930274963378906,0.7404130101203918,0.491777628660202,0.3291277289390564
445,0.6921229362487793,0.7401299476623535,0.5029382109642029,0.3389304280281067
446,0.6915880441665649,0.7424032688140869,0.503200113773346,0.3302902579307556
447,0.691888689994812,0.7413486242294312,0.49045610427856445,0.3297678828239441
448,0.6928366422653198,0.7415263652801514,0.49207744002342224,0.32953599095344543
449,0.6913335919380188,0.743515133857727,0.49919161200523376,0.3339567482471466
450,0.691203236579895,0.7398815155029297,0.5027196407318115,0.3328951597213745
451,0.6915469169616699,0.7413392066955566,0.4946434795856476,0.3281920552253723
452,0.691927433013916,0.7412867546081543,0.5020268559455872,0.3397011160850525
453,0.6919100284576416,0.7423598170280457,0.49912503361701965,0.33183473348617554
454,0.6919213533401489,0.7437810301780701,0.5013854503631592,0.33434727787971497
455,0.6921161413192749,0.7416525483131409,0.490964412689209,0.3294329345226288
456,0.6919122934341431,0.7410054206848145,0.48568716645240784,0.32644063234329224
457,0.6921513080596924,0.7428607940673828,0.49084529280662537,0.3285265862941742
458,0.6908718943595886,0.7413785457611084,0.4994180500507355,0.3353487551212311
459,0.6921170949935913,0.7419048547744751,0.4907199442386627,0.3319757878780365
460,0.6918401718139648,0.7417451739311218,0.505716860294342,0.3365451693534851
461,0.6908260583877563,0.7440805435180664,0.49650344252586365,0.335478276014328
462,0.6925867199897766,0.7390402555465698,0.49941155314445496,0.3373970091342926
463,0.6918526887893677,0.7434305548667908,0.5089967846870422,0.34236279129981995
464,0.6921898126602173,0.7421656250953674,0.5042714476585388,0.33807405829429626
465,0.6920915842056274,0.7430281639099121,0.5023713707923889,0.33210405707359314
466,0.6921203136444092,0.7416125535964966,0.49856820702552795,0.33824142813682556
467,0.6921731233596802,0.742059588432312,0.5060210824012756,0.3364465534687042
468,0.6922693848609924,0.7427785992622375,0.4989825189113617,0.3326573669910431
469,0.693230926990509,0.7396278977394104,0.49685096740722656,0.3351435959339142
470,0.6916938424110413,0.7403719425201416,0.5033677220344543,0.33710941672325134
471,0.6912130117416382,0.7403774857521057,0.4986417293548584,0.333688884973526
472,0.6913065910339355,0.7395299673080444,0.5050516724586487,0.33852213621139526
473,0.6925070881843567,0.7423160076141357,0.496618390083313,0.335957407951355
474,0.6920239925384521,0.7412386536598206,0.49275681376457214,0.32686761021614075
475,0.6919745206832886,0.7426864504814148,0.5004134178161621,0.3362300992012024
476,0.6917213201522827,0.7419238686561584,0.49188098311424255,0.3256951570510864
477,0.6928844451904297,0.7378935217857361,0.49410149455070496,0.32766178250312805
478,0.6922516226768494,0.7423825860023499,0.5007062554359436,0.3339025378227234
479,0.6921801567077637,0.7423232197761536,0.5038271546363831,0.3371742069721222
480,0.6922646760940552,0.7409073114395142,0.4929184913635254,0.3277609944343567
481,0.691652774810791,0.7409080266952515,0.5067933797836304,0.336346834897995
482,0.6919001340866089,0.7410667538642883,0.49743303656578064,0.33039411902427673
483,0.6924904584884644,0.7407429218292236,0.4977048933506012,0.3281930088996887
484,0.6918160915374756,0.7408219575881958,0.4935387372970581,0.3292314410209656
485,0.6922025680541992,0.7426614761352539,0.5030669569969177,0.33472752571105957
486,0.6922476291656494,0.7420746088027954,0.4933978021144867,0.3304361402988434
487,0.6918496489524841,0.742239773273468,0.5047492980957031,0.3373822569847107
488,0.6910610795021057,0.7433714270591736,0.49475106596946716,0.3272687792778015
489,0.6922962665557861,0.7417631149291992,0.49436601996421814,0.32976633310317993
490,0.6919518709182739,0.7440593838691711,0.49346300959587097,0.3349916338920593
491,0.6917845010757446,0.7416048645973206,0.4851588308811188,0.32716360688209534
492,0.6921544075012207,0.7436744570732117,0.5061962604522705,0.3394920825958252
493,0.691804051399231,0.7395411729812622,0.4946594536304474,0.3321808874607086
494,0.6919947266578674,0.7424739003181458,0.5048401951789856,0.3414671719074249
495,0.692423939704895,0.7438373565673828,0.49206995964050293,0.32911115884780884
496,0.6917129755020142,0.7412498593330383,0.49621710181236267,0.3359083831310272
497,0.6920652389526367,0.7422341704368591,0.5057783126831055,0.33727818727493286
498,0.6921901106834412,0.7426641583442688,0.49348655343055725,0.3285403549671173
499,0.6930174827575684,0.7407601475715637,0.49972257018089294,0.33461111783981323
500,0.6913818120956421,0.7408042550086975,0.4899384081363678,0.32922816276550293
501,0.6920466423034668,0.7417749762535095,0.5124098658561707,0.3431783616542816
502,0.6924597024917603,0.7407771944999695,0.4927494525909424,0.329450786113739
503,0.6922613382339478,0.7428139448165894,0.5066127777099609,0.33699604868888855
504,0.6913286447525024,0.7435017228126526,0.4973611831665039,0.33256474137306213
505,0.6921535730361938,0.740567684173584,0.49780115485191345,0.3314549922943115
506,0.6916618347167969,0.7410402297973633,0.5068613886833191,0.3355838358402252
507,0.6915769577026367,0.7422847151756287,0.49776574969291687,0.3303757607936859
508,0.690889298915863,0.7429885864257812,0.4948708117008209,0.33276739716529846
509,0.6914140582084656,0.7428001165390015,0.5026366710662842,0.3278912603855133
510,0.6930973529815674,0.7429729700088501,0.506287157535553,0.33378803730010986
511,0.6923198699951172,0.7437956929206848,0.4912700653076172,0.3325994312763214
512,0.6912195682525635,0.7408984899520874,0.5052270889282227,0.33386075496673584
513,0.6919360160827637,0.7409123778343201,0.5077372193336487,0.3425392806529999
514,0.6915738582611084,0.7410023808479309,0.49473080039024353,0.3326488435268402
515,0.6922534704208374,0.7423386573791504,0.503872275352478,0.33574602007865906
516,0.6920803785324097,0.7412772178649902,0.4836246967315674,0.32551369071006775
517,0.6922051310539246,0.7423748970031738,0.5010494589805603,0.33630144596099854
518,0.6919423341751099,0.7394074201583862,0.4991416931152344,0.3306763768196106
519,0.6925238966941833,0.7430738806724548,0.494771271944046,0.3376798927783966
520,0.6914724111557007,0.7423540353775024,0.5068262219429016,0.3415680527687073
521,0.69158935546875,0.7430269718170166,0.49741220474243164,0.3286048173904419
522,0.6920645236968994,0.7403303980827332,0.5022086501121521,0.3337402045726776
523,0.6916885375976562,0.741433322429657,0.5005617141723633,0.33407750725746155
524,0.6928263902664185,0.740805983543396,0.49912890791893005,0.33364054560661316
525,0.6912418603897095,0.7416727542877197,0.5006722807884216,0.33755388855934143
526,0.6933605670928955,0.7428649663925171,0.4975479543209076,0.33184418082237244
527,0.6913869380950928,0.7426342964172363,0.5111585855484009,0.3451535701751709
528,0.6919665932655334,0.7417430281639099,0.497036337852478,0.3369753658771515
529,0.6920207738876343,0.7403532862663269,0.4986647665500641,0.32739776372909546
530,0.6927394866943359,0.7400926947593689,0.489653617143631,0.32824790477752686
531,0.6926814317703247,0.7427460551261902,0.4923436641693115,0.33132487535476685
532,0.6919665336608887,0.7426771521568298,0.49918901920318604,0.3377889096736908
533,0.690706729888916,0.7423700094223022,0.507973849773407,0.3386515974998474
534,0.6920760273933411,0.7429866790771484,0.4919629395008087,0.33036571741104126
535,0.6920357942581177,0.7425389289855957,0.4912685453891754,0.3267607092857361
536,0.6916338205337524,0.7418389320373535,0.4935430586338043,0.3309154808521271
537,0.6919102668762207,0.743040919303894,0.5097782015800476,0.33791616559028625
538,0.6925972700119019,0.7412497401237488,0.4944585859775543,0.32990479469299316
539,0.6921246647834778,0.7420052886009216,0.4994746744632721,0.3334668278694153
540,0.6905186176300049,0.7420090436935425,0.5012479424476624,0.3342757821083069
541,0.6919354200363159,0.742372989654541,0.4975654184818268,0.3346481919288635
542,0.6915931701660156,0.7398656010627747,0.5013504028320312,0.3346194624900818
543,0.6923501491546631,0.7418345808982849,0.4996830224990845,0.3326687812805176
544,0.692828893661499,0.7424779534339905,0.4849867522716522,0.32614031434059143
545,0.6917803883552551,0.7424730658531189,0.5064215064048767,0.3346707224845886
546,0.6917988061904907,0.7428463697433472,0.5014877915382385,0.3300074338912964
547,0.6918888092041016,0.7437533140182495,0.5117802023887634,0.34480050206184387
548,0.6919112205505371,0.7416818737983704,0.5002959370613098,0.33537402749061584
549,0.6917471885681152,0.7437365651130676,0.49485424160957336,0.3289628028869629
550,0.6923558712005615,0.7432823777198792,0.4990255832672119,0.33198246359825134
551,0.6924658417701721,0.7420043349266052,0.4951995313167572,0.32677310705184937
552,0.6923215389251709,0.7424460649490356,0.49277806282043457,0.32882851362228394
553,0.6917288303375244,0.7406415939331055,0.49907827377319336,0.33417829871177673
554,0.6929417252540588,0.7418107986450195,0.4968778192996979,0.3310520648956299
555,0.6907962560653687,0.743053674697876,0.4942267835140228,0.32782667875289917
556,0.6920136213302612,0.7424971461296082,0.49852433800697327,0.3312709629535675
557,0.6927014589309692,0.7416767477989197,0.4953692853450775,0.3327169120311737
558,0.6920937895774841,0.741191029548645,0.49088671803474426,0.32742586731910706
559,0.6919749975204468,0.7426159977912903,0.5019223690032959,0.339959055185318
560,0.6917315721511841,0.7430109977722168,0.4885901212692261,0.327217698097229
561,0.6922229528427124,0.7418854832649231,0.5033006072044373,0.33442240953445435
562,0.6923812627792358,0.7407587170600891,0.49156877398490906,0.33421987295150757
563,0.6929625272750854,0.7423067092895508,0.4929138720035553,0.3269760012626648
564,0.6912641525268555,0.7422568202018738,0.4870396852493286,0.32828086614608765
565,0.6907869577407837,0.7438833713531494,0.4924892485141754,0.32797160744667053
566,0.6920150518417358,0.741814911365509,0.5007701516151428,0.3309316039085388
567,0.6925438642501831,0.7430900931358337,0.4929523468017578,0.32829320430755615
568,0.6928075551986694,0.7420960068702698,0.4993774890899658,0.3339005708694458
569,0.6914843320846558,0.7430679202079773,0.4962843358516693,0.33537450432777405
570,0.6922379732131958,0.7413877844810486,0.49015164375305176,0.3288910388946533
571,0.692349374294281,0.7410504817962646,0.5024071335792542,0.33450236916542053
572,0.6916171312332153,0.7400758266448975,0.5031736493110657,0.3351508378982544
573,0.6919294595718384,0.7410072088241577,0.5081927180290222,0.3384750783443451
574,0.6916825175285339,0.7412753701210022,0.48830559849739075,0.3247392475605011
575,0.6929528713226318,0.7403565049171448,0.49475404620170593,0.33181101083755493
576,0.6917052865028381,0.7423024773597717,0.4942496716976166,0.3281305432319641
577,0.6924089193344116,0.7414576411247253,0.4985222816467285,0.33080023527145386
578,0.6914834976196289,0.7424178123474121,0.4955058991909027,0.33268290758132935
579,0.6912494897842407,0.7431725859642029,0.5003136396408081,0.33402031660079956
580,0.6917076110839844,0.7433959245681763,0.5083356499671936,0.340487003326416
581,0.691842794418335,0.7446203827857971,0.4994916021823883,0.33281123638153076
582,0.6928567886352539,0.7409708499908447,0.4900687038898468,0.32645663619041443
583,0.6928797364234924,0.7403804659843445,0.5021814703941345,0.33309414982795715
584,0.6925537586212158,0.7425632476806641,0.48672160506248474,0.3263126313686371
585,0.6916136741638184,0.7412354946136475,0.506671130657196,0.3350532650947571
586,0.692644476890564,0.7418689131736755,0.4926234483718872,0.32789522409439087
587,0.6918362379074097,0.7418382167816162,0.49540576338768005,0.3319179117679596
588,0.6916021704673767,0.7426488995552063,0.5037598013877869,0.3385375142097473
589,0.6921943426132202,0.741888701915741,0.49251389503479004,0.3267667591571808
590,0.6914229393005371,0.7431546449661255,0.5003617405891418,0.33418044447898865
591,0.692098081111908,0.7427414655685425,0.4984910488128662,0.33029913902282715
592,0.6921769380569458,0.7412930130958557,0.49905142188072205,0.3388625681400299
593,0.6916952133178711,0.7393478751182556,0.49227777123451233,0.3258523643016815
594,0.691481351852417,0.7429994940757751,0.49793434143066406,0.3342059850692749
595,0.6921336650848389,0.7415969967842102,0.5030720233917236,0.3375799357891083
596,0.6922276616096497,0.741241455078125,0.4912613332271576,0.3283036947250366
597,0.6927579641342163,0.7411834597587585,0.5025021433830261,0.3425059914588928
598,0.6912693977355957,0.7418344020843506,0.4995534121990204,0.33504435420036316
599,0.6927155256271362,0.740020215511322,0.4991263449192047,0.3357006311416626
600,0.691987931728363,0.7426146864891052,0.5061742067337036,0.3443048894405365
601,0.6916632056236267,0.7392841577529907,0.4968220293521881,0.3331137001514435
602,0.6921044588088989,0.7418103218078613,0.498616099357605,0.3276940584182739
603,0.6927310228347778,0.7414011359214783,0.4959375858306885,0.3315522074699402
604,0.692455530166626,0.7441272139549255,0.4959988594055176,0.33527275919914246
605,0.692139744758606,0.7416407465934753,0.49530020356178284,0.3335631489753723
606,0.691962718963623,0.7410296201705933,0.49484166502952576,0.3317447006702423
607,0.6923707723617554,0.7414892315864563,0.5052403807640076,0.33836567401885986
608,0.69193434715271,0.7432427406311035,0.4902271330356598,0.33122652769088745
609,0.6920437812805176,0.7418263554573059,0.509654700756073,0.34401315450668335
610,0.6914023160934448,0.741335391998291,0.5009582042694092,0.33261680603027344
611,0.6920477151870728,0.7413000464439392,0.49435630440711975,0.3376025855541229
612,0.6915751695632935,0.7417874336242676,0.4997805058956146,0.3316327631473541
613,0.6924661993980408,0.7407770156860352,0.4987078607082367,0.3380507528781891
614,0.6920507550239563,0.7408457398414612,0.48232030868530273,0.3247857689857483
615,0.691185474395752,0.7407528162002563,0.49875617027282715,0.3331899642944336
616,0.6924357414245605,0.7415465116500854,0.49502673745155334,0.33400869369506836
617,0.6911965012550354,0.7420251369476318,0.4910475015640259,0.32667025923728943
618,0.6923747062683105,0.7420734167098999,0.5007853507995605,0.3334181308746338
619,0.6917256116867065,0.7439627647399902,0.5026144981384277,0.3358427584171295
620,0.6921635866165161,0.7409873008728027,0.5007451176643372,0.3339550495147705
621,0.6934472322463989,0.7428410649299622,0.4871060848236084,0.328669935464859
622,0.6914781332015991,0.7427738904953003,0.5015232563018799,0.3306756317615509
623,0.6925264596939087,0.7435908317565918,0.48767924308776855,0.3303318917751312
624,0.6914741396903992,0.7437058091163635,0.5006749033927917,0.3377843499183655
625,0.6913679838180542,0.7405869960784912,0.5127195715904236,0.3380250632762909
626,0.6919718980789185,0.7400338649749756,0.47695478796958923,0.32300281524658203
627,0.6919125318527222,0.7421290874481201,0.5113270878791809,0.337308794260025
628,0.6926732659339905,0.7403530478477478,0.5013222098350525,0.3395591080188751
629,0.6922730207443237,0.7415462732315063,0.5102638602256775,0.3459010422229767
630,0.6926145553588867,0.7407038807868958,0.494581937789917,0.3284279704093933
631,0.6915354132652283,0.7426397204399109,0.490275502204895,0.3275820016860962
632,0.6925177574157715,0.7421479225158691,0.4835781753063202,0.3194204866886139
633,0.69188392162323,0.7425098419189453,0.4987053871154785,0.3374166488647461
634,0.6921814680099487,0.7406062483787537,0.49634695053100586,0.33714988827705383
635,0.69050133228302,0.7423292994499207,0.49886855483055115,0.33657750487327576
636,0.6921631693840027,0.7422528266906738,0.4990057647228241,0.33775582909584045
637,0.6916239857673645,0.743357241153717,0.4969838857650757,0.33452191948890686
638,0.691765308380127,0.7412291169166565,0.5009868144989014,0.3396244943141937
639,0.6919844150543213,0.7402411103248596,0.49473515152931213,0.334314227104187
640,0.6921399235725403,0.7429913282394409,0.5093988180160522,0.33727067708969116
641,0.6918095946311951,0.7419899702072144,0.48847249150276184,0.3315746784210205
642,0.6912829875946045,0.7422818541526794,0.5104236602783203,0.3408081829547882
643,0.6917885541915894,0.7412047386169434,0.49684783816337585,0.3404524624347687
644,0.6925649642944336,0.7415477633476257,0.49379706382751465,0.331123948097229
645,0.6921948790550232,0.7432373762130737,0.4962976276874542,0.33189794421195984
646,0.6927345991134644,0.7412365078926086,0.5035911798477173,0.33795851469039917
647,0.6920202970504761,0.7393479347229004,0.4950691759586334,0.3303145468235016
648,0.6922422647476196,0.7416239976882935,0.491193562746048,0.3305525481700897
649,0.6925075054168701,0.7431867718696594,0.4936543405056,0.33503592014312744
650,0.6916699409484863,0.7411921620368958,0.49863848090171814,0.33117395639419556
651,0.6927220225334167,0.7416342496871948,0.5043089985847473,0.3387366831302643
652,0.6917411088943481,0.7419636845588684,0.49247875809669495,0.3296874761581421
653,0.6923317909240723,0.7403656840324402,0.49425116181373596,0.3293682336807251
654,0.6928215026855469,0.7416964769363403,0.5268063545227051,0.35037484765052795
655,0.6914846301078796,0.743112325668335,0.49816441535949707,0.3355810344219208
656,0.6923803687095642,0.7415286898612976,0.48860374093055725,0.3203223645687103
657,0.6921271085739136,0.7404302954673767,0.508708655834198,0.33675429224967957
658,0.6917847990989685,0.7426404356956482,0.49148786067962646,0.3236042261123657
659,0.6917710304260254,0.7413398623466492,0.5039458870887756,0.33501672744750977
660,0.6919198036193848,0.7427413463592529,0.49846211075782776,0.33113110065460205
661,0.6921650171279907,0.7408055663108826,0.4931240379810333,0.3246611952781677
662,0.6924071907997131,0.7405893206596375,0.5043167471885681,0.3373570144176483
663,0.692320704460144,0.7423528432846069,0.4934372901916504,0.33033379912376404
664,0.6920837163925171,0.7424149513244629,0.5018748641014099,0.3351685106754303
665,0.6924185752868652,0.7419338226318359,0.5065178275108337,0.33896487951278687
666,0.6919584274291992,0.7395080327987671,0.4762240946292877,0.32098662853240967
667,0.6922546029090881,0.7412406802177429,0.5117114186286926,0.3408610224723816
668,0.6919548511505127,0.7429299354553223,0.4809223711490631,0.32585352659225464
669,0.6919490694999695,0.7427898049354553,0.5166630744934082,0.34382349252700806
670,0.6924672722816467,0.742225170135498,0.4918067753314972,0.32870838046073914
671,0.6911557912826538,0.7427923679351807,0.5131604671478271,0.3399493098258972
672,0.6918676495552063,0.7416396141052246,0.5040609240531921,0.33669763803482056
673,0.6916308403015137,0.7431873679161072,0.4899176359176636,0.3266894519329071
674,0.69168621301651,0.7410023808479309,0.5014293193817139,0.33942171931266785
675,0.6919547319412231,0.7435809969902039,0.49113914370536804,0.32835930585861206
676,0.6924878358840942,0.7416163086891174,0.5050365328788757,0.3367537558078766
677,0.691952109336853,0.7406926155090332,0.48968395590782166,0.33129340410232544
678,0.6926706433296204,0.7421228885650635,0.4959746301174164,0.33289381861686707
679,0.6924265623092651,0.7411261200904846,0.5020604133605957,0.33103644847869873
680,0.692085862159729,0.7409881353378296,0.5025867819786072,0.3400381803512573
681,0.6929757595062256,0.7417804598808289,0.4841171205043793,0.3254753053188324
682,0.6918030977249146,0.7428324222564697,0.5011767745018005,0.33132117986679077
683,0.6917185187339783,0.7412646412849426,0.5003201365470886,0.3313272297382355
684,0.6919008493423462,0.7410843968391418,0.49287915229797363,0.3296721875667572
685,0.6920579671859741,0.7417474389076233,0.5018084645271301,0.33738696575164795
686,0.6929963827133179,0.7423186302185059,0.4914190471172333,0.3264872431755066
687,0.6924986243247986,0.7403210997581482,0.4968283474445343,0.3348909616470337
688,0.6923463344573975,0.7406731843948364,0.5036959052085876,0.33661943674087524
689,0.6918777227401733,0.7417895793914795,0.49317845702171326,0.329762727022171
690,0.6918871998786926,0.7421492338180542,0.49579015374183655,0.33160966634750366
691,0.6920644044876099,0.7408757209777832,0.4991571009159088,0.3369589149951935
692,0.6918408870697021,0.7417808771133423,0.49836620688438416,0.33004480600357056
693,0.6921366453170776,0.742523729801178,0.49734067916870117,0.33312591910362244
694,0.6924746632575989,0.7411183714866638,0.48794761300086975,0.3265681862831116
695,0.6921621561050415,0.7404294013977051,0.5099754333496094,0.33877190947532654
696,0.6919143795967102,0.7432668805122375,0.5084349513053894,0.33945947885513306
697,0.6918387413024902,0.7432358860969543,0.5036404728889465,0.3409316837787628
698,0.6920168995857239,0.741805374622345,0.49617326259613037,0.3304792046546936
699,0.6922253966331482,0.74271559715271,0.4946565330028534,0.33120226860046387
700,0.6929015517234802,0.7417769432067871,0.49039599299430847,0.3330741226673126
701,0.6913392543792725,0.7425914406776428,0.49930325150489807,0.3335336446762085
702,0.6923257112503052,0.7415525913238525,0.5051433444023132,0.34254640340805054
703,0.6926777958869934,0.7424177527427673,0.4829094707965851,0.3268551230430603
704,0.6915208101272583,0.7449421882629395,0.5077981948852539,0.336639404296875
705,0.6919023990631104,0.7430010437965393,0.48742642998695374,0.3240121304988861
706,0.6918199062347412,0.7425367832183838,0.5097789168357849,0.3386303186416626
707,0.6918290853500366,0.7419470548629761,0.5083962678909302,0.33906954526901245
708,0.6917678713798523,0.7433643341064453,0.4998183250427246,0.33979591727256775
709,0.6924560070037842,0.7415866851806641,0.49154534935951233,0.3286118805408478
710,0.6916450262069702,0.7418547868728638,0.504508912563324,0.33668527007102966
711,0.6922628879547119,0.7418234348297119,0.499063640832901,0.33367714285850525
712,0.6916794776916504,0.7412209510803223,0.5045405030250549,0.3419934809207916
713,0.6928430199623108,0.7428995370864868,0.4976784288883209,0.32985860109329224
714,0.6924924850463867,0.7423605918884277,0.4999794065952301,0.33026885986328125
715,0.6919265389442444,0.7417755126953125,0.4976005554199219,0.33689606189727783
716,0.6924022436141968,0.7431471347808838,0.5098075866699219,0.3447338044643402
717,0.6926760673522949,0.7417332530021667,0.5006384253501892,0.3336380422115326
718,0.6917092800140381,0.7412759065628052,0.48092782497406006,0.32259535789489746
719,0.6918063759803772,0.7408246397972107,0.5037685036659241,0.3377911150455475
720,0.691987156867981,0.7418795228004456,0.5068049430847168,0.3385186195373535
721,0.6919095516204834,0.7423583269119263,0.49361562728881836,0.3363143801689148
722,0.692025899887085,0.743310272693634,0.49597764015197754,0.3344227075576782
723,0.6916207671165466,0.7421226501464844,0.4979017972946167,0.3337479531764984
724,0.6929093599319458,0.7422068119049072,0.4984205663204193,0.3392481505870819
725,0.6917375326156616,0.7417585253715515,0.5013456344604492,0.3401196002960205
726,0.6919828057289124,0.7418729066848755,0.5014228224754333,0.3334609866142273
727,0.6920328140258789,0.7416546940803528,0.5059862732887268,0.3370033800601959
728,0.6920397877693176,0.7412267327308655,0.5002015233039856,0.33633944392204285
729,0.6914705634117126,0.7401579022407532,0.493365615606308,0.33507126569747925
730,0.6919456720352173,0.7410433292388916,0.49403706192970276,0.3243040144443512
731,0.6922516822814941,0.7408785223960876,0.49989721179008484,0.33104532957077026
732,0.691669225692749,0.7418190240859985,0.4941363036632538,0.3295897841453552
733,0.6914548873901367,0.7425293326377869,0.4877021312713623,0.3249676823616028
734,0.6920857429504395,0.7407782077789307,0.4983978271484375,0.330096036195755
735,0.6915385723114014,0.7432600259780884,0.49155959486961365,0.32914599776268005
736,0.6919448971748352,0.7415215373039246,0.497651070356369,0.335252583026886
737,0.6923544406890869,0.7412409782409668,0.5102894902229309,0.34529897570610046
738,0.6923103928565979,0.7432882785797119,0.49632880091667175,0.3342565596103668
739,0.692460298538208,0.7417386174201965,0.5053356289863586,0.3363085389137268
740,0.691818118095398,0.7435880303382874,0.4855997562408447,0.32556724548339844
741,0.6922243237495422,0.7419567108154297,0.5027706623077393,0.33440837264060974
742,0.6917852163314819,0.743584156036377,0.4996795356273651,0.3347648084163666
743,0.6924624443054199,0.7407116293907166,0.49959591031074524,0.33576202392578125
744,0.6925384998321533,0.741334080696106,0.5148088932037354,0.3422594964504242
745,0.6917691230773926,0.7434266805648804,0.4703632891178131,0.3212001919746399
746,0.6919044852256775,0.7422143816947937,0.5141815543174744,0.342435359954834
747,0.6927031874656677,0.741986095905304,0.49358829855918884,0.3316272497177124
748,0.692097008228302,0.7419046759605408,0.5007836222648621,0.33447572588920593
749,0.691308856010437,0.742692768573761,0.5062487721443176,0.33930352330207825
750,0.6932439804077148,0.7408497929573059,0.4888491928577423,0.3283489942550659
751,0.6931309700012207,0.7421299815177917,0.5123223662376404,0.3409339189529419
752,0.6923670172691345,0.7428848147392273,0.47962597012519836,0.32608482241630554
753,0.6916078329086304,0.7414457201957703,0.5084922909736633,0.3349570035934448
754,0.6917698383331299,0.7450665235519409,0.4890076220035553,0.32557037472724915
755,0.6918540000915527,0.7430092096328735,0.5077122449874878,0.3415023982524872
756,0.6918975710868835,0.7432053685188293,0.48883533477783203,0.3225674629211426
757,0.6924855709075928,0.7422420382499695,0.49765267968177795,0.3306000828742981
758,0.6914223432540894,0.7418023347854614,0.5045670866966248,0.33388495445251465
759,0.6916004419326782,0.7423896193504333,0.4935002326965332,0.3309917449951172
760,0.6922974586486816,0.7416658997535706,0.4934745132923126,0.3269652724266052
761,0.6922421455383301,0.7403221130371094,0.48745882511138916,0.32678523659706116
762,0.6922693252563477,0.7424954175949097,0.5083045959472656,0.3417106866836548
763,0.6922339200973511,0.7409148216247559,0.49293819069862366,0.33188575506210327
764,0.6919001340866089,0.7435779571533203,0.49059832096099854,0.3294298052787781
765,0.6916998624801636,0.7405962944030762,0.5032190680503845,0.3343094289302826
766,0.69287109375,0.7414720058441162,0.4886500835418701,0.32925382256507874
767,0.6925866603851318,0.7421698570251465,0.5157645344734192,0.3436146080493927
768,0.6923830509185791,0.7408453822135925,0.48344430327415466,0.3273182809352875
769,0.691875696182251,0.7435188293457031,0.5149970650672913,0.3423686623573303
770,0.6916869878768921,0.7416267991065979,0.49974241852760315,0.3365817666053772
771,0.691635012626648,0.7408139109611511,0.5009705424308777,0.33837321400642395
772,0.6919673085212708,0.7428699731826782,0.504951536655426,0.3353111147880554
773,0.6923685073852539,0.7408959865570068,0.49967193603515625,0.3295561969280243
774,0.6922727227210999,0.7419283986091614,0.49450263381004333,0.32964494824409485
775,0.6918197274208069,0.7422235012054443,0.5058330297470093,0.33550238609313965
776,0.6919108629226685,0.7427814602851868,0.4856928586959839,0.330397367477417
777,0.6914962530136108,0.7429264187812805,0.5064447522163391,0.33759555220603943
778,0.6926316022872925,0.7403185963630676,0.4980756938457489,0.33516740798950195
779,0.691747784614563,0.7418097853660583,0.4991091191768646,0.33351370692253113
780,0.6924499273300171,0.7409091591835022,0.5142219066619873,0.34150904417037964
781,0.6918519735336304,0.7426400184631348,0.4934256970882416,0.332597941160202
782,0.6917493939399719,0.7415727972984314,0.5083203911781311,0.33774176239967346
783,0.6923805475234985,0.7417991757392883,0.4952739179134369,0.32778605818748474
784,0.6925029754638672,0.7428244352340698,0.49790945649147034,0.3285186290740967
785,0.6929037570953369,0.7409663200378418,0.5047487616539001,0.3398786783218384
786,0.6919999122619629,0.7431657314300537,0.49769678711891174,0.3292021155357361
787,0.6917511224746704,0.7417489290237427,0.4988357126712799,0.326413094997406
788,0.6923680305480957,0.7408900260925293,0.5092059969902039,0.33835163712501526
789,0.6921876668930054,0.7418612241744995,0.48721691966056824,0.3240276575088501
790,0.6905502080917358,0.743015468120575,0.5037398338317871,0.3362852931022644
791,0.6923847198486328,0.7430664300918579,0.49782049655914307,0.3313619792461395
792,0.6917374730110168,0.7412176728248596,0.4972418546676636,0.33219316601753235
793,0.6921290159225464,0.7401571869850159,0.5048391222953796,0.3354003429412842
794,0.6917670965194702,0.7443719506263733,0.5079694390296936,0.33411160111427307
795,0.6924645900726318,0.7427305579185486,0.499310165643692,0.33295464515686035
796,0.6922589540481567,0.7404256463050842,0.49731266498565674,0.32955268025398254
797,0.691368579864502,0.7402384281158447,0.49241510033607483,0.3309609293937683
798,0.6905951499938965,0.7416377663612366,0.49444159865379333,0.3328925371170044
799,0.6916801929473877,0.7418832778930664,0.49934300780296326,0.33414965867996216
800,0.6920497417449951,0.7414323687553406,0.4868420660495758,0.3301783800125122
801,0.6920671463012695,0.7423411011695862,0.5114069581031799,0.3340856730937958
802,0.6920903921127319,0.7411729097366333,0.49563512206077576,0.3323272466659546
803,0.6924406290054321,0.7422637343406677,0.5017976760864258,0.33519020676612854
804,0.6923106908798218,0.741113543510437,0.4832843840122223,0.32210132479667664
805,0.692546010017395,0.7420862913131714,0.5049681663513184,0.33874765038490295
806,0.6923991441726685,0.7421889901161194,0.4919617474079132,0.3289191722869873
807,0.6920961141586304,0.7406003475189209,0.48130449652671814,0.32605382800102234
808,0.6924629211425781,0.7410383820533752,0.5062577724456787,0.3400556445121765
809,0.6921231746673584,0.7413609623908997,0.4881711006164551,0.3238992691040039
810,0.6917012333869934,0.7422780394554138,0.4939553737640381,0.3276021480560303
811,0.6923168897628784,0.7408474683761597,0.5032861828804016,0.3365323841571808
812,0.6921361684799194,0.7417378425598145,0.5007004141807556,0.3324647545814514
813,0.6922786235809326,0.7425311803817749,0.510371744632721,0.33920443058013916
814,0.6911855936050415,0.7423588037490845,0.4911537170410156,0.33021217584609985
815,0.6920042037963867,0.7418363094329834,0.4997154176235199,0.3323187232017517
816,0.6918244361877441,0.7420674562454224,0.5085174441337585,0.34120023250579834
817,0.6919006109237671,0.7405526638031006,0.4931615889072418,0.33291441202163696
818,0.6921338438987732,0.740646243095398,0.5132291913032532,0.34491467475891113
819,0.6914088726043701,0.7407898902893066,0.4954927861690521,0.3346991240978241
820,0.6920582056045532,0.7422839999198914,0.5017645359039307,0.3353305459022522
821,0.692057728767395,0.7421886324882507,0.5066738128662109,0.3317379951477051
822,0.691862940788269,0.7430272102355957,0.49199214577674866,0.3304758369922638
823,0.6917648315429688,0.7407304644584656,0.5146954655647278,0.33895498514175415
824,0.6920343637466431,0.7425005435943604,0.4947578012943268,0.33150753378868103
825,0.6923402547836304,0.7397533655166626,0.4844527244567871,0.3268728256225586
826,0.6921185255050659,0.7402761578559875,0.5062679052352905,0.3370308578014374
827,0.6918482780456543,0.7419449090957642,0.5010513663291931,0.3378503620624542
828,0.6918989419937134,0.7417498230934143,0.48834705352783203,0.3288763165473938
829,0.6930897831916809,0.7391715049743652,0.5062314867973328,0.3374088704586029
830,0.6930364370346069,0.7424503564834595,0.49707579612731934,0.330525279045105
831,0.6925033926963806,0.7418203353881836,0.4882723391056061,0.32628026604652405
832,0.6922551393508911,0.7402746081352234,0.49138346314430237,0.32978489995002747
833,0.6921504735946655,0.7405904531478882,0.5095999240875244,0.34161874651908875
834,0.6927471160888672,0.7421727180480957,0.5022051334381104,0.3417726755142212
835,0.6911062002182007,0.7415454387664795,0.49400803446769714,0.3308723270893097
836,0.6916153430938721,0.7407625913619995,0.4978456497192383,0.33421826362609863
837,0.6911851167678833,0.7432835698127747,0.50044846534729,0.3361108899116516
838,0.6917732954025269,0.7420229911804199,0.4924619495868683,0.32850781083106995
839,0.692448616027832,0.7394654750823975,0.49904564023017883,0.33594852685928345
840,0.6913270950317383,0.7432706356048584,0.5035820603370667,0.33899757266044617
841,0.6915385127067566,0.7401636838912964,0.4990377426147461,0.33230575919151306
842,0.6922380328178406,0.7403109669685364,0.5033120512962341,0.33939939737319946
843,0.6916781663894653,0.741587221622467,0.5006532669067383,0.33819329738616943
844,0.691460371017456,0.7417981624603271,0.5045157074928284,0.3374425172805786
845,0.6923437118530273,0.7420939207077026,0.5066760182380676,0.3364843726158142
846,0.6922694444656372,0.7430992722511292,0.5013585090637207,0.3393532633781433
847,0.6920223236083984,0.7406316995620728,0.5016977190971375,0.3345164358615875
848,0.6922811269760132,0.7409826517105103,0.48307380080223083,0.3226287364959717
849,0.6921907663345337,0.7405928373336792,0.5058104991912842,0.33584514260292053
850,0.6919698715209961,0.7429429292678833,0.5057222247123718,0.34351909160614014
851,0.6918716430664062,0.7411381006240845,0.49305295944213867,0.32955920696258545
852,0.6919439435005188,0.7423509955406189,0.510640561580658,0.3411889970302582
853,0.6925488710403442,0.7407002449035645,0.49046358466148376,0.32658880949020386
854,0.6925336122512817,0.7410209774971008,0.5036145448684692,0.3339270055294037
855,0.6922240257263184,0.7419618964195251,0.4988752603530884,0.335038959980011
856,0.6927058696746826,0.7420467138290405,0.500770092010498,0.33470964431762695
857,0.69214928150177,0.741405725479126,0.5096499919891357,0.3398371934890747
858,0.6919973492622375,0.7404334545135498,0.4870487153530121,0.33125951886177063
859,0.691246747970581,0.7421605587005615,0.5154750347137451,0.34054508805274963
860,0.6916021108627319,0.7426939606666565,0.48797234892845154,0.3272322118282318
861,0.6915867328643799,0.7431625127792358,0.5097559690475464,0.3420855700969696
862,0.6921373605728149,0.7410125136375427,0.5037229657173157,0.3314030170440674
863,0.6923105716705322,0.7414106130599976,0.49994799494743347,0.3343132734298706
864,0.6924197673797607,0.7414760589599609,0.5025917887687683,0.33459410071372986
865,0.6917568445205688,0.7410945892333984,0.4901603162288666,0.3286651074886322
866,0.6925227642059326,0.7430334687232971,0.5045921206474304,0.3357771635055542
867,0.692536473274231,0.741799533367157,0.4845615327358246,0.32514074444770813
868,0.6917575597763062,0.7424117922782898,0.5113974213600159,0.33924025297164917
869,0.6923057436943054,0.7404745817184448,0.49933281540870667,0.330362468957901
870,0.6912615299224854,0.7420333623886108,0.49573278427124023,0.33196187019348145
871,0.6916009187698364,0.7410637140274048,0.4885028302669525,0.3254701793193817
872,0.6925538778305054,0.7421801090240479,0.49545010924339294,0.3337712287902832
873,0.692296028137207,0.7426605820655823,0.5052468180656433,0.3393136262893677
874,0.6913999319076538,0.7429952025413513,0.48955491185188293,0.32938602566719055
875,0.6924387812614441,0.7417504191398621,0.5008276104927063,0.337715208530426
876,0.6913958787918091,0.7426244020462036,0.5039909482002258,0.3370024263858795
877,0.6913160085678101,0.7403907179832458,0.49457427859306335,0.332904189825058
878,0.6924244165420532,0.7400982975959778,0.5015789866447449,0.33327561616897583
879,0.6924988031387329,0.7423771023750305,0.48799487948417664,0.32872796058654785
880,0.6916898488998413,0.7410630583763123,0.5071632266044617,0.3381914496421814
881,0.6915184259414673,0.7398009896278381,0.47904300689697266,0.3211885392665863
882,0.6926190853118896,0.7423011064529419,0.5094453692436218,0.33845987915992737
883,0.6925358176231384,0.7409443855285645,0.49019500613212585,0.32684481143951416
884,0.6923516988754272,0.7423958778381348,0.501495361328125,0.32958927750587463
885,0.6926323175430298,0.7423962950706482,0.48402926325798035,0.3203802704811096
886,0.692486047744751,0.7422692775726318,0.5034902095794678,0.33573317527770996
887,0.6921747922897339,0.7406388521194458,0.4940037429332733,0.33097389340400696
888,0.6923450231552124,0.7406130433082581,0.48844268918037415,0.32515856623649597
889,0.6922246217727661,0.742235541343689,0.5046334266662598,0.3340895473957062
890,0.6921343803405762,0.7432451844215393,0.49012497067451477,0.3280198574066162
891,0.6923099756240845,0.7428299188613892,0.5086263418197632,0.3434496819972992
892,0.6925928592681885,0.741946280002594,0.4841126501560211,0.3267259895801544
893,0.6924004554748535,0.7430930137634277,0.5026807188987732,0.33586835861206055
894,0.6925029158592224,0.7408553957939148,0.5016681551933289,0.3362201452255249
895,0.6927230954170227,0.7409154176712036,0.4849308431148529,0.3214297592639923
896,0.6930698156356812,0.7411332726478577,0.5041682720184326,0.33077073097229004
897,0.6914923191070557,0.7416046857833862,0.4907015860080719,0.329820841550827
898,0.6924416422843933,0.7408656477928162,0.511932909488678,0.3455256223678589
899,0.6924395561218262,0.742063045501709,0.4793269634246826,0.32610511779785156
900,0.6918400526046753,0.7410272359848022,0.5116172432899475,0.33757027983665466
901,0.6918752193450928,0.741690456867218,0.48141589760780334,0.31863322854042053
902,0.6930688619613647,0.7412029504776001,0.5198790431022644,0.34910494089126587
903,0.6915508508682251,0.7429593205451965,0.4936458170413971,0.33284851908683777
904,0.6915736198425293,0.7421853542327881,0.5070579648017883,0.33448949456214905
905,0.6919512748718262,0.7402470707893372,0.49327972531318665,0.32725629210472107
906,0.6924436092376709,0.7416383624076843,0.49156466126441956,0.3233676850795746
907,0.6922106146812439,0.7425285577774048,0.5065861344337463,0.34248295426368713
908,0.6919313073158264,0.7411622405052185,0.4922903776168823,0.3335724472999573
909,0.6923789978027344,0.7413856983184814,0.49513640999794006,0.327674001455307
910,0.6916630864143372,0.7426285743713379,0.47492972016334534,0.3192753791809082
911,0.6921486854553223,0.7422454357147217,0.5113429427146912,0.34325212240219116
912,0.6917043924331665,0.7415403127670288,0.4942261278629303,0.3323937654495239
913,0.692197322845459,0.7417392730712891,0.4986691176891327,0.33857083320617676
914,0.6925346851348877,0.742053210735321,0.4968220293521881,0.33024224638938904
915,0.6920871138572693,0.7411358952522278,0.48772916197776794,0.32312318682670593
916,0.6921042203903198,0.7408071756362915,0.5011865496635437,0.3372972309589386
917,0.691703200340271,0.7425777316093445,0.49719157814979553,0.3316023349761963
918,0.6919039487838745,0.7411566376686096,0.5057964324951172,0.33698901534080505
919,0.6925657987594604,0.7414016127586365,0.4942448139190674,0.32551655173301697
920,0.6919707655906677,0.7441644668579102,0.5019421577453613,0.33313649892807007
921,0.6917600631713867,0.7426267862319946,0.4921388626098633,0.330562561750412
922,0.6914165019989014,0.7416216731071472,0.49282407760620117,0.3334733247756958
923,0.6924760341644287,0.7421376705169678,0.4981659948825836,0.3308601677417755
924,0.6915585398674011,0.7420370578765869,0.4934873878955841,0.3258827328681946
925,0.6919088363647461,0.7406807541847229,0.49005064368247986,0.32565224170684814
926,0.6921347379684448,0.7430261373519897,0.49762487411499023,0.3308124840259552
927,0.6923779249191284,0.7421356439590454,0.5016319751739502,0.3347380757331848
928,0.6921339631080627,0.7416342496871948,0.5087494850158691,0.3435368239879608
929,0.6917906999588013,0.7408385276794434,0.4926261603832245,0.32997116446495056
930,0.6921851634979248,0.7420022487640381,0.509648323059082,0.33518800139427185
931,0.6918925642967224,0.7422872185707092,0.4972743093967438,0.33672210574150085
932,0.6915295720100403,0.7422237396240234,0.4960477352142334,0.3317427635192871
933,0.6916688084602356,0.7413730025291443,0.5041868090629578,0.3400663137435913
934,0.6922399997711182,0.7436738610267639,0.5081784129142761,0.3376882076263428
935,0.6918684244155884,0.7425792217254639,0.4905833899974823,0.32716405391693115
936,0.6921265721321106,0.7404669523239136,0.4997272491455078,0.33140280842781067
937,0.6916964054107666,0.7421771287918091,0.5013846755027771,0.3360688388347626
938,0.6924954652786255,0.7421417832374573,0.49767279624938965,0.33296602964401245
939,0.6912848949432373,0.7422057390213013,0.49534812569618225,0.33059272170066833
940,0.6924440860748291,0.7399145364761353,0.4905335009098053,0.32748687267303467
941,0.6914628148078918,0.7436822652816772,0.4915788471698761,0.3252020478248596
942,0.6920475959777832,0.7425220012664795,0.5005565285682678,0.3313971757888794
943,0.6923271417617798,0.7420613765716553,0.4886941909790039,0.3258374035358429
944,0.6924102306365967,0.7434172630310059,0.5020381212234497,0.3347584009170532
945,0.6909365653991699,0.7424787878990173,0.5073313117027283,0.33883434534072876
946,0.6924849152565002,0.7403650879859924,0.5109503269195557,0.3414863348007202
947,0.6914602518081665,0.7441169023513794,0.4831655025482178,0.3264395594596863
948,0.6920377016067505,0.7416623830795288,0.5114611983299255,0.3428078889846802
949,0.6924211978912354,0.7430047392845154,0.4894120395183563,0.3338569402694702
950,0.6919755935668945,0.7417716979980469,0.48508593440055847,0.3242343068122864
951,0.6918790340423584,0.7422916293144226,0.5023999810218811,0.33692798018455505
952,0.6921885013580322,0.7414599061012268,0.49887514114379883,0.3345421254634857
953,0.6920942068099976,0.7411893010139465,0.4944251477718353,0.33263882994651794
954,0.6915159821510315,0.7403693199157715,0.5067738890647888,0.3420919179916382
955,0.6925643682479858,0.7424759864807129,0.49845409393310547,0.3326733708381653
956,0.69223952293396,0.7398892641067505,0.5014203190803528,0.3359498679637909
957,0.6925866603851318,0.7421722412109375,0.4826022684574127,0.3220430910587311
958,0.6921688318252563,0.742014467716217,0.510852575302124,0.3411949872970581
959,0.6916049718856812,0.7402321696281433,0.4946780204772949,0.32664719223976135
960,0.6922081708908081,0.7413179874420166,0.5085286498069763,0.3434051275253296
961,0.6918365359306335,0.7423847913742065,0.49598774313926697,0.33121976256370544
962,0.6923263072967529,0.7416133284568787,0.502676784992218,0.3354302942752838
963,0.6909329891204834,0.742133617401123,0.5083390474319458,0.34032392501831055
964,0.691978394985199,0.742459774017334,0.4847184121608734,0.323340505361557
965,0.6923795938491821,0.7419825196266174,0.518583357334137,0.3463445007801056
966,0.6910873651504517,0.743238627910614,0.49056974053382874,0.32801923155784607
967,0.6916542053222656,0.7425171136856079,0.5017667412757874,0.33038222789764404
968,0.6926299333572388,0.7408725619316101,0.5042676329612732,0.33350154757499695
969,0.6925010085105896,0.7424989938735962,0.5000645518302917,0.33605360984802246
970,0.691607654094696,0.7419043183326721,0.5049540400505066,0.33832794427871704
971,0.691719651222229,0.7442843317985535,0.49485111236572266,0.3386790156364441
972,0.6920143365859985,0.7408877015113831,0.5084102749824524,0.33682939410209656
973,0.6927464008331299,0.7409524321556091,0.49609413743019104,0.33120980858802795
974,0.6919478178024292,0.7410092353820801,0.4764195382595062,0.3190371096134186
975,0.6918247938156128,0.7412359714508057,0.5196533799171448,0.3422738015651703
976,0.6923368573188782,0.7422476410865784,0.4908299446105957,0.3320877254009247
977,0.6922470927238464,0.741314709186554,0.49458155035972595,0.3285028040409088
978,0.6929047107696533,0.7411602735519409,0.5072392821311951,0.33856359124183655
979,0.6924823522567749,0.7415212392807007,0.47752222418785095,0.326957106590271
980,0.6924548149108887,0.7411218285560608,0.5160696506500244,0.34301912784576416
981,0.6925860047340393,0.7424885630607605,0.48999443650245667,0.33566543459892273
982,0.6916848421096802,0.743069052696228,0.507112979888916,0.33396247029304504
983,0.6913282871246338,0.7411144971847534,0.48946869373321533,0.3299271762371063
984,0.6921545267105103,0.741746187210083,0.505240261554718,0.34158265590667725
985,0.6910955309867859,0.7412216067314148,0.49504706263542175,0.33033138513565063
986,0.6920382976531982,0.7415646314620972,0.5065455436706543,0.3385116457939148
987,0.6919264793395996,0.7404630780220032,0.5051776766777039,0.33989089727401733
988,0.6921148300170898,0.741843044757843,0.5004907250404358,0.3336643874645233
989,0.6918693780899048,0.7418889403343201,0.4941387176513672,0.3298978805541992
990,0.6920750141143799,0.7421061396598816,0.502119779586792,0.33470335602760315
991,0.6917355060577393,0.7420010566711426,0.5009145140647888,0.33552923798561096
992,0.6921730041503906,0.7426523566246033,0.49079975485801697,0.3316076397895813
993,0.6920630931854248,0.741837739944458,0.5093739032745361,0.33939027786254883
994,0.6920846104621887,0.7406248450279236,0.48999154567718506,0.3264003098011017
995,0.692245602607727,0.7404670715332031,0.5025619864463806,0.3292757570743561
996,0.6923677921295166,0.7405608892440796,0.4852118492126465,0.3185555636882782
997,0.692234992980957,0.7420305609703064,0.5136882066726685,0.34321609139442444
998,0.6921582221984863,0.7424858212471008,0.5037080645561218,0.3394247889518738
999,0.692456841468811,0.7423399686813354,0.4940386712551117,0.3343810737133026
1000,0.6923971176147461,0.7417054176330566,0.500821053981781,0.3328647017478943
1001,0.6923573017120361,0.7427098751068115,0.49526724219322205,0.3297846019268036
1002,0.6921396255493164,0.7406994104385376,0.5008442401885986,0.3366451561450958
1003,0.6919037699699402,0.7413506507873535,0.4998525083065033,0.3346443772315979
1004,0.6926771402359009,0.7436712384223938,0.5031344294548035,0.3395005464553833
1005,0.6916671991348267,0.740612804889679,0.4998566806316376,0.3377089202404022
1006,0.692351758480072,0.741664707660675,0.49818190932273865,0.3297952115535736
1007,0.6927710771560669,0.7405646443367004,0.49743446707725525,0.33105120062828064
1008,0.6916362047195435,0.741223931312561,0.49376118183135986,0.3310298025608063
1009,0.6919782161712646,0.7403900623321533,0.4949636161327362,0.33166807889938354
1010,0.6922751665115356,0.7426595687866211,0.508511483669281,0.3420557975769043
1011,0.6918092370033264,0.7434900403022766,0.5009488463401794,0.3344469368457794
1012,0.6915855407714844,0.7419397830963135,0.5041439533233643,0.33687257766723633
1013,0.692421555519104,0.7429386973381042,0.4966161251068115,0.3302519619464874
1014,0.6920613050460815,0.7410897612571716,0.5030562877655029,0.3353879749774933
1015,0.6930297613143921,0.7424764633178711,0.49598273634910583,0.3348010778427124
1016,0.6920504570007324,0.7408614158630371,0.4968433678150177,0.3324584364891052
1017,0.6920430660247803,0.7410430908203125,0.5043363571166992,0.3367672860622406
1018,0.6924111247062683,0.7422676086425781,0.4904673993587494,0.3281647562980652
1019,0.6917417049407959,0.7404133081436157,0.49586379528045654,0.33101576566696167
1020,0.6915864944458008,0.742012619972229,0.4859848916530609,0.32721245288848877
1021,0.6925429105758667,0.7419809103012085,0.5080094933509827,0.3412185609340668
1022,0.6922227144241333,0.741601288318634,0.49246153235435486,0.3325224816799164
1023,0.6919252872467041,0.7414314150810242,0.5086507201194763,0.3409792482852936
1024,0.6923703551292419,0.7416419982910156,0.4891575574874878,0.3272618353366852
1025,0.6924748420715332,0.7424836158752441,0.5051083564758301,0.33384057879447937
1026,0.6927310824394226,0.741461455821991,0.48968538641929626,0.3305073082447052
1027,0.6917603015899658,0.7409612536430359,0.5066604018211365,0.34146633744239807
1028,0.6917389631271362,0.7419039607048035,0.49257123470306396,0.3281835615634918
1029,0.69218510389328,0.7417541742324829,0.49559783935546875,0.32961416244506836
1030,0.6916035413742065,0.7421021461486816,0.49315598607063293,0.330981582403183
1031,0.692169189453125,0.7431835532188416,0.4991745948791504,0.3359092175960541
1032,0.6916048526763916,0.7412444949150085,0.5013379454612732,0.3357662856578827
1033,0.69157475233078,0.7419461011886597,0.4998542070388794,0.33395200967788696
1034,0.6920516490936279,0.7414171099662781,0.5034257769584656,0.33973032236099243
1035,0.6919262409210205,0.7430498003959656,0.49596452713012695,0.32985299825668335
1036,0.6916935443878174,0.7420433759689331,0.506279706954956,0.33881574869155884
1037,0.6915081143379211,0.7422945499420166,0.4860619008541107,0.3252231478691101
1038,0.6917837858200073,0.741428792476654,0.5043099522590637,0.33666571974754333
1039,0.692295491695404,0.7421352863311768,0.4975576102733612,0.3312074840068817
1040,0.692581057548523,0.7429041862487793,0.4925053119659424,0.33328813314437866
1041,0.6920287609100342,0.7421998381614685,0.4940834045410156,0.32477593421936035
1042,0.6916817426681519,0.741381049156189,0.48353472352027893,0.3246658742427826
1043,0.6923803091049194,0.7412028312683105,0.5044342875480652,0.3382294476032257
1044,0.6923445463180542,0.7428081631660461,0.5018865466117859,0.33944323658943176
1045,0.692216694355011,0.741920530796051,0.500272274017334,0.334393709897995
1046,0.6919273734092712,0.7418181300163269,0.49816885590553284,0.33378779888153076
1047,0.6920303106307983,0.7432971000671387,0.49829182028770447,0.33433982729911804
1048,0.6923505067825317,0.7417274117469788,0.49384307861328125,0.3243733048439026
1049,0.6926319599151611,0.7411599159240723,0.5002229809761047,0.3341718912124634
1050,0.6924257874488831,0.7421925663948059,0.5100803971290588,0.3411564230918884
1051,0.6913225054740906,0.7404311895370483,0.5056423544883728,0.34082475304603577
1052,0.6926151514053345,0.7420861721038818,0.496837854385376,0.3311937153339386
1053,0.6921445727348328,0.7405285835266113,0.4957197606563568,0.33364516496658325
1054,0.6913716793060303,0.7418182492256165,0.5060333609580994,0.33502236008644104
1055,0.6918730139732361,0.7416401505470276,0.5006275177001953,0.3397895395755768
1056,0.6919448375701904,0.7414149045944214,0.4945429861545563,0.3326921761035919
1057,0.6919417381286621,0.7413712739944458,0.5037014484405518,0.33467793464660645
1058,0.6930491924285889,0.7413190007209778,0.4963623583316803,0.3345281481742859
1059,0.6936436891555786,0.7408543229103088,0.5060819983482361,0.33789384365081787
1060,0.6926095485687256,0.7424980401992798,0.49505797028541565,0.32966601848602295
1061,0.6912800073623657,0.7403501868247986,0.5027721524238586,0.335440069437027
1062,0.6923688054084778,0.7421863675117493,0.4960423409938812,0.33334025740623474
1063,0.6919699311256409,0.7417396306991577,0.5054932832717896,0.3347254991531372
1064,0.6920039653778076,0.7426010966300964,0.4896584451198578,0.33328697085380554
1065,0.6918840408325195,0.742443323135376,0.5099779963493347,0.3404407799243927
1066,0.69156813621521,0.7409505844116211,0.49176815152168274,0.33369365334510803
1067,0.6917048096656799,0.7419694066047668,0.5081238746643066,0.3365783989429474
1068,0.6919859647750854,0.7425210475921631,0.4898620545864105,0.3346046507358551
1069,0.6916692852973938,0.7421233654022217,0.5186526775360107,0.34548336267471313
1070,0.6919194459915161,0.7433256506919861,0.48097625374794006,0.32761624455451965
1071,0.6918712854385376,0.7418810725212097,0.5186820030212402,0.34314069151878357
1072,0.6915339231491089,0.7423913478851318,0.4882339537143707,0.32378560304641724
1073,0.6922715902328491,0.7417416572570801,0.5087733268737793,0.34054362773895264
1074,0.6924542188644409,0.741157591342926,0.5011662840843201,0.3343326449394226
1075,0.6923073530197144,0.740956723690033,0.5020569562911987,0.3369894325733185
1076,0.692250669002533,0.741793155670166,0.4863158166408539,0.32941514253616333
1077,0.6918918490409851,0.7427487373352051,0.5012503266334534,0.3320089876651764
1078,0.691645622253418,0.7427753210067749,0.5032952427864075,0.33224180340766907
1079,0.6918742060661316,0.7420049905776978,0.49188897013664246,0.32733845710754395
1080,0.692075252532959,0.7406911253929138,0.4984405040740967,0.33308205008506775
1081,0.6921856999397278,0.7415319681167603,0.49670395255088806,0.3295278251171112
1082,0.6923283338546753,0.7406576871871948,0.49857258796691895,0.33346301317214966
1083,0.6921848058700562,0.7413883209228516,0.5115657448768616,0.3350931704044342
1084,0.6922073364257812,0.7409465909004211,0.49996593594551086,0.3384951651096344
1085,0.6919692754745483,0.7411890625953674,0.5033461451530457,0.3400558829307556
1086,0.6917747259140015,0.7418211102485657,0.5016958117485046,0.33839601278305054
1087,0.6916854381561279,0.7424539923667908,0.4917210638523102,0.32663726806640625
1088,0.6919565200805664,0.7419567108154297,0.49645259976387024,0.3337330222129822
1089,0.6919846534729004,0.743553876876831,0.4829808175563812,0.32699719071388245
1090,0.6925060749053955,0.7423426508903503,0.5029922127723694,0.3385506272315979
1091,0.6915460824966431,0.7419348359107971,0.4910501539707184,0.3275337815284729
1092,0.6926881074905396,0.740182101726532,0.4939946234226227,0.3315596878528595
1093,0.6918231844902039,0.742141842842102,0.5038349628448486,0.33584538102149963
1094,0.6911401748657227,0.742090106010437,0.4867072105407715,0.32908591628074646
1095,0.6921088695526123,0.7426265478134155,0.507498562335968,0.33512037992477417
1096,0.6912494897842407,0.742037832736969,0.4884086549282074,0.3229680359363556
1097,0.692008912563324,0.741783618927002,0.5069942474365234,0.3387746214866638
1098,0.6924351453781128,0.7422865629196167,0.49826931953430176,0.33395251631736755
1099,0.6921176910400391,0.742391049861908,0.506109893321991,0.33737125992774963
1100,0.6924170255661011,0.7416829466819763,0.4908463954925537,0.32721465826034546
1101,0.6922681331634521,0.740606963634491,0.49959734082221985,0.3351925313472748
1102,0.6918638944625854,0.7428514957427979,0.4922158420085907,0.3327084183692932
1103,0.6917707920074463,0.7423691749572754,0.5062842965126038,0.33338984847068787
1104,0.6918940544128418,0.7409483790397644,0.48468542098999023,0.32178205251693726
1105,0.6917816996574402,0.7414212226867676,0.5035184025764465,0.3354129195213318
1106,0.6926766633987427,0.7423767447471619,0.4960073232650757,0.33183014392852783
1107,0.6918313503265381,0.7427905201911926,0.5044185519218445,0.3398466110229492
1108,0.692473292350769,0.7409825325012207,0.49560490250587463,0.3350359797477722
1109,0.691650390625,0.741953432559967,0.5010865926742554,0.33184659481048584
1110,0.691957414150238,0.7413745522499084,0.4821758568286896,0.32369428873062134
1111,0.6918985843658447,0.7425999045372009,0.5155302882194519,0.3406456410884857
1112,0.692202091217041,0.7407960891723633,0.49494341015815735,0.33198973536491394
1113,0.6913348436355591,0.7411330342292786,0.5009886622428894,0.3328365981578827
1114,0.6929773092269897,0.7427655458450317,0.4868890345096588,0.32412055134773254
1115,0.6923063397407532,0.740767776966095,0.5111870169639587,0.3375941812992096
1116,0.6921131014823914,0.7422611117362976,0.5088382959365845,0.3371026813983917
1117,0.6917932033538818,0.7407816052436829,0.5082510113716125,0.34327971935272217
1118,0.69214928150177,0.7411335110664368,0.48724889755249023,0.323740154504776
1119,0.6921865940093994,0.7409349083900452,0.4956364631652832,0.3346780836582184
1120,0.6921851634979248,0.7424205541610718,0.49720141291618347,0.3299233615398407
1121,0.6920356154441833,0.7417917251586914,0.5041093230247498,0.33960846066474915
1122,0.692306637763977,0.7423788905143738,0.4958971440792084,0.3309932053089142
1123,0.6924014091491699,0.7410776615142822,0.5046625733375549,0.3394187092781067
1124,0.6923087239265442,0.7404295802116394,0.4960726499557495,0.33044007420539856
1125,0.6923433542251587,0.7413561344146729,0.49342837929725647,0.33377647399902344
1126,0.6918542981147766,0.7416431307792664,0.501472532749176,0.33674266934394836
1127,0.6916799545288086,0.7416248917579651,0.5004393458366394,0.33540311455726624
1128,0.691482424736023,0.7423264980316162,0.5005196928977966,0.3345610797405243
1129,0.6916465759277344,0.7419158220291138,0.49931368231773376,0.3346809148788452
1130,0.6924328207969666,0.7411723136901855,0.4988303482532501,0.33153945207595825
1131,0.6923229694366455,0.7404553890228271,0.502984344959259,0.33666619658470154
1132,0.6918549537658691,0.739753007888794,0.49807146191596985,0.3335282504558563
1133,0.692802906036377,0.742748498916626,0.4934597909450531,0.32976034283638
1134,0.6913108825683594,0.7419781684875488,0.5005595088005066,0.33372318744659424
1135,0.6922049522399902,0.7423574924468994,0.49737754464149475,0.33186328411102295
1136,0.691954493522644,0.7416728734970093,0.506763219833374,0.33880430459976196
1137,0.6921258568763733,0.742519736289978,0.4893817901611328,0.32761651277542114
1138,0.6919093132019043,0.7413880825042725,0.5000753998756409,0.3293363153934479
1139,0.6916282176971436,0.7407565116882324,0.504142701625824,0.3372091054916382
1140,0.6925082206726074,0.7417766451835632,0.5115416646003723,0.34283581376075745
1141,0.6923809051513672,0.7410364747047424,0.5010250210762024,0.3311465084552765
1142,0.6921406984329224,0.7412222623825073,0.49234738945961,0.32960450649261475
1143,0.6921546459197998,0.7421727776527405,0.49870404601097107,0.33629316091537476
1144,0.6916316747665405,0.741177499294281,0.5039102435112,0.3382052779197693
1145,0.6919784545898438,0.7425283789634705,0.4941474199295044,0.3288663625717163
1146,0.6920916438102722,0.7429155707359314,0.5029244422912598,0.3371252119541168
1147,0.6924800276756287,0.7415566444396973,0.5081236958503723,0.33853837847709656
1148,0.6922938823699951,0.7415279746055603,0.5024083256721497,0.3402012586593628
1149,0.6920629739761353,0.7423317432403564,0.505533754825592,0.3415023982524872
1150,0.6915733218193054,0.7427420020103455,0.4960552155971527,0.33598577976226807
1151,0.6915050745010376,0.7427536249160767,0.49843263626098633,0.3366519510746002
1152,0.6928122043609619,0.7413488030433655,0.4999798834323883,0.3341737985610962
1153,0.6922370195388794,0.742813229560852,0.5002161860466003,0.3398876488208771
1154,0.6917914152145386,0.742165744304657,0.5014848113059998,0.33775174617767334
1155,0.6918516159057617,0.7417740821838379,0.4920295178890228,0.3297611176967621
1156,0.6922595500946045,0.7416242957115173,0.4991258680820465,0.33629801869392395
1157,0.6921136975288391,0.741945743560791,0.5064152479171753,0.338074654340744
1158,0.692379355430603,0.7417839169502258,0.4991922676563263,0.33276721835136414
1159,0.6918846964836121,0.7428644895553589,0.504400908946991,0.3398648798465729
1160,0.6916353702545166,0.7419643998146057,0.49788275361061096,0.33338597416877747
1161,0.691534698009491,0.7414942383766174,0.504266619682312,0.33071500062942505
1162,0.6920549869537354,0.7423118948936462,0.49249181151390076,0.3312435448169708
1163,0.692503809928894,0.7411409616470337,0.5050483345985413,0.33896008133888245
1164,0.6920519471168518,0.742070734500885,0.4948945939540863,0.33281219005584717
1165,0.6924043893814087,0.74287348985672,0.49493086338043213,0.33221691846847534
1166,0.6919125318527222,0.7425737977027893,0.494718074798584,0.32863330841064453
1167,0.6916472911834717,0.7429736852645874,0.5087698698043823,0.33738622069358826
1168,0.6921209692955017,0.7433129549026489,0.49268636107444763,0.3330763280391693
1169,0.6919601559638977,0.7412430047988892,0.493157297372818,0.3294048309326172
1170,0.6919740438461304,0.741864025592804,0.5007665157318115,0.3296271562576294
1171,0.6918059587478638,0.7416989803314209,0.51176518201828,0.34316280484199524
1172,0.6920444965362549,0.7410886287689209,0.508411169052124,0.34375664591789246
1173,0.6917039155960083,0.7413486242294312,0.4924125671386719,0.3279004395008087
1174,0.6922323703765869,0.743040144443512,0.49716782569885254,0.33184388279914856
1175,0.6923762559890747,0.7432431578636169,0.49926796555519104,0.33556702733039856
1176,0.6920883059501648,0.7420156002044678,0.5059725642204285,0.3336426913738251
1177,0.69211345911026,0.7422015070915222,0.49245527386665344,0.33078762888908386
1178,0.691831111907959,0.7411866188049316,0.5166707634925842,0.3353782594203949
1179,0.6916282773017883,0.7415308952331543,0.47809281945228577,0.31994664669036865
1180,0.691849946975708,0.7428635954856873,0.4959172308444977,0.33024850487709045
1181,0.6918372511863708,0.7418555617332458,0.5075145363807678,0.3405405879020691
1182,0.69169020652771,0.739075243473053,0.48167505860328674,0.324771910905838
1183,0.6920444965362549,0.7420105934143066,0.5019362568855286,0.33306220173835754
1184,0.6920878887176514,0.7416085600852966,0.4908561408519745,0.33592912554740906
1185,0.6915265321731567,0.7426592111587524,0.5055332779884338,0.33461806178092957
1186,0.6925196647644043,0.741641104221344,0.49223408102989197,0.32826316356658936
1187,0.6920505166053772,0.7406206130981445,0.4982417821884155,0.33020952343940735
1188,0.6917235255241394,0.741874635219574,0.5042755007743835,0.3342598080635071
1189,0.6916159391403198,0.7422018647193909,0.4943303167819977,0.33625897765159607
1190,0.6921101808547974,0.7417926788330078,0.5120700597763062,0.3418062627315521
1191,0.6918684840202332,0.7411015629768372,0.48553037643432617,0.32292866706848145
1192,0.6919115781784058,0.7403489947319031,0.49383077025413513,0.32865971326828003
1193,0.6923341751098633,0.7405045628547668,0.49124979972839355,0.33326810598373413
1194,0.6917541027069092,0.741611123085022,0.5052881836891174,0.3354281187057495
1195,0.6919381618499756,0.7406095862388611,0.48626509308815,0.32858094573020935
1196,0.692237913608551,0.7429191470146179,0.4988028109073639,0.32991737127304077
1197,0.6917372345924377,0.7424736022949219,0.4996267855167389,0.3313674032688141
1198,0.6925595998764038,0.7413361668586731,0.4925293028354645,0.3326188027858734
1199,0.6919323205947876,0.7419338226318359,0.5037292838096619,0.3367828130722046
1200,0.6918864250183105,0.7420662045478821,0.4873669147491455,0.3277627229690552
1201,0.6920058727264404,0.7424612641334534,0.5034477114677429,0.33694595098495483
1202,0.6923426985740662,0.7412063479423523,0.494020938873291,0.3323991894721985
1203,0.6920188665390015,0.7430862784385681,0.4948197603225708,0.3253191411495209
1204,0.6919864416122437,0.7416247129440308,0.49357596039772034,0.3347112238407135
1205,0.6921508312225342,0.741386890411377,0.5028089880943298,0.33753064274787903
1206,0.6916980743408203,0.7412494421005249,0.4923839569091797,0.3326985836029053
1207,0.6916007995605469,0.7426608800888062,0.5016021132469177,0.3318457007408142
1208,0.6925497651100159,0.7414398193359375,0.4962143898010254,0.3315786123275757
1209,0.6922115087509155,0.7412474155426025,0.5044820308685303,0.3338194787502289
1210,0.6918621063232422,0.7404599785804749,0.5051870346069336,0.34201329946517944
1211,0.6918964385986328,0.7424291968345642,0.4956873953342438,0.3357242941856384
1212,0.6923588514328003,0.7420210838317871,0.512766420841217,0.34318405389785767
1213,0.6921477317810059,0.740371823310852,0.4941454231739044,0.32981008291244507
1214,0.6922718286514282,0.7404735088348389,0.5072590708732605,0.3400791585445404
1215,0.6923747062683105,0.7417527437210083,0.48755326867103577,0.3273431956768036
1216,0.692166805267334,0.7438263297080994,0.5041528344154358,0.3363530933856964
1217,0.6924505233764648,0.7421784996986389,0.49578872323036194,0.33028650283813477
1218,0.6919844150543213,0.7411140203475952,0.5102308392524719,0.3367359936237335
1219,0.6924296617507935,0.7418075799942017,0.4960862696170807,0.32923945784568787
1220,0.6917999386787415,0.7403644323348999,0.4973277747631073,0.33120372891426086
1221,0.6913152933120728,0.7422495484352112,0.49764788150787354,0.32971423864364624
1222,0.6922670006752014,0.74173504114151,0.4975214898586273,0.3366989493370056
1223,0.6916584968566895,0.742561399936676,0.5006639361381531,0.33662742376327515
1224,0.6921086311340332,0.7421444058418274,0.5009757876396179,0.33626943826675415
1225,0.6921346187591553,0.7418468594551086,0.49161720275878906,0.3268810510635376
1226,0.691752552986145,0.7415556907653809,0.49178624153137207,0.3324104845523834
1227,0.6912474036216736,0.7415791749954224,0.5001652836799622,0.3355533480644226
1228,0.6920720338821411,0.7422658801078796,0.489479660987854,0.326689213514328
1229,0.691495954990387,0.7415757179260254,0.5017164349555969,0.33730122447013855
1230,0.6920000314712524,0.7406051754951477,0.4942084848880768,0.334575891494751
1231,0.6918410658836365,0.7411426901817322,0.5127324461936951,0.34175750613212585
1232,0.6914056539535522,0.7417188882827759,0.49469438195228577,0.33257952332496643
1233,0.6922807097434998,0.7425789833068848,0.5034343600273132,0.3367615342140198
1234,0.6925804615020752,0.7426848411560059,0.5036471486091614,0.33751314878463745
1235,0.6919618248939514,0.7414498925209045,0.5003319382667542,0.334096223115921
1236,0.6917792558670044,0.7422531247138977,0.49842140078544617,0.32801058888435364
1237,0.6923696994781494,0.7423895597457886,0.49701663851737976,0.33385688066482544
1238,0.6924745440483093,0.7406243085861206,0.48076334595680237,0.31853538751602173
1239,0.6918526887893677,0.7421931624412537,0.5013583302497864,0.3361855447292328
1240,0.6921828985214233,0.7414312362670898,0.49848636984825134,0.33127257227897644
1241,0.6923966407775879,0.7425819635391235,0.4958171844482422,0.33366096019744873
1242,0.691970705986023,0.7411109209060669,0.49717268347740173,0.3322393000125885
1243,0.6919043064117432,0.7415189146995544,0.5036675930023193,0.3347392678260803
1244,0.6918398141860962,0.7421207427978516,0.49979308247566223,0.3389427661895752
1245,0.6919255256652832,0.7427510619163513,0.5080569386482239,0.34258756041526794
1246,0.6917338967323303,0.7432465553283691,0.4970351755619049,0.33454567193984985
1247,0.6916250586509705,0.7430960536003113,0.49503496289253235,0.330539733171463
1248,0.6924936771392822,0.7416487336158752,0.5104789137840271,0.3361542522907257
1249,0.6917246580123901,0.7417719960212708,0.4814470708370209,0.320413202047348
1250,0.6917908787727356,0.7420811057090759,0.5020350813865662,0.3327833414077759
1251,0.6922692656517029,0.7420583963394165,0.488121896982193,0.33136048913002014
1252,0.6925870180130005,0.7406261563301086,0.5168446898460388,0.3444789946079254
1253,0.6919558048248291,0.7432247996330261,0.47866687178611755,0.32856041193008423
1254,0.6918883323669434,0.7425477504730225,0.5028457045555115,0.3348567485809326
1255,0.6923649311065674,0.7416517734527588,0.4988299310207367,0.3379271924495697
1256,0.6919375658035278,0.743187665939331,0.5095453262329102,0.33937981724739075
1257,0.6919167637825012,0.7421396970748901,0.49389195442199707,0.3305138349533081
1258,0.6922687292098999,0.7418770790100098,0.5016530156135559,0.3350785970687866
0,0.7162522673606873,0.7694817781448364,0.03191841021180153,0.5975498557090759
1,0.6226233839988708,0.8915796279907227,0.19325534999370575,0.5989301204681396
2,0.6501427888870239,0.9164891242980957,0.38983431458473206,0.52728271484375
3,0.6820489764213562,0.8551764488220215,0.5448250770568848,0.4299464225769043
4,0.6915572881698608,0.8543074131011963,0.5742918848991394,0.39176684617996216
5,0.7155767679214478,0.8216625452041626,0.586432933807373,0.3747750520706177
6,0.6983774304389954,0.819591224193573,0.5712523460388184,0.37247541546821594
7,0.6827588081359863,0.8179232478141785,0.5897328853607178,0.36202794313430786
8,0.6905984878540039,0.8237725496292114,0.5895686745643616,0.35486823320388794
9,0.6910207271575928,0.8314217925071716,0.5881350636482239,0.3595735728740692
10,0.6864399909973145,0.8259287476539612,0.5903560519218445,0.3519553244113922
11,0.673061728477478,0.828204333782196,0.5818812251091003,0.35834935307502747
12,0.6548367738723755,0.8508205413818359,0.6023448705673218,0.3478902578353882
13,0.6590707898139954,0.8493819236755371,0.5941651463508606,0.34593841433525085
14,0.656624436378479,0.8574206829071045,0.5733999609947205,0.36657533049583435
15,0.6506394743919373,0.8357619047164917,0.5773431658744812,0.3709734082221985
16,0.658808171749115,0.8785517811775208,0.5605289936065674,0.3848992586135864
17,0.6591266393661499,0.8497951626777649,0.5414151549339294,0.3817153573036194
18,0.6974584460258484,0.7877278327941895,0.44672122597694397,0.3879239559173584
19,0.6712096929550171,0.8029413819313049,0.428119033575058,0.3930889964103699
20,0.6716605424880981,0.8254352807998657,0.4714895784854889,0.36126503348350525
21,0.6670528650283813,0.8018259406089783,0.5046293139457703,0.34064969420433044
22,0.6730096936225891,0.8205743432044983,0.5087342262268066,0.3361201584339142
23,0.6708208322525024,0.835901141166687,0.5056877732276917,0.3383990228176117
24,0.6594212055206299,0.8446687459945679,0.49746450781822205,0.3374936580657959
25,0.674615740776062,0.8236638307571411,0.49625158309936523,0.34213584661483765
26,0.6683675646781921,0.85759037733078,0.4952366352081299,0.3403255045413971
27,0.6637170910835266,0.821347713470459,0.4965849816799164,0.3442932069301605
28,0.6644983887672424,0.8455976843833923,0.498886376619339,0.3509698510169983
29,0.6666778326034546,0.8374547362327576,0.500039279460907,0.33938857913017273
30,0.6569253206253052,0.8306459784507751,0.5029033422470093,0.3396577537059784
