Epoch,D Loss,G Loss,GenMean,GenStd
0,0.687313437461853,0.6206458210945129,0.2642839252948761,0.5487331748008728
1,0.6704926490783691,0.7655375599861145,0.4502534866333008,0.4751194715499878
2,0.6731517314910889,0.7967870235443115,0.5333604216575623,0.44345077872276306
3,0.7087843418121338,0.7875706553459167,0.5427758097648621,0.4303590953350067
4,0.6910193562507629,0.8328286409378052,0.5774210691452026,0.3968285024166107
5,0.6679162979125977,0.8173937797546387,0.5604305267333984,0.39835524559020996
6,0.6548078060150146,0.8457062840461731,0.5569831728935242,0.4035963714122772
7,0.6682814359664917,0.8647583723068237,0.5647906064987183,0.39839524030685425
8,0.668972373008728,0.908348560333252,0.5765870213508606,0.39378827810287476
9,0.651660680770874,0.8866150379180908,0.581963837146759,0.38261014223098755
10,0.6581647396087646,0.866058349609375,0.5713198184967041,0.38347670435905457
11,0.6336547136306763,0.9462015628814697,0.5743901133537292,0.37551259994506836
12,0.6282764673233032,0.9191274046897888,0.5551222562789917,0.3822537362575531
13,0.6391561627388,0.9435508847236633,0.5393542647361755,0.37046146392822266
14,0.6280556917190552,0.8815293312072754,0.46454229950904846,0.3713792860507965
15,0.6153855919837952,0.899539589881897,0.44346943497657776,0.374414324760437
16,0.6225473880767822,0.9055874943733215,0.4929603040218353,0.36162424087524414
17,0.6327294111251831,0.9789595007896423,0.5086737275123596,0.35899344086647034
18,0.6301637887954712,0.9437437653541565,0.5003495812416077,0.3564482629299164
19,0.6102741360664368,1.017358422279358,0.5083931684494019,0.34453561902046204
20,0.5941238403320312,0.964941143989563,0.48849329352378845,0.34020817279815674
21,0.6017163991928101,1.0005638599395752,0.497951865196228,0.3445265293121338
22,0.6154852509498596,1.025773525238037,0.49954161047935486,0.34786486625671387
23,0.5929654836654663,1.043563961982727,0.4910602867603302,0.34360647201538086
24,0.617790937423706,1.057251214981079,0.49517130851745605,0.34443995356559753
25,0.598647952079773,1.0701042413711548,0.49828386306762695,0.34008994698524475
26,0.5921313762664795,1.070746660232544,0.4862195551395416,0.33673420548439026
27,0.588782787322998,1.0865099430084229,0.4903791844844818,0.34396883845329285
28,0.6100430488586426,1.127107858657837,0.49100303649902344,0.33532729744911194
29,0.5992534756660461,1.0648900270462036,0.49891233444213867,0.33999910950660706
30,0.5924798250198364,1.064465045928955,0.4969150722026825,0.3452056348323822
31,0.5822023153305054,1.149812936782837,0.5052585601806641,0.3371128737926483
32,0.5939351320266724,1.154603123664856,0.5155737400054932,0.3422916531562805
33,0.5682885050773621,1.0755739212036133,0.5008721947669983,0.3389102518558502
34,0.5746628046035767,1.1471059322357178,0.4878096878528595,0.3414062559604645
35,0.565956175327301,1.1544111967086792,0.5049042701721191,0.3324722945690155
36,0.5888285636901855,1.256571888923645,0.506178617477417,0.336517333984375
37,0.56719970703125,1.189056396484375,0.5034557580947876,0.34627774357795715
38,0.5540239810943604,1.2000600099563599,0.4924159348011017,0.334017276763916
39,0.5614504218101501,1.1483947038650513,0.5050281882286072,0.3422251343727112
40,0.5733792781829834,1.187303900718689,0.49174317717552185,0.33967432379722595
41,0.5687557458877563,1.2791032791137695,0.4989904463291168,0.34148767590522766
42,0.5639524459838867,1.3168374300003052,0.504668653011322,0.3317112326622009
43,0.5530914664268494,1.1303538084030151,0.5006518363952637,0.34065622091293335
44,0.5506085157394409,1.2447199821472168,0.5083593130111694,0.3339862525463104
45,0.537030816078186,1.2984097003936768,0.4945659637451172,0.33916833996772766
46,0.5603358149528503,1.2538131475448608,0.4895154535770416,0.34049832820892334
47,0.5569275617599487,1.3165555000305176,0.4954814612865448,0.3411142826080322
48,0.5542325973510742,1.2381019592285156,0.5028306841850281,0.3370994031429291
49,0.5283159017562866,1.258655309677124,0.5049403309822083,0.3367466330528259
50,0.5762850046157837,1.2821204662322998,0.5027400255203247,0.3338736891746521
51,0.5356720685958862,1.2715131044387817,0.4758184850215912,0.3262774348258972
52,0.5541924238204956,1.1920260190963745,0.5008771419525146,0.33626192808151245
53,0.5649976134300232,1.2772594690322876,0.4911288022994995,0.33332082629203796
54,0.569849967956543,1.2118706703186035,0.4877149760723114,0.32904547452926636
55,0.5759419202804565,1.2252542972564697,0.48975396156311035,0.3354211449623108
56,0.5754117369651794,1.2997679710388184,0.5004454851150513,0.331574022769928
57,0.5776769518852234,1.2635831832885742,0.4981488287448883,0.32930484414100647
58,0.5872243046760559,1.1552278995513916,0.48507246375083923,0.330968976020813
59,0.5722313523292542,1.1596592664718628,0.5101624131202698,0.33710816502571106
60,0.6335247159004211,1.178350567817688,0.49265217781066895,0.3324716091156006
61,0.599818766117096,1.1330194473266602,0.4927557706832886,0.3265080451965332
62,0.5795794129371643,1.177031397819519,0.5027596354484558,0.32482248544692993
63,0.6072657108306885,1.0315724611282349,0.4967968165874481,0.3231249153614044
64,0.5906699895858765,1.1494296789169312,0.5046723484992981,0.32318538427352905
65,0.5910433530807495,1.0748987197875977,0.5013394355773926,0.32895147800445557
66,0.614761233329773,1.233622431755066,0.49505284428596497,0.3218267858028412
67,0.612856388092041,1.1027462482452393,0.5015389323234558,0.33156225085258484
68,0.5716649293899536,1.1505712270736694,0.4892425835132599,0.32945847511291504
69,0.5944749116897583,1.1589117050170898,0.5061892867088318,0.33158576488494873
70,0.583716630935669,1.1362768411636353,0.4993307292461395,0.32653310894966125
71,0.5954087972640991,1.12061607837677,0.5101892948150635,0.3289596438407898
72,0.5719267129898071,1.1483039855957031,0.4863449037075043,0.3307088017463684
73,0.62441086769104,1.1292423009872437,0.4965638220310211,0.33062347769737244
74,0.5851352214813232,1.1219178438186646,0.5029552578926086,0.3338213562965393
75,0.5933789014816284,1.1431108713150024,0.4904015362262726,0.33080050349235535
76,0.6147457361221313,1.0801239013671875,0.4904184639453888,0.3204876184463501
77,0.6199562549591064,1.0450588464736938,0.5026876330375671,0.32811909914016724
78,0.6007580757141113,1.0284628868103027,0.4979149103164673,0.3296917676925659
79,0.5883713364601135,1.1228642463684082,0.49613580107688904,0.330045223236084
80,0.6062066555023193,1.0576252937316895,0.5006539821624756,0.32796457409858704
81,0.5998817682266235,1.05882728099823,0.503720760345459,0.32817599177360535
82,0.6131186485290527,1.0261884927749634,0.5040873885154724,0.3288196623325348
83,0.6232374906539917,1.072274088859558,0.4950149357318878,0.3266051709651947
84,0.6124740839004517,1.111293077468872,0.4896489083766937,0.3316684663295746
85,0.5911916494369507,1.0306411981582642,0.4915235936641693,0.3272298574447632
86,0.5752842426300049,1.1422024965286255,0.5083985924720764,0.33182716369628906
87,0.6107239723205566,1.066406488418579,0.50129634141922,0.3289721608161926
88,0.5873440504074097,1.1354475021362305,0.4957253932952881,0.3293086886405945
89,0.6083452701568604,1.1290628910064697,0.48596081137657166,0.3263661861419678
90,0.613710880279541,1.082934021949768,0.49929842352867126,0.33103618025779724
91,0.602613091468811,1.0854718685150146,0.508351743221283,0.3325669467449188
92,0.6123194694519043,1.065779685974121,0.4907085597515106,0.3238217830657959
93,0.6032170653343201,1.0344386100769043,0.502971887588501,0.3285708427429199
94,0.6280754804611206,1.0017273426055908,0.49378764629364014,0.32864490151405334
95,0.6245858669281006,1.0454325675964355,0.4935471713542938,0.3288542628288269
96,0.6366670727729797,1.04364013671875,0.4964115619659424,0.32856816053390503
97,0.6070157289505005,1.0168704986572266,0.5067957043647766,0.3318096399307251
98,0.6158743500709534,1.0658992528915405,0.504551351070404,0.32673054933547974
99,0.6152045726776123,1.0856592655181885,0.49842095375061035,0.33394765853881836
100,0.6017025709152222,1.0603429079055786,0.49152278900146484,0.329135924577713
101,0.6294790506362915,1.1232022047042847,0.5009821057319641,0.3314695954322815
102,0.6389718651771545,1.0030065774917603,0.4955854117870331,0.32741162180900574
103,0.5951831340789795,1.1474013328552246,0.487125426530838,0.32976335287094116
104,0.6007993221282959,1.0610281229019165,0.49930205941200256,0.32803502678871155
105,0.6249285936355591,0.9729533195495605,0.4980483055114746,0.32592856884002686
106,0.6452277898788452,1.026764154434204,0.49949339032173157,0.3340587317943573
107,0.6284369230270386,0.9619408845901489,0.49871718883514404,0.3288692235946655
108,0.6214808225631714,0.9714654088020325,0.4921020269393921,0.32833224534988403
109,0.6133115887641907,1.0074299573898315,0.4920732080936432,0.32994332909584045
110,0.6131243705749512,1.0125938653945923,0.48951736092567444,0.3270951807498932
111,0.6138575077056885,0.9653428196907043,0.4855387508869171,0.3256099820137024
112,0.6206929683685303,0.934082567691803,0.49984368681907654,0.32930517196655273
113,0.6064122915267944,0.9616571068763733,0.49592041969299316,0.3286688029766083
114,0.6592729091644287,0.9766366481781006,0.5003698468208313,0.3332166075706482
115,0.6126834154129028,0.9625840187072754,0.4980959892272949,0.3330467939376831
116,0.6382954120635986,0.9509426355361938,0.4987829625606537,0.3250557780265808
117,0.6053718328475952,0.9814298152923584,0.4916726350784302,0.3256295919418335
118,0.6158720850944519,0.9564715027809143,0.49921107292175293,0.32911038398742676
119,0.6182502508163452,0.9729394316673279,0.4951493442058563,0.3245442807674408
120,0.6437963843345642,0.9408402442932129,0.49032828211784363,0.32407084107398987
121,0.6248980164527893,0.9501081109046936,0.5003674626350403,0.32817012071609497
122,0.6272463798522949,0.9490811824798584,0.5034022927284241,0.32976409792900085
123,0.6229248642921448,0.9181534647941589,0.49996480345726013,0.32990577816963196
124,0.6285454034805298,0.9573693871498108,0.5004651546478271,0.3308546841144562
125,0.6117380857467651,1.0396419763565063,0.5024145245552063,0.32890966534614563
126,0.654062032699585,0.90701824426651,0.49330177903175354,0.3305535614490509
127,0.6431275010108948,0.9635249972343445,0.49030637741088867,0.32618317008018494
128,0.641092836856842,0.9224045276641846,0.5020713210105896,0.33444270491600037
129,0.6396839618682861,0.8840144872665405,0.5016215443611145,0.32849717140197754
130,0.6252529621124268,0.9410085082054138,0.49244871735572815,0.32832208275794983
131,0.612579882144928,0.9139774441719055,0.5031659007072449,0.33366721868515015
132,0.6364495754241943,0.9565741419792175,0.49408555030822754,0.32771414518356323
133,0.6295134425163269,0.8784029483795166,0.4949010908603668,0.3285735547542572
134,0.6100908517837524,0.9994378685951233,0.4989147484302521,0.33328741788864136
135,0.6437329053878784,0.890093982219696,0.50252765417099,0.33175128698349
136,0.6513369083404541,0.8715822696685791,0.4963127672672272,0.3272124230861664
137,0.6470166444778442,0.8385564684867859,0.4965614378452301,0.328431636095047
138,0.6152562499046326,1.0130610466003418,0.4962591230869293,0.3337949216365814
139,0.648146390914917,0.9366375207901001,0.4974323511123657,0.328783243894577
140,0.6209779977798462,0.9346929788589478,0.49269965291023254,0.32223403453826904
141,0.6348395943641663,0.8939532041549683,0.49294137954711914,0.3247359097003937
142,0.6374010443687439,0.9603295922279358,0.495856374502182,0.3284251093864441
143,0.6299425363540649,0.9950188994407654,0.49528682231903076,0.3298720717430115
144,0.6543083190917969,0.8857676982879639,0.5003467202186584,0.3332615792751312
145,0.6204652190208435,0.9542776942253113,0.492558091878891,0.3248765766620636
146,0.6166293621063232,0.9966172575950623,0.4944681227207184,0.32565316557884216
147,0.6401031017303467,0.8916886448860168,0.5002267956733704,0.33443406224250793
148,0.631070077419281,0.8928290009498596,0.5000202655792236,0.3318169414997101
149,0.6546114683151245,0.9044980406761169,0.4968205392360687,0.3277309834957123
150,0.6358060836791992,0.8778120875358582,0.49132636189460754,0.3231160044670105
151,0.6483886241912842,0.942603588104248,0.49795815348625183,0.3308909833431244
152,0.6445378065109253,0.8849919438362122,0.49417218565940857,0.327897310256958
153,0.637595534324646,0.9308484196662903,0.5035493969917297,0.33077722787857056
154,0.6438518166542053,0.8583418726921082,0.49732640385627747,0.33038365840911865
155,0.6310501098632812,0.8902990818023682,0.49011632800102234,0.32530274987220764
156,0.6521557569503784,0.9137881994247437,0.500922441482544,0.33386683464050293
157,0.6291214227676392,0.8960975408554077,0.5001100897789001,0.3273732662200928
158,0.6582902669906616,0.8482703566551208,0.4992734491825104,0.3321256637573242
159,0.6402108669281006,0.8694230318069458,0.5049269795417786,0.3357639014720917
160,0.6408734321594238,0.881524920463562,0.49544039368629456,0.32772964239120483
161,0.6375221014022827,0.9505022764205933,0.49754682183265686,0.3306024670600891
162,0.650130033493042,0.9083282351493835,0.5002556443214417,0.332355260848999
163,0.6434676051139832,0.9145406484603882,0.501377522945404,0.3300544023513794
164,0.6521458625793457,0.8142027854919434,0.4956587255001068,0.3291383683681488
165,0.642723798751831,0.8389810919761658,0.5036070942878723,0.3313954174518585
166,0.6540614366531372,0.8437025547027588,0.49927255511283875,0.3274407982826233
167,0.6494897603988647,0.8343779444694519,0.5028414130210876,0.33479344844818115
168,0.6450228691101074,0.8960551023483276,0.4991021156311035,0.3297249376773834
169,0.6445057392120361,0.8862018585205078,0.5031221508979797,0.33250823616981506
170,0.6379528641700745,0.8641128540039062,0.4949420392513275,0.3242412209510803
171,0.6451312303543091,0.8535987138748169,0.4991573989391327,0.3302760720252991
172,0.633625864982605,0.921858549118042,0.5019232630729675,0.32869386672973633
173,0.6243675351142883,0.9383547306060791,0.49749088287353516,0.3280027508735657
174,0.6450392007827759,0.8899883031845093,0.4970574378967285,0.32811278104782104
175,0.6454784870147705,0.9170053005218506,0.49487367272377014,0.32837948203086853
176,0.6452200412750244,0.911960780620575,0.5065224170684814,0.3347029387950897
177,0.6433508992195129,0.8942794799804688,0.5079110264778137,0.33566349744796753
178,0.6520645618438721,0.8397373557090759,0.5014031529426575,0.33321908116340637
179,0.6487919688224792,0.8138067126274109,0.48568761348724365,0.3232868015766144
180,0.6510953903198242,0.8246548771858215,0.49876388907432556,0.33347442746162415
181,0.668080747127533,0.8344950675964355,0.5026142001152039,0.3350549340248108
182,0.6362200379371643,0.8751403093338013,0.49371838569641113,0.3261978030204773
183,0.6697521209716797,0.8347573280334473,0.5016685128211975,0.32906195521354675
184,0.6673725843429565,0.802115261554718,0.4994817078113556,0.33397310972213745
185,0.6468125581741333,0.8411471843719482,0.5025345683097839,0.33314207196235657
186,0.6415923833847046,0.8994559049606323,0.4892331063747406,0.3302329182624817
187,0.6374561786651611,0.8683878779411316,0.4988741874694824,0.3287056088447571
188,0.6631866693496704,0.8181757926940918,0.4904543459415436,0.3207921087741852
189,0.6328721046447754,0.8449805378913879,0.4996050298213959,0.3327876329421997
190,0.6482399702072144,0.8625380992889404,0.4989487826824188,0.3313707411289215
191,0.6495592594146729,0.8424798250198364,0.4959339201450348,0.3279270827770233
192,0.6619556546211243,0.8422582149505615,0.49914249777793884,0.3282046914100647
193,0.6394908428192139,0.8229137063026428,0.5039532780647278,0.3320627510547638
194,0.6566900014877319,0.8879464268684387,0.49561551213264465,0.3289794623851776
195,0.6607397794723511,0.8008115887641907,0.5003234148025513,0.32980290055274963
196,0.6573736667633057,0.7955482602119446,0.5010075569152832,0.333756685256958
197,0.6418644785881042,0.8512980341911316,0.5008323192596436,0.33462709188461304
198,0.6667914390563965,0.8067414164543152,0.4974736273288727,0.32827720046043396
199,0.6702321171760559,0.812774121761322,0.5015701651573181,0.33285218477249146
200,0.6533164978027344,0.8630349636077881,0.5029972195625305,0.3333805799484253
201,0.6432470679283142,0.8189681172370911,0.4914577901363373,0.3236691951751709
202,0.656508207321167,0.8205330967903137,0.4971078336238861,0.3303457498550415
203,0.6454005241394043,0.861172616481781,0.5002257823944092,0.33459755778312683
204,0.6669823527336121,0.7903296947479248,0.4895515441894531,0.3221712112426758
205,0.6512713432312012,0.8639379143714905,0.4979911148548126,0.32723164558410645
206,0.6481882333755493,0.8231920599937439,0.4998745024204254,0.3303675055503845
207,0.6457809209823608,0.8014469742774963,0.5052991509437561,0.33682259917259216
208,0.6600328683853149,0.8218082785606384,0.4958776533603668,0.32760119438171387
209,0.651307225227356,0.8046054840087891,0.5010903477668762,0.3322575092315674
210,0.639601469039917,0.7991105318069458,0.4964996874332428,0.3305104374885559
211,0.6584266424179077,0.8123945593833923,0.4965296983718872,0.3299276828765869
212,0.615349292755127,0.8960135579109192,0.5000218152999878,0.3351950943470001
213,0.6575531959533691,0.8301050662994385,0.4973897933959961,0.33034005761146545
214,0.6804068684577942,0.7475018501281738,0.4981331527233124,0.3316659927368164
215,0.6465831995010376,0.850779116153717,0.49924468994140625,0.329063355922699
216,0.6542479991912842,0.8175339698791504,0.499718576669693,0.3273622989654541
217,0.6454761624336243,0.8129622340202332,0.5017025470733643,0.330497145652771
218,0.637093186378479,0.8469675779342651,0.501023530960083,0.33678150177001953
219,0.6589834690093994,0.8145785927772522,0.49365243315696716,0.3275005519390106
220,0.6705536842346191,0.8098515868186951,0.5041080117225647,0.3363630473613739
221,0.67094486951828,0.7656897306442261,0.4936526119709015,0.3276987373828888
222,0.6615406274795532,0.808979868888855,0.5026043057441711,0.33411139249801636
223,0.6663333773612976,0.7884317636489868,0.49260270595550537,0.32579663395881653
224,0.6850210428237915,0.7690259218215942,0.49581608176231384,0.32925841212272644
225,0.6675821542739868,0.7867197394371033,0.49313226342201233,0.32358139753341675
226,0.6562760472297668,0.8004371523857117,0.49156662821769714,0.32489120960235596
227,0.6552401781082153,0.785118043422699,0.5023901462554932,0.3339489996433258
228,0.6622971296310425,0.7885260581970215,0.4979560375213623,0.331454873085022
229,0.6522954702377319,0.8241050839424133,0.49582934379577637,0.3301183879375458
230,0.6475628614425659,0.7803811430931091,0.5016493201255798,0.33277419209480286
231,0.6415746212005615,0.8114468455314636,0.5007839202880859,0.33466920256614685
232,0.6695915460586548,0.7659261226654053,0.49337831139564514,0.3297053575515747
233,0.6676199436187744,0.7624378204345703,0.4943580627441406,0.3278433382511139
234,0.6595771312713623,0.8228195905685425,0.5030248761177063,0.3296816349029541
235,0.6726786494255066,0.7724169492721558,0.4924010932445526,0.325733482837677
236,0.6490439176559448,0.855100154876709,0.49603310227394104,0.33023834228515625
237,0.6591644883155823,0.7978206872940063,0.5056425929069519,0.3357967138290405
238,0.6557508707046509,0.7774147987365723,0.4966903030872345,0.33166128396987915
239,0.6713088750839233,0.7585482597351074,0.4953533709049225,0.32774293422698975
240,0.672605037689209,0.7720836400985718,0.49765661358833313,0.33285588026046753
241,0.6644759178161621,0.7768038511276245,0.502125084400177,0.3354443907737732
242,0.6658313274383545,0.782508373260498,0.492671400308609,0.32588356733322144
243,0.6554656028747559,0.8227741122245789,0.4947202205657959,0.3269506096839905
244,0.666250467300415,0.8013591766357422,0.49115487933158875,0.3242325484752655
245,0.6701473593711853,0.7715016007423401,0.49725326895713806,0.33292245864868164
246,0.6692184209823608,0.7982996702194214,0.49454545974731445,0.3289971649646759
247,0.641973614692688,0.8228716254234314,0.49375391006469727,0.32696062326431274
248,0.6674896478652954,0.7863215804100037,0.4924222528934479,0.3275013864040375
249,0.670779824256897,0.7531452178955078,0.5003957748413086,0.33211395144462585
250,0.6580343246459961,0.7809796333312988,0.48725637793540955,0.3224109411239624
251,0.6673322319984436,0.7811326384544373,0.49599266052246094,0.3313417434692383
252,0.655309796333313,0.8181374073028564,0.5054295659065247,0.3342098891735077
253,0.6618518829345703,0.8110644221305847,0.4941042959690094,0.32931414246559143
254,0.6484670042991638,0.8241000175476074,0.5060757994651794,0.3344777524471283
255,0.6775496006011963,0.7560217380523682,0.4930427074432373,0.32596591114997864
256,0.6672468185424805,0.8130971789360046,0.5016910433769226,0.33194562792778015
257,0.6759412288665771,0.7617062330245972,0.49943843483924866,0.32988932728767395
258,0.6829636096954346,0.7520446181297302,0.507554829120636,0.33686429262161255
259,0.6619497537612915,0.7580402493476868,0.49473342299461365,0.3275790810585022
260,0.6601822376251221,0.8053127527236938,0.4962274730205536,0.3299347758293152
261,0.6742618083953857,0.7437179684638977,0.5019031167030334,0.33189496397972107
262,0.6641117930412292,0.7603058815002441,0.5027482509613037,0.33366721868515015
263,0.6470175385475159,0.7540538311004639,0.4969749450683594,0.33080777525901794
264,0.6641323566436768,0.7960091829299927,0.5009319186210632,0.3340397775173187
265,0.6764324307441711,0.7691898941993713,0.4960002899169922,0.32839950919151306
266,0.6731805801391602,0.7403247356414795,0.4999227225780487,0.3304556906223297
267,0.6802517175674438,0.7644963264465332,0.4993950426578522,0.3297746181488037
268,0.6760209202766418,0.7743508815765381,0.4968460500240326,0.33111056685447693
269,0.6588146090507507,0.794308066368103,0.48985370993614197,0.3263973891735077
270,0.6681951880455017,0.7519599199295044,0.4979759454727173,0.3302076756954193
271,0.6610831022262573,0.7644729018211365,0.499027281999588,0.32955238223075867
272,0.6776275634765625,0.7249001860618591,0.49745431542396545,0.33066555857658386
273,0.6575891971588135,0.76134192943573,0.49403873085975647,0.3278968632221222
274,0.6806579828262329,0.7534440159797668,0.49828147888183594,0.3302067220211029
275,0.6904556751251221,0.7654469609260559,0.49711957573890686,0.33280399441719055
276,0.6680360436439514,0.7714313268661499,0.4965269863605499,0.3316551744937897
277,0.650174081325531,0.8430629968643188,0.48626694083213806,0.32435208559036255
278,0.64696204662323,0.8130541443824768,0.5010077357292175,0.3313000798225403
279,0.6314634084701538,0.8849009275436401,0.5044876933097839,0.3328632414340973
280,0.6391409635543823,0.90018630027771,0.5041077136993408,0.3377247750759125
281,0.6757038831710815,0.8195843696594238,0.5074183940887451,0.33576729893684387
282,0.6632953882217407,0.8176465630531311,0.4935791492462158,0.3286930322647095
283,0.6733007431030273,0.773616373538971,0.493314653635025,0.3283632695674896
284,0.6592868566513062,0.8458918929100037,0.4951786994934082,0.3301137387752533
285,0.6648881435394287,0.7836978435516357,0.4959302842617035,0.330066978931427
286,0.6679145097732544,0.7491159439086914,0.4969349801540375,0.33045998215675354
287,0.6641272306442261,0.7945814728736877,0.5014347434043884,0.3337198495864868
288,0.6734513640403748,0.72903972864151,0.4926128387451172,0.32781127095222473
289,0.6736916899681091,0.7151409387588501,0.4913596212863922,0.32720646262168884
290,0.6771078109741211,0.7534186244010925,0.4970982074737549,0.33326390385627747
291,0.6734666228294373,0.7193770408630371,0.4899515211582184,0.3233589828014374
292,0.6769417524337769,0.7295233011245728,0.4943763315677643,0.3255241811275482
293,0.6907209157943726,0.7243698239326477,0.4959191083908081,0.3326549530029297
294,0.682641863822937,0.7658896446228027,0.49473610520362854,0.3290671706199646
295,0.6619325876235962,0.7574335336685181,0.495731920003891,0.3284035325050354
296,0.6712371110916138,0.7669265866279602,0.49592089653015137,0.33036574721336365
297,0.680005669593811,0.7508376836776733,0.49393853545188904,0.32418909668922424
298,0.6749457716941833,0.7537364363670349,0.4997312128543854,0.33143118023872375
299,0.6682928204536438,0.7524546980857849,0.49289652705192566,0.32402947545051575
300,0.6803603768348694,0.7513542175292969,0.5051371455192566,0.33913204073905945
301,0.6818387508392334,0.7339246273040771,0.5040132999420166,0.33286020159721375
302,0.667536735534668,0.76890629529953,0.5000638961791992,0.3320540487766266
303,0.6726781725883484,0.7410573363304138,0.5026811361312866,0.333347886800766
304,0.6618961095809937,0.7607669234275818,0.490485817193985,0.325376033782959
305,0.6664152145385742,0.7476565837860107,0.49807026982307434,0.33013486862182617
306,0.6674277186393738,0.7592657804489136,0.5014907121658325,0.33374351263046265
307,0.6811137199401855,0.7699892520904541,0.49207356572151184,0.3253336250782013
308,0.6765350103378296,0.7199938297271729,0.501506507396698,0.33388179540634155
309,0.6751368045806885,0.7503876686096191,0.49765682220458984,0.3314207196235657
310,0.6836531162261963,0.7498376369476318,0.4958252012729645,0.32710346579551697
311,0.6708212494850159,0.744674026966095,0.49141982197761536,0.3262404203414917
312,0.6757773160934448,0.7250552177429199,0.49570444226264954,0.33210232853889465
313,0.6805620193481445,0.7415214776992798,0.4964691698551178,0.3305019438266754
314,0.6760048866271973,0.7379565238952637,0.49742063879966736,0.32927775382995605
315,0.6692852973937988,0.7328848838806152,0.5015885233879089,0.3328702747821808
316,0.6695218086242676,0.7428604960441589,0.5002972483634949,0.3348380923271179
317,0.676059901714325,0.7728937268257141,0.4939565360546112,0.32766300439834595
318,0.6803640127182007,0.7773005962371826,0.5006737112998962,0.33137619495391846
319,0.6708332896232605,0.7706847190856934,0.49070486426353455,0.3252493441104889
320,0.6868864297866821,0.7433809638023376,0.5040881633758545,0.33479446172714233
321,0.6830841302871704,0.7559735178947449,0.49527493119239807,0.32935622334480286
322,0.6390870809555054,0.7910847663879395,0.4939088821411133,0.3290986120700836
323,0.6399812698364258,0.8810868263244629,0.49455341696739197,0.331940233707428
324,0.651140570640564,0.8456180691719055,0.5002647638320923,0.3329465985298157
325,0.6619232892990112,0.7830721735954285,0.5017092227935791,0.32776516675949097
326,0.6495418548583984,0.9037216305732727,0.5097538232803345,0.3385452330112457
327,0.6361960172653198,0.8931427001953125,0.4977378845214844,0.334211528301239
328,0.6649570465087891,0.7633129358291626,0.49604281783103943,0.3299245834350586
329,0.6826503276824951,0.729895293712616,0.49402984976768494,0.3279789090156555
330,0.6747066378593445,0.738756537437439,0.49353477358818054,0.32826414704322815
331,0.666228711605072,0.7251663208007812,0.4960556924343109,0.3278774917125702
332,0.6794795989990234,0.729986310005188,0.4983874261379242,0.3309420943260193
333,0.6595218777656555,0.786507785320282,0.5023233294487,0.33431100845336914
334,0.6763259172439575,0.7477254867553711,0.4982074201107025,0.33144277334213257
335,0.6781575679779053,0.7575566172599792,0.49960505962371826,0.3307163715362549
336,0.6682671308517456,0.7417638897895813,0.4938996732234955,0.32776257395744324
337,0.670025646686554,0.7501734495162964,0.4950498342514038,0.3276151120662689
338,0.6711794137954712,0.7506946325302124,0.4963342249393463,0.3314743638038635
339,0.6745960116386414,0.7382522225379944,0.4980698525905609,0.3315085172653198
340,0.6773867011070251,0.7490226626396179,0.49622440338134766,0.328575998544693
341,0.6668672561645508,0.7457981705665588,0.49795833230018616,0.32915014028549194
342,0.672623872756958,0.7354194521903992,0.49743786454200745,0.32882681488990784
343,0.684968113899231,0.7604975700378418,0.4937914311885834,0.32872915267944336
344,0.6604620814323425,0.7628269791603088,0.49532413482666016,0.32804518938064575
345,0.6808941960334778,0.7275615930557251,0.49441826343536377,0.3292590379714966
346,0.6693563461303711,0.7469256520271301,0.4932774603366852,0.32578060030937195
347,0.6733534336090088,0.7568932175636292,0.5021396279335022,0.3316146433353424
348,0.6796169877052307,0.7405447959899902,0.49806272983551025,0.3317318558692932
349,0.6648719310760498,0.7656034231185913,0.49670925736427307,0.3303651511669159
350,0.6813178062438965,0.7355712056159973,0.49882078170776367,0.3290531635284424
351,0.6822328567504883,0.7191109657287598,0.4958312511444092,0.3279283940792084
352,0.6744275093078613,0.7361427545547485,0.4912949502468109,0.3224494457244873
353,0.6802618503570557,0.7630069255828857,0.49891868233680725,0.3298282027244568
354,0.6757131814956665,0.723563015460968,0.5048225522041321,0.33596453070640564
355,0.6782351732254028,0.7423449158668518,0.49765369296073914,0.3304758667945862
356,0.6751493215560913,0.7572879791259766,0.49948009848594666,0.33368080854415894
357,0.6828247904777527,0.719372034072876,0.49185600876808167,0.32856181263923645
358,0.6620876789093018,0.749259889125824,0.5049042701721191,0.3352312445640564
359,0.6852374076843262,0.731431245803833,0.4950905740261078,0.33000144362449646
360,0.6741652488708496,0.7573329210281372,0.5001885294914246,0.33373746275901794
361,0.6766912341117859,0.7387760877609253,0.49730563163757324,0.3298752009868622
362,0.6770987510681152,0.7230758666992188,0.49888870120048523,0.3303311765193939
363,0.6828383803367615,0.7278114557266235,0.5041316151618958,0.3331843316555023
364,0.6828502416610718,0.7345119714736938,0.49996089935302734,0.3338003158569336
365,0.6869550943374634,0.7373877763748169,0.5037791132926941,0.3340287506580353
366,0.6828259229660034,0.7467842102050781,0.49777737259864807,0.3326531946659088
367,0.6732997894287109,0.7360575199127197,0.4998858869075775,0.33017510175704956
368,0.6756339073181152,0.7470501661300659,0.4974108636379242,0.32896241545677185
369,0.6684087514877319,0.7295433878898621,0.49657580256462097,0.32800573110580444
370,0.6819201707839966,0.7391272187232971,0.49834704399108887,0.3320837616920471
371,0.6878898739814758,0.7352770566940308,0.4967016279697418,0.3290140628814697
372,0.6631414890289307,0.7650557160377502,0.4942900240421295,0.33211854100227356
373,0.6918445825576782,0.7297733426094055,0.4954439103603363,0.3272266089916229
374,0.6750066876411438,0.7550824284553528,0.5017073154449463,0.33668282628059387
375,0.6823328733444214,0.7191241383552551,0.5002625584602356,0.33056405186653137
376,0.6756644248962402,0.7584872841835022,0.4981116056442261,0.32882100343704224
377,0.6881232857704163,0.773938775062561,0.48702049255371094,0.324305921792984
378,0.6364895105361938,0.8349380493164062,0.493767648935318,0.3316558003425598
379,0.6239100694656372,1.0182514190673828,0.492593377828598,0.3363509774208069
380,0.6079493165016174,1.1583493947982788,0.48258674144744873,0.33763131499290466
381,0.5686652064323425,1.2624032497406006,0.4825252294540405,0.3285033404827118
382,0.6554970145225525,0.8970232009887695,0.5125016570091248,0.3367674946784973
383,0.6385337710380554,0.8203339576721191,0.5110561847686768,0.3371913433074951
384,0.6766828298568726,0.7312831282615662,0.5006248354911804,0.3300839960575104
385,0.6646639108657837,0.8903438448905945,0.5008783936500549,0.3320699632167816
386,0.6795141696929932,0.7124574184417725,0.5019659399986267,0.3308369815349579
387,0.6741257905960083,0.6914994120597839,0.5009655952453613,0.33652475476264954
388,0.6871300339698792,0.7309459447860718,0.49585971236228943,0.3289036154747009
389,0.6836484670639038,0.7247588038444519,0.4984532594680786,0.3294168710708618
390,0.6749379634857178,0.7291426658630371,0.49654850363731384,0.33021190762519836
391,0.6810846328735352,0.7297015190124512,0.49762025475502014,0.3284335732460022
392,0.6711137294769287,0.7278395891189575,0.49494242668151855,0.3262743055820465
393,0.6757674813270569,0.7330012917518616,0.5045133233070374,0.3350891172885895
394,0.6850862503051758,0.7327749729156494,0.49400249123573303,0.3278762400150299
395,0.6771558523178101,0.727306604385376,0.49230876564979553,0.32594138383865356
396,0.6836820840835571,0.7241203784942627,0.49413439631462097,0.3262938857078552
397,0.6761678457260132,0.7319514155387878,0.501457154750824,0.3306812644004822
398,0.6863460540771484,0.7323852777481079,0.5001495480537415,0.3329664170742035
399,0.6830441951751709,0.7397841811180115,0.4972917139530182,0.328302800655365
400,0.6843269467353821,0.7312664985656738,0.4945303499698639,0.33083444833755493
401,0.6798563003540039,0.7357621192932129,0.49809709191322327,0.33172541856765747
402,0.6740745902061462,0.7265587449073792,0.5008009076118469,0.3318191468715668
403,0.6861611008644104,0.7203323245048523,0.4913639724254608,0.32525867223739624
404,0.684873640537262,0.7570900917053223,0.49409905076026917,0.3281826078891754
405,0.6932452917098999,0.7320468425750732,0.4985849857330322,0.33041253685951233
406,0.6712623834609985,0.7210555076599121,0.5058168768882751,0.3341946303844452
407,0.6780862808227539,0.7424088716506958,0.501106321811676,0.33455225825309753
408,0.6744852066040039,0.7303565144538879,0.4951822757720947,0.32778671383857727
409,0.675126314163208,0.7487331628799438,0.49945494532585144,0.33403709530830383
410,0.6871975064277649,0.7182456851005554,0.4972198009490967,0.3308071792125702
411,0.6776049137115479,0.7542135119438171,0.49536681175231934,0.3284280598163605
412,0.6856456995010376,0.748619794845581,0.49741554260253906,0.33012548089027405
413,0.6782479286193848,0.7442921996116638,0.5047837495803833,0.3346799612045288
414,0.6768805980682373,0.7331071496009827,0.4969560205936432,0.32874566316604614
415,0.6801372766494751,0.7347317337989807,0.4979785978794098,0.3313526213169098
416,0.6656379103660583,0.7545256018638611,0.5025804042816162,0.3360697329044342
417,0.678170382976532,0.730422854423523,0.49597296118736267,0.32889172434806824
418,0.678275465965271,0.7240205407142639,0.49725210666656494,0.33038896322250366
419,0.6918362379074097,0.7525432705879211,0.4952761232852936,0.33042049407958984
420,0.6766820549964905,0.7560954093933105,0.49504366517066956,0.32962146401405334
421,0.6813807487487793,0.7479630708694458,0.5021816492080688,0.33530139923095703
422,0.6796900033950806,0.7205677032470703,0.49534979462623596,0.3275638818740845
423,0.6665381789207458,0.7416090369224548,0.49008822441101074,0.32256004214286804
424,0.6707944869995117,0.7346774935722351,0.4955683648586273,0.3293539583683014
425,0.6886476874351501,0.7484394311904907,0.49868538975715637,0.33085933327674866
426,0.6865983009338379,0.7483038902282715,0.49827805161476135,0.3322758972644806
427,0.6815886497497559,0.7157760858535767,0.5013323426246643,0.3331601023674011
428,0.6833437085151672,0.7411600947380066,0.5032651424407959,0.33512768149375916
429,0.6809368133544922,0.7527841925621033,0.4994468688964844,0.3307460844516754
430,0.6790378093719482,0.736271321773529,0.4915207624435425,0.3266729712486267
431,0.6767573952674866,0.7497355341911316,0.4974632263183594,0.3301832973957062
432,0.6962976455688477,0.7367992401123047,0.48908117413520813,0.32514217495918274
433,0.6859280467033386,0.7171987295150757,0.4996303617954254,0.33287477493286133
434,0.6718471050262451,0.7505449056625366,0.5006957650184631,0.33116552233695984
435,0.6882349252700806,0.718230128288269,0.49206891655921936,0.32663384079933167
436,0.677709698677063,0.7307147979736328,0.4981839656829834,0.3289637565612793
437,0.6810322999954224,0.7388041615486145,0.5032052397727966,0.3324262499809265
438,0.6729705929756165,0.7378117442131042,0.4987865388393402,0.3318769931793213
439,0.685515284538269,0.7369349002838135,0.49116888642311096,0.3227914571762085
440,0.6841127276420593,0.7224887013435364,0.4995667040348053,0.33202311396598816
441,0.676430344581604,0.7309941053390503,0.49715009331703186,0.3284790515899658
442,0.685419499874115,0.7304617762565613,0.5025529861450195,0.3338661193847656
443,0.678114652633667,0.7332309484481812,0.4954559803009033,0.3269629180431366
444,0.6793067455291748,0.7423508763313293,0.49919167160987854,0.333721786737442
445,0.6828305125236511,0.7462509870529175,0.5011406540870667,0.33343592286109924
446,0.6819624304771423,0.7406752109527588,0.4917546212673187,0.3248467743396759
447,0.6763632893562317,0.7340483665466309,0.5002801418304443,0.33037474751472473
448,0.6848109364509583,0.7335812449455261,0.49951231479644775,0.33126240968704224
449,0.6871401071548462,0.7296432852745056,0.4945906102657318,0.3271516263484955
450,0.6741212010383606,0.7586926221847534,0.5028011798858643,0.3338540196418762
451,0.6693013906478882,0.7572927474975586,0.4957236349582672,0.33211079239845276
452,0.6474600434303284,0.8445624113082886,0.5137762427330017,0.3401924967765808
453,0.6044710278511047,0.906390368938446,0.493370920419693,0.3386861979961395
454,0.5963218808174133,0.9303946495056152,0.4950787127017975,0.3350643515586853
455,0.6745467185974121,0.7532309293746948,0.49873244762420654,0.3287394046783447
456,0.6720757484436035,0.7173880338668823,0.506963312625885,0.3310352861881256
457,0.6250185370445251,0.8789689540863037,0.493806928396225,0.3265088200569153
458,0.6435471773147583,0.8427741527557373,0.5071473717689514,0.33215880393981934
459,0.634848952293396,0.8844953179359436,0.5008819699287415,0.32809144258499146
460,0.6750047206878662,0.719367504119873,0.502668559551239,0.33033642172813416
461,0.6594994068145752,0.810039758682251,0.5018410682678223,0.3333323299884796
462,0.6812512278556824,0.7017821073532104,0.5010742545127869,0.33288106322288513
463,0.6878087520599365,0.693437933921814,0.5032865405082703,0.3347456157207489
464,0.6917531490325928,0.7067819833755493,0.49545642733573914,0.3313460648059845
465,0.6820898652076721,0.7132274508476257,0.4992988109588623,0.33009403944015503
466,0.6775366067886353,0.7110832333564758,0.4952484667301178,0.3303176760673523
467,0.6770106554031372,0.7205794453620911,0.5031252503395081,0.3332829177379608
468,0.6823327541351318,0.7115480899810791,0.4970778226852417,0.32685890793800354
469,0.6754412651062012,0.7337175607681274,0.5002682209014893,0.33507469296455383
470,0.6826882362365723,0.7375871539115906,0.5055997967720032,0.33630046248435974
471,0.6818176507949829,0.7208131551742554,0.49565303325653076,0.33052366971969604
472,0.6779167652130127,0.7182093262672424,0.4986635744571686,0.33097803592681885
473,0.6850461959838867,0.728698194026947,0.49155452847480774,0.3252672553062439
474,0.6733778119087219,0.724182665348053,0.500461757183075,0.33426398038864136
475,0.6692873239517212,0.746360719203949,0.49910402297973633,0.33094552159309387
476,0.6763087511062622,0.7342391014099121,0.49703583121299744,0.3304618000984192
477,0.6823915839195251,0.727460503578186,0.4966706931591034,0.3285447359085083
478,0.6825401782989502,0.7374060750007629,0.49982932209968567,0.33322009444236755
479,0.6816481947898865,0.7354239225387573,0.49603214859962463,0.3300083577632904
480,0.6855549216270447,0.7290624976158142,0.49499550461769104,0.3291599750518799
481,0.6870368123054504,0.7171531915664673,0.5024507641792297,0.3335014283657074
482,0.6805965304374695,0.7369378209114075,0.497662216424942,0.33139827847480774
483,0.6839114427566528,0.7350390553474426,0.49882373213768005,0.32903188467025757
484,0.6809960603713989,0.7443022727966309,0.49116429686546326,0.3231622278690338
485,0.6836963891983032,0.7157536149024963,0.49626460671424866,0.32623738050460815
486,0.6890680193901062,0.7287387847900391,0.4955534040927887,0.3285742700099945
487,0.6804672479629517,0.7252854704856873,0.4940069019794464,0.32602131366729736
488,0.6936280727386475,0.7188801169395447,0.49284711480140686,0.3278145492076874
489,0.6796123385429382,0.7421896457672119,0.49506840109825134,0.3268027901649475
490,0.6896088719367981,0.7477837800979614,0.49392858147621155,0.3286913335323334
491,0.6877104043960571,0.7252645492553711,0.49757859110832214,0.3325049877166748
492,0.6780920028686523,0.7461731433868408,0.501933753490448,0.3351469039916992
493,0.6761409044265747,0.7643764615058899,0.4946366846561432,0.323822021484375
494,0.6751581430435181,0.7294341921806335,0.501933753490448,0.332933247089386
495,0.6697521209716797,0.7356706857681274,0.4949348270893097,0.32833459973335266
496,0.679729700088501,0.7375044822692871,0.4994582235813141,0.3325170576572418
497,0.6802049279212952,0.7326948046684265,0.49344730377197266,0.3266301453113556
498,0.6875235438346863,0.736520528793335,0.49597349762916565,0.3301823139190674
499,0.6962008476257324,0.7329249382019043,0.5006211400032043,0.3318493366241455
500,0.6831414699554443,0.7282398343086243,0.5032510161399841,0.3360340893268585
501,0.6754906177520752,0.7306742072105408,0.5047307014465332,0.33489277958869934
502,0.6911441683769226,0.7194957733154297,0.49133607745170593,0.32510775327682495
503,0.6788769960403442,0.7287110686302185,0.5002632737159729,0.3311237096786499
504,0.676047146320343,0.7300254702568054,0.49887776374816895,0.33078733086586
505,0.6832311153411865,0.7424557209014893,0.49426475167274475,0.32641956210136414
506,0.6958878636360168,0.7184866070747375,0.49345704913139343,0.3254053592681885
507,0.6719729900360107,0.7518736124038696,0.4974033832550049,0.3321045935153961
508,0.6814472079277039,0.7178463935852051,0.49265018105506897,0.32746705412864685
509,0.6776260137557983,0.732455849647522,0.5042282938957214,0.3354620635509491
510,0.6924156546592712,0.731985867023468,0.5009973645210266,0.3340190649032593
511,0.6800294518470764,0.7240001559257507,0.49485698342323303,0.3302622437477112
512,0.6819967031478882,0.7438698410987854,0.497349351644516,0.33014941215515137
513,0.6891220808029175,0.7235255241394043,0.49758031964302063,0.32937389612197876
514,0.6757529377937317,0.7431961297988892,0.4976229965686798,0.33062586188316345
515,0.6737929582595825,0.7287979125976562,0.49747133255004883,0.334552526473999
516,0.6764423847198486,0.7239366173744202,0.4988309442996979,0.3372771441936493
517,0.6803544759750366,0.7400078177452087,0.4992713928222656,0.33213967084884644
518,0.6839989423751831,0.7334144711494446,0.49763479828834534,0.3302450180053711
519,0.6814959049224854,0.7346253395080566,0.4963015615940094,0.33138924837112427
520,0.6815795302391052,0.7110087871551514,0.5004706382751465,0.33192524313926697
521,0.6861070394515991,0.7329177856445312,0.4934556484222412,0.3296624422073364
522,0.6879096031188965,0.712562084197998,0.5012148022651672,0.3348454236984253
523,0.6855177283287048,0.7432249784469604,0.49549588561058044,0.33080893754959106
524,0.690340518951416,0.7285388112068176,0.5001999139785767,0.32788407802581787
525,0.6772957444190979,0.7376392483711243,0.4992102384567261,0.33183473348617554
526,0.6887120008468628,0.729454517364502,0.5067780017852783,0.33587366342544556
527,0.6740900278091431,0.7283574938774109,0.5108162760734558,0.34071239829063416
528,0.6734643578529358,0.7260445952415466,0.4972284734249115,0.3260296583175659
529,0.6876112222671509,0.7192808985710144,0.49974000453948975,0.3299129009246826
530,0.680160403251648,0.7482262849807739,0.5044064521789551,0.33606213331222534
531,0.6850109100341797,0.7391301393508911,0.4953188896179199,0.32802483439445496
532,0.6845947504043579,0.7285265922546387,0.4972822666168213,0.32941123843193054
533,0.6760295629501343,0.7456599473953247,0.4943322241306305,0.328906774520874
534,0.6721473932266235,0.742159903049469,0.4968828856945038,0.329239159822464
535,0.6387212872505188,0.8559984564781189,0.49673059582710266,0.33175432682037354
536,0.6511965990066528,0.810940146446228,0.5178300738334656,0.33256199955940247
537,0.6105188131332397,1.1241952180862427,0.4949897527694702,0.34716686606407166
538,0.6531972885131836,0.922351062297821,0.5166626572608948,0.33130931854248047
539,0.6146012544631958,1.1222987174987793,0.4874797761440277,0.33501413464546204
540,0.6698410511016846,0.7758593559265137,0.4927199184894562,0.32934507727622986
541,0.6575282216072083,0.8413658142089844,0.48631834983825684,0.32933899760246277
542,0.6808460354804993,0.7667931914329529,0.4903148412704468,0.32862406969070435
543,0.6699233055114746,0.7992836833000183,0.4932985305786133,0.32401230931282043
544,0.671389102935791,0.7297067642211914,0.5017540454864502,0.331562340259552
545,0.6860232949256897,0.7265630960464478,0.5008309483528137,0.32874080538749695
546,0.6792475581169128,0.6923117637634277,0.4982213079929352,0.33238258957862854
547,0.6902104616165161,0.7107928991317749,0.5020463466644287,0.33350038528442383
548,0.6864349842071533,0.6983152031898499,0.49890413880348206,0.33037251234054565
549,0.6774648427963257,0.7281163334846497,0.499239057302475,0.333370566368103
550,0.6837934255599976,0.7216536402702332,0.48644647002220154,0.32195550203323364
551,0.6766417026519775,0.7306725978851318,0.49455294013023376,0.32559120655059814
552,0.687813401222229,0.7159352898597717,0.4968445301055908,0.32845616340637207
553,0.687774658203125,0.7168488502502441,0.500289797782898,0.3293111026287079
554,0.686853289604187,0.7238634824752808,0.4978513717651367,0.33314886689186096
555,0.6804039478302002,0.7213950753211975,0.5010516047477722,0.33295097947120667
556,0.6849098205566406,0.7222737669944763,0.4955521523952484,0.3301851451396942
557,0.6834995746612549,0.7351781725883484,0.4953116476535797,0.3282022476196289
558,0.6906241178512573,0.7363394498825073,0.5008932948112488,0.33227723836898804
559,0.6780074238777161,0.7295948266983032,0.49346494674682617,0.32444238662719727
560,0.6797224283218384,0.7182088494300842,0.49397262930870056,0.326095312833786
561,0.669152021408081,0.7540575861930847,0.4994298219680786,0.3310966491699219
562,0.6838985681533813,0.7270210385322571,0.4972175061702728,0.32988831400871277
563,0.6953469514846802,0.7233089208602905,0.4942508637905121,0.32557517290115356
564,0.6845048069953918,0.7220973968505859,0.49840763211250305,0.3290156424045563
565,0.6858261227607727,0.7315212488174438,0.4995556175708771,0.3327926993370056
566,0.6747154593467712,0.7223556637763977,0.5005492568016052,0.33089035749435425
567,0.6862243413925171,0.7236890196800232,0.4958631992340088,0.3269364535808563
568,0.6824085116386414,0.7288880944252014,0.49998965859413147,0.33237290382385254
569,0.6829662919044495,0.7195222973823547,0.4906332492828369,0.32325735688209534
570,0.6890958547592163,0.7332420349121094,0.49803242087364197,0.33057305216789246
571,0.6920161247253418,0.7255141735076904,0.4943430721759796,0.3253175914287567
572,0.6881265640258789,0.7224647402763367,0.4943210184574127,0.32547539472579956
573,0.6820164918899536,0.7379046082496643,0.4929332435131073,0.3251558840274811
574,0.6854043006896973,0.7430647611618042,0.4934861958026886,0.32940933108329773
575,0.6810604333877563,0.7316961884498596,0.49325311183929443,0.3267935812473297
576,0.6877948045730591,0.7286993861198425,0.49619564414024353,0.33242276310920715
577,0.6868810653686523,0.7386431694030762,0.4983483850955963,0.33256447315216064
578,0.6789127588272095,0.7387319803237915,0.4944833815097809,0.32873234152793884
579,0.6829743385314941,0.7327376008033752,0.4979897439479828,0.3309244215488434
580,0.6818496584892273,0.7300642728805542,0.5058468580245972,0.33219704031944275
581,0.6881933212280273,0.7428621053695679,0.49670299887657166,0.3311399519443512
582,0.6895055770874023,0.7384520769119263,0.4921030104160309,0.32608383893966675
583,0.6843219995498657,0.7318757772445679,0.5026408433914185,0.3340194523334503
584,0.6840007305145264,0.7306280136108398,0.49754127860069275,0.33016812801361084
585,0.6864039897918701,0.734662652015686,0.5010516047477722,0.33135730028152466
586,0.6842198371887207,0.7367085218429565,0.5015440583229065,0.3316773474216461
587,0.6822186708450317,0.7342788577079773,0.4985754191875458,0.3302532732486725
588,0.6829737424850464,0.7384835481643677,0.49780333042144775,0.33218833804130554
589,0.6890848278999329,0.7337577939033508,0.49364209175109863,0.32732290029525757
590,0.6825847029685974,0.7310558557510376,0.500636637210846,0.33374643325805664
591,0.6870137453079224,0.7294834852218628,0.500886857509613,0.33004602789878845
592,0.685584306716919,0.7396919131278992,0.5018812417984009,0.3354884386062622
593,0.6860852241516113,0.7261104583740234,0.4901564419269562,0.3265332877635956
594,0.6871315240859985,0.7357107996940613,0.4929099977016449,0.32739773392677307
595,0.6780208349227905,0.7329596877098083,0.49768438935279846,0.33194875717163086
596,0.688093364238739,0.7278685569763184,0.4943749010562897,0.3275691866874695
597,0.6917728781700134,0.742767870426178,0.5002114176750183,0.33317893743515015
598,0.686711847782135,0.7283905744552612,0.4932084083557129,0.3260701596736908
599,0.6807969808578491,0.725700855255127,0.506885290145874,0.3332618772983551
600,0.6718714237213135,0.7329944372177124,0.49703916907310486,0.32747316360473633
601,0.6784968376159668,0.7257598638534546,0.5013513565063477,0.33540239930152893
602,0.6873223781585693,0.7232810258865356,0.5003439784049988,0.3321942687034607
603,0.6880501508712769,0.7232723832130432,0.49592408537864685,0.3291049897670746
604,0.6784812808036804,0.7352927923202515,0.5017791390419006,0.3338761627674103
605,0.6871401071548462,0.725519597530365,0.49547937512397766,0.3313433825969696
606,0.6847277879714966,0.7276976108551025,0.4913036823272705,0.32567012310028076
607,0.6900120377540588,0.752131462097168,0.5014914870262146,0.33123108744621277
608,0.6817728281021118,0.7222003936767578,0.49577972292900085,0.3310040831565857
609,0.6908491849899292,0.7493723630905151,0.49753260612487793,0.3277885615825653
610,0.6881862878799438,0.7138769626617432,0.5036922097206116,0.33493292331695557
611,0.6929783821105957,0.7422850728034973,0.5035716891288757,0.33052945137023926
612,0.6877142786979675,0.7317633628845215,0.49707698822021484,0.33031198382377625
613,0.6847250461578369,0.7162304520606995,0.5003371834754944,0.33341270685195923
614,0.6717378497123718,0.7519974708557129,0.4998335838317871,0.33510610461235046
615,0.6830310821533203,0.7173958420753479,0.5071616768836975,0.3365858495235443
616,0.6898322105407715,0.7299501299858093,0.5029137134552002,0.33473774790763855
617,0.6891030073165894,0.740231990814209,0.49396848678588867,0.33132585883140564
618,0.6859291195869446,0.7320572137832642,0.4977637827396393,0.3299044966697693
619,0.6808251142501831,0.7294481992721558,0.49872803688049316,0.32909634709358215
620,0.6841449737548828,0.744953989982605,0.49510976672172546,0.3260481357574463
621,0.6890618801116943,0.7292943000793457,0.5051266551017761,0.33523473143577576
622,0.6836474537849426,0.7241032719612122,0.49678245186805725,0.3316251337528229
623,0.6924899816513062,0.7379179000854492,0.4997102916240692,0.33465954661369324
624,0.6876521706581116,0.7365346550941467,0.49195876717567444,0.32633236050605774
625,0.678928017616272,0.7320104837417603,0.4972841739654541,0.33358848094940186
626,0.6811591982841492,0.7248883247375488,0.50081866979599,0.3310225307941437
627,0.6777521967887878,0.7374345064163208,0.49433913826942444,0.326354444026947
628,0.6741399765014648,0.7332382202148438,0.5036827921867371,0.33365774154663086
629,0.6885075569152832,0.7367637753486633,0.4952292740345001,0.3278023600578308
630,0.6853610873222351,0.7315933108329773,0.48985981941223145,0.3237549066543579
631,0.6842023134231567,0.7492380738258362,0.4940425455570221,0.3314601182937622
632,0.6842057704925537,0.7171757817268372,0.49163392186164856,0.3255823254585266
633,0.6822613477706909,0.7285428643226624,0.49435749650001526,0.3290046751499176
634,0.6796048283576965,0.712334930896759,0.4945557117462158,0.3274517059326172
635,0.6843245029449463,0.7288522124290466,0.4925544559955597,0.32515016198158264
636,0.6807671785354614,0.740759015083313,0.4960692822933197,0.32702669501304626
637,0.6869533658027649,0.7327395081520081,0.49490758776664734,0.330694317817688
638,0.6277705430984497,0.9768418669700623,0.5013331770896912,0.329744428396225
639,0.5593173503875732,1.1565642356872559,0.49323520064353943,0.33904632925987244
640,0.5555843114852905,1.2005516290664673,0.5091972351074219,0.3523936867713928
641,0.6899720430374146,0.8841175436973572,0.5034580230712891,0.3381982445716858
642,0.6771680116653442,0.7759414911270142,0.4809858500957489,0.32395869493484497
643,0.6798168420791626,0.7355177998542786,0.5048301815986633,0.33380335569381714
644,0.6107813119888306,1.0517728328704834,0.49193301796913147,0.3342738747596741
645,0.6337894201278687,0.8150944113731384,0.4983213245868683,0.329588919878006
646,0.6873937845230103,0.7099844813346863,0.49065399169921875,0.3303247094154358
647,0.6874803900718689,0.6790617108345032,0.49906468391418457,0.3339332044124603
648,0.6817437410354614,0.7020665407180786,0.5019608736038208,0.33279135823249817
649,0.6812752485275269,0.7233455181121826,0.4982297718524933,0.32907435297966003
650,0.6840791702270508,0.7296712398529053,0.49986329674720764,0.33280128240585327
651,0.6938328742980957,0.7078213095664978,0.49987518787384033,0.33079251646995544
652,0.6774312257766724,0.7213225960731506,0.49187958240509033,0.32939180731773376
653,0.6898331046104431,0.7257975339889526,0.5002234578132629,0.3319043517112732
654,0.6818646192550659,0.7244210243225098,0.4912693500518799,0.32618436217308044
655,0.6894707679748535,0.7327489852905273,0.4997187554836273,0.3315574824810028
656,0.6888977289199829,0.7268213033676147,0.4938024580478668,0.3295307457447052
657,0.6801010370254517,0.7456377744674683,0.5024192929267883,0.33370429277420044
658,0.6828137636184692,0.72768634557724,0.5007562637329102,0.3327382802963257
659,0.6820863485336304,0.7226042747497559,0.49611154198646545,0.32768774032592773
660,0.6877046823501587,0.7232879996299744,0.49917757511138916,0.33111849427223206
661,0.6830974817276001,0.7247833609580994,0.4922083914279938,0.3238848149776459
662,0.6870189905166626,0.7221570611000061,0.49319562315940857,0.3277081847190857
663,0.6821960806846619,0.7434777617454529,0.4973548352718353,0.33199310302734375
664,0.6832576990127563,0.721656858921051,0.5003201961517334,0.3343599736690521
665,0.6841292381286621,0.7278807163238525,0.49807000160217285,0.33070647716522217
666,0.6831151247024536,0.7410920262336731,0.4992031753063202,0.33343008160591125
667,0.6896756887435913,0.7305483818054199,0.492395281791687,0.33045440912246704
668,0.6875761151313782,0.7180424332618713,0.4992591142654419,0.32976338267326355
669,0.6800452470779419,0.7332902550697327,0.49503621459007263,0.32736656069755554
670,0.6887444257736206,0.7252810001373291,0.49332669377326965,0.3253266513347626
671,0.684094250202179,0.722815990447998,0.4955252707004547,0.32833805680274963
672,0.6834741830825806,0.7337139844894409,0.5026692748069763,0.33526811003685
673,0.6886119246482849,0.7410427331924438,0.5000176429748535,0.3298701345920563
674,0.6843854784965515,0.7347484230995178,0.49496278166770935,0.33010542392730713
675,0.6857272386550903,0.7505488395690918,0.5030129551887512,0.33210501074790955
676,0.6812425255775452,0.7335802316665649,0.49747300148010254,0.332181841135025
677,0.6773024201393127,0.7422633171081543,0.49197545647621155,0.3278985917568207
678,0.684359073638916,0.7329022288322449,0.5004686713218689,0.33199989795684814
679,0.6800364255905151,0.7396625876426697,0.494122713804245,0.3254697620868683
680,0.675692081451416,0.7398951649665833,0.4954962730407715,0.32599323987960815
681,0.6887120008468628,0.7500990033149719,0.49851036071777344,0.3337893486022949
682,0.6860652565956116,0.7467567324638367,0.49634456634521484,0.3259044289588928
683,0.6845064163208008,0.7176216840744019,0.5046585202217102,0.3362904191017151
684,0.6892217993736267,0.7217332124710083,0.5040653347969055,0.33518534898757935
685,0.6794112920761108,0.7453868985176086,0.4946777820587158,0.3290167450904846
686,0.6812838912010193,0.7480368614196777,0.48895683884620667,0.32510116696357727
687,0.6830781698226929,0.7318629026412964,0.5045239925384521,0.33331024646759033
688,0.6915681958198547,0.716903030872345,0.4970752000808716,0.3302692174911499
689,0.6833682060241699,0.7352280616760254,0.4963894784450531,0.3283925950527191
690,0.6883180141448975,0.7295687198638916,0.49829769134521484,0.33063018321990967
691,0.6794404983520508,0.7405377626419067,0.49556994438171387,0.32796692848205566
692,0.6781193017959595,0.7451598048210144,0.4984065592288971,0.33042341470718384
693,0.6877447962760925,0.7281746864318848,0.5032005906105042,0.3352663815021515
694,0.6839723587036133,0.744333803653717,0.4929253160953522,0.3276456296443939
695,0.6775503158569336,0.7453110218048096,0.49201250076293945,0.3303459882736206
696,0.6907013654708862,0.7180464267730713,0.49800410866737366,0.3317447900772095
697,0.679230809211731,0.7377446293830872,0.4967302083969116,0.3297373950481415
698,0.6774156093597412,0.7370360493659973,0.49976956844329834,0.33591556549072266
699,0.6877703666687012,0.7340402007102966,0.49931755661964417,0.3313003182411194
700,0.6803104877471924,0.7326505184173584,0.4935018718242645,0.32771292328834534
701,0.6832190155982971,0.7428241968154907,0.4964301884174347,0.3286350965499878
702,0.6858142614364624,0.7343199253082275,0.49776530265808105,0.32967740297317505
703,0.6901432275772095,0.7293989062309265,0.4896099269390106,0.3250441253185272
704,0.6925996541976929,0.725432813167572,0.49589380621910095,0.33119332790374756
705,0.6875832080841064,0.7233816981315613,0.503838062286377,0.33540111780166626
706,0.6852690577507019,0.7429845333099365,0.5004038214683533,0.3301669657230377
707,0.686805009841919,0.7308822274208069,0.49976763129234314,0.32983529567718506
708,0.689399003982544,0.7259482145309448,0.49259820580482483,0.327484130859375
709,0.6894713640213013,0.7372809648513794,0.5033178925514221,0.3348471522331238
710,0.6862216591835022,0.7386558055877686,0.4958149492740631,0.3293764293193817
711,0.6818619966506958,0.7529654502868652,0.49996042251586914,0.3316476047039032
712,0.6917924880981445,0.7555527687072754,0.4923018515110016,0.3267631530761719
713,0.6841601133346558,0.7292662262916565,0.4922119677066803,0.3309288024902344
714,0.67619788646698,0.7277687788009644,0.49436819553375244,0.32809948921203613
715,0.6830430030822754,0.7553706169128418,0.5021303296089172,0.33200544118881226
716,0.690365195274353,0.7405877113342285,0.5020632743835449,0.33480507135391235
717,0.6897670030593872,0.7233580350875854,0.4949828088283539,0.33178651332855225
718,0.6780900359153748,0.7361171245574951,0.49382367730140686,0.3317210376262665
719,0.6875675916671753,0.7354297637939453,0.49835142493247986,0.33094123005867004
720,0.6868475675582886,0.7368475794792175,0.4931527078151703,0.32685142755508423
721,0.6936017870903015,0.7166556119918823,0.49832525849342346,0.329679936170578
722,0.6756045818328857,0.7529031038284302,0.4940861761569977,0.32947635650634766
723,0.6792250871658325,0.7498664855957031,0.5022971630096436,0.3350648283958435
724,0.6816577911376953,0.7253106236457825,0.5026957392692566,0.3326459228992462
725,0.6823527216911316,0.734473466873169,0.4987274408340454,0.3296525478363037
726,0.6794052720069885,0.7328479886054993,0.49041399359703064,0.32521870732307434
727,0.6921554803848267,0.7193963527679443,0.506568193435669,0.336803674697876
728,0.6877149343490601,0.7248194813728333,0.4910067617893219,0.32713040709495544
729,0.6857283115386963,0.7213044166564941,0.5004361271858215,0.32977601885795593
730,0.6754096150398254,0.7442760467529297,0.5086643695831299,0.3345842957496643
731,0.6834258437156677,0.7442842721939087,0.4989127218723297,0.3315623700618744
732,0.6803122162818909,0.7333709001541138,0.5004688501358032,0.33358943462371826
733,0.6806877851486206,0.7403950095176697,0.4976850748062134,0.33344122767448425
734,0.6867569088935852,0.7464107275009155,0.4979283809661865,0.3292768895626068
735,0.6837387084960938,0.7370544672012329,0.49496421217918396,0.3290197551250458
736,0.6773468255996704,0.7366628646850586,0.4992363154888153,0.33400672674179077
737,0.6880664825439453,0.7178419828414917,0.5000406503677368,0.32814455032348633
738,0.6801990270614624,0.7346338033676147,0.4974491596221924,0.3282935917377472
739,0.6904752254486084,0.7585524916648865,0.4989752769470215,0.33100447058677673
740,0.6794812679290771,0.7292149066925049,0.4854832887649536,0.3194304406642914
741,0.682148814201355,0.7306687831878662,0.5015054941177368,0.3326096832752228
742,0.676350474357605,0.7327425479888916,0.5016319751739502,0.3348518908023834
743,0.6910415291786194,0.7301314473152161,0.4911462366580963,0.3276483118534088
744,0.68274986743927,0.7285197973251343,0.5031850337982178,0.33626630902290344
745,0.671887993812561,0.7447788119316101,0.5016831755638123,0.3299996852874756
746,0.6862555742263794,0.7398734092712402,0.504859209060669,0.33298206329345703
747,0.684249758720398,0.7544830441474915,0.4992865025997162,0.333442747592926
748,0.6775253415107727,0.7418601512908936,0.49908319115638733,0.3316580057144165
749,0.6130633354187012,1.0738388299942017,0.5106145739555359,0.34089338779449463
750,0.658204197883606,0.7142742276191711,0.5273259282112122,0.33546000719070435
751,0.661698043346405,0.8550418615341187,0.4890686571598053,0.3275490999221802
752,0.6533306837081909,0.7162195444107056,0.5159358382225037,0.32708799839019775
753,0.5897167325019836,1.3230693340301514,0.485006719827652,0.3353402316570282
754,0.6032756567001343,1.1465001106262207,0.5050525665283203,0.3304588794708252
755,0.6600364446640015,0.7417101263999939,0.4958491027355194,0.32418808341026306
756,0.7005438804626465,0.7929472327232361,0.4841221272945404,0.3264411985874176
757,0.6885653734207153,0.6934261322021484,0.4939933121204376,0.3297586739063263
758,0.6862931847572327,0.6738667488098145,0.4930184781551361,0.3287205100059509
759,0.704518735408783,0.6999583840370178,0.4929584562778473,0.327474981546402
760,0.6840700507164001,0.7028018832206726,0.5052428841590881,0.3366266191005707
761,0.6967911720275879,0.7058157324790955,0.4946613311767578,0.3293647766113281
762,0.6751307249069214,0.7115155458450317,0.49746179580688477,0.3282622694969177
763,0.682746171951294,0.7192620038986206,0.49396368861198425,0.32783055305480957
764,0.6792480945587158,0.7217875719070435,0.49299392104148865,0.3281358480453491
765,0.6888293027877808,0.7137157320976257,0.4957936704158783,0.32936087250709534
766,0.6922780275344849,0.7278736233711243,0.49647533893585205,0.32798296213150024
767,0.6788066625595093,0.7426123023033142,0.4995749294757843,0.3343348205089569
768,0.6891436576843262,0.7329449653625488,0.49899324774742126,0.33196812868118286
769,0.6785982847213745,0.7532245516777039,0.4949630796909332,0.32817286252975464
770,0.685917854309082,0.7254593968391418,0.49394261837005615,0.3296608626842499
771,0.6847522258758545,0.7271403074264526,0.4946170747280121,0.32901331782341003
772,0.680954098701477,0.7446580529212952,0.49726971983909607,0.32955285906791687
773,0.679153561592102,0.7468523979187012,0.5001680254936218,0.33375033736228943
774,0.6780799031257629,0.7328124046325684,0.49571943283081055,0.32734042406082153
775,0.6764538288116455,0.7315357327461243,0.49814891815185547,0.32953938841819763
776,0.6829056739807129,0.721154510974884,0.49187469482421875,0.323525607585907
777,0.694784939289093,0.7215679287910461,0.5029701590538025,0.3358803391456604
778,0.6823416352272034,0.7207537293434143,0.5016645789146423,0.33526942133903503
779,0.687198281288147,0.7404909729957581,0.4953267276287079,0.32776203751564026
780,0.6867877840995789,0.7496108412742615,0.49571356177330017,0.32749423384666443
781,0.689786434173584,0.7247527241706848,0.4936406910419464,0.32637614011764526
782,0.6871412396430969,0.7438785433769226,0.49968862533569336,0.3322671949863434
783,0.6875088810920715,0.7250717282295227,0.4958895146846771,0.32856228947639465
784,0.6891051530838013,0.7414067983627319,0.5047996640205383,0.3354192078113556
785,0.6920994520187378,0.7219985127449036,0.504106879234314,0.33553051948547363
786,0.6854557991027832,0.7414401173591614,0.4988945424556732,0.33112260699272156
787,0.6855356693267822,0.7204173803329468,0.49846673011779785,0.33000385761260986
788,0.6913636922836304,0.7302824258804321,0.5001656413078308,0.33384811878204346
789,0.6923173069953918,0.7193678617477417,0.4957182705402374,0.3308820426464081
790,0.6965703964233398,0.7412395477294922,0.4962244927883148,0.3295374810695648
791,0.685078501701355,0.7432972192764282,0.5024871230125427,0.33530423045158386
792,0.6888259053230286,0.7380254864692688,0.496830016374588,0.32828426361083984
793,0.6853176355361938,0.7117100358009338,0.499805212020874,0.3325585424900055
794,0.6845200657844543,0.7447612881660461,0.49745145440101624,0.3299621641635895
795,0.6840153932571411,0.727789580821991,0.5018060207366943,0.3338783085346222
796,0.6835505366325378,0.7294434309005737,0.49381354451179504,0.3279666304588318
797,0.6785132884979248,0.7303644418716431,0.4951617419719696,0.3302980065345764
798,0.6853711605072021,0.7271904945373535,0.5034772753715515,0.33703652024269104
799,0.6760358810424805,0.7507696151733398,0.4963652193546295,0.3318265974521637
800,0.6913767457008362,0.7328586578369141,0.497318297624588,0.3319319486618042
801,0.6868202686309814,0.7321103811264038,0.48996052145957947,0.3240627944469452
802,0.6860647201538086,0.7405167818069458,0.501115620136261,0.33997759222984314
803,0.6920608282089233,0.7274197340011597,0.49534186720848083,0.32939985394477844
804,0.6797283887863159,0.7255399227142334,0.4972284138202667,0.33088359236717224
805,0.6858696937561035,0.7190759181976318,0.4972923696041107,0.3314758837223053
806,0.681530237197876,0.7345290184020996,0.5016636848449707,0.3357154428958893
807,0.6899296045303345,0.7388690710067749,0.49956631660461426,0.33462756872177124
808,0.6830874085426331,0.7457299828529358,0.49753621220588684,0.3302170932292938
809,0.684340238571167,0.7224286198616028,0.492277055978775,0.32611942291259766
810,0.6834464073181152,0.7412145137786865,0.5016205906867981,0.33503755927085876
811,0.6827216148376465,0.7327637672424316,0.49515238404273987,0.33027777075767517
812,0.6893680691719055,0.7328281998634338,0.49811258912086487,0.3307335674762726
813,0.6809654235839844,0.7385420203208923,0.504404604434967,0.3361343741416931
814,0.6835010051727295,0.7265791893005371,0.4955538213253021,0.33053579926490784
815,0.6869634985923767,0.7348535060882568,0.4973977506160736,0.33188140392303467
816,0.6846722364425659,0.7371451258659363,0.49319472908973694,0.32618826627731323
817,0.6889136433601379,0.7369605898857117,0.49572455883026123,0.33106398582458496
818,0.6875430345535278,0.7335203886032104,0.497544527053833,0.331813246011734
819,0.6743552684783936,0.7414946556091309,0.5038788914680481,0.3365783095359802
820,0.6770491600036621,0.7404981255531311,0.49928489327430725,0.3317016363143921
821,0.6855878233909607,0.7357686758041382,0.49971041083335876,0.3336268365383148
822,0.6899240016937256,0.7382531762123108,0.4950534999370575,0.3293415307998657
823,0.6853146553039551,0.7552618980407715,0.4963326156139374,0.32934123277664185
824,0.681418776512146,0.7330670356750488,0.4968206584453583,0.33303382992744446
825,0.6808868646621704,0.7210671901702881,0.49618157744407654,0.3263911008834839
826,0.6809550523757935,0.7372406721115112,0.4884466826915741,0.32598480582237244
827,0.6869674324989319,0.731342077255249,0.48993149399757385,0.32422345876693726
828,0.6848539710044861,0.7316662073135376,0.49849221110343933,0.331741064786911
829,0.6820878982543945,0.7293339371681213,0.5052325129508972,0.3361186385154724
830,0.6869086027145386,0.7287884950637817,0.4995891749858856,0.32775893807411194
831,0.6846345067024231,0.7527996897697449,0.4940926134586334,0.32613223791122437
832,0.6866312026977539,0.7258380055427551,0.4956304728984833,0.33034035563468933
833,0.6838827133178711,0.7392523288726807,0.4948894679546356,0.327065646648407
834,0.6773948073387146,0.7387205958366394,0.497903436422348,0.331726610660553
835,0.6872795224189758,0.7288492918014526,0.5008071064949036,0.3320680856704712
836,0.6838783025741577,0.7319086790084839,0.493581622838974,0.3290240168571472
837,0.6882903575897217,0.7240352034568787,0.4948519170284271,0.33202892541885376
838,0.691328763961792,0.7266150116920471,0.5036246180534363,0.33854618668556213
839,0.6889402866363525,0.7279741764068604,0.4844980239868164,0.32403022050857544
840,0.68625408411026,0.7364758253097534,0.5051698088645935,0.3374100923538208
841,0.6910924911499023,0.7187564969062805,0.4972509443759918,0.32864606380462646
842,0.6845301389694214,0.726807177066803,0.4965585768222809,0.3272394835948944
843,0.6829917430877686,0.7251579165458679,0.5083499550819397,0.3377692997455597
844,0.6847984790802002,0.7402938008308411,0.4949466288089752,0.33051982522010803
845,0.6791033744812012,0.7300269603729248,0.4959174692630768,0.3318243622779846
846,0.6849174499511719,0.7301490306854248,0.49823394417762756,0.33098405599594116
847,0.6888796091079712,0.7368139028549194,0.5031885504722595,0.3378007411956787
848,0.6863921880722046,0.7321693897247314,0.5059024095535278,0.3359699249267578
849,0.6741428375244141,0.7376545071601868,0.4994252920150757,0.33285197615623474
850,0.6863332986831665,0.7237078547477722,0.4974132478237152,0.3331895172595978
851,0.6846839785575867,0.7320715188980103,0.49509894847869873,0.3312670588493347
852,0.6870405673980713,0.7276405692100525,0.49975380301475525,0.33311769366264343
853,0.6828242540359497,0.728870153427124,0.49829721450805664,0.33240774273872375
854,0.6882498264312744,0.7369758486747742,0.496559739112854,0.33147212862968445
855,0.6834957599639893,0.7426672577857971,0.49981924891471863,0.3315781056880951
856,0.6841415166854858,0.7438175082206726,0.4932888448238373,0.3285989463329315
857,0.6828126907348633,0.7358536720275879,0.49755826592445374,0.32814255356788635
858,0.6869293451309204,0.7478450536727905,0.4923008978366852,0.32732123136520386
859,0.6837160587310791,0.7401979565620422,0.5030173659324646,0.33553051948547363
860,0.6911512613296509,0.7273989319801331,0.4945162832736969,0.32726866006851196
861,0.685193657875061,0.7252630591392517,0.4999915063381195,0.33311375975608826
862,0.6870415210723877,0.7336630821228027,0.5012980103492737,0.3358570337295532
863,0.6911618709564209,0.742020845413208,0.4963253438472748,0.3268323838710785
864,0.690300703048706,0.7320506572723389,0.5000523924827576,0.3271019756793976
865,0.6815320253372192,0.7359944581985474,0.49910345673561096,0.32938867807388306
866,0.6880924701690674,0.7327384948730469,0.4942670166492462,0.3307986557483673
867,0.6834457516670227,0.7246159315109253,0.49759337306022644,0.3317650854587555
868,0.6831479072570801,0.7317048907279968,0.49176594614982605,0.3271690905094147
869,0.685467004776001,0.7311624884605408,0.4948327839374542,0.32650452852249146
870,0.6920620203018188,0.730215311050415,0.49730995297431946,0.33131667971611023
871,0.6846616268157959,0.7289930582046509,0.5023091435432434,0.3301103711128235
872,0.6308214664459229,0.8511611223220825,0.5033570528030396,0.3290892243385315
873,0.6779062747955322,0.7714518308639526,0.5021260380744934,0.3290247619152069
874,0.5639630556106567,1.0431309938430786,0.512722909450531,0.3472892940044403
875,0.6597395539283752,0.9840812683105469,0.4998656213283539,0.35204818844795227
876,0.6836975812911987,0.6899235844612122,0.4863971769809723,0.3281105160713196
877,0.670149028301239,0.7992570400238037,0.49449610710144043,0.33387380838394165
878,0.6845394372940063,0.652127206325531,0.5032904744148254,0.33292919397354126
879,0.680037796497345,0.6946711540222168,0.4989190995693207,0.3280540704727173
880,0.6560455560684204,0.7655830383300781,0.5068279504776001,0.33124011754989624
881,0.6783798933029175,0.7177944779396057,0.49642014503479004,0.32547488808631897
882,0.6837731003761292,0.6876184344291687,0.4972786009311676,0.33000412583351135
883,0.6914668679237366,0.6892557740211487,0.49622273445129395,0.3314652144908905
884,0.6807644963264465,0.7157424688339233,0.4970092475414276,0.331892192363739
885,0.6774020195007324,0.7366423606872559,0.4942765235900879,0.32552218437194824
886,0.691672682762146,0.7084794044494629,0.4988977611064911,0.3312874436378479
887,0.6876487135887146,0.7203280329704285,0.4922196865081787,0.3270554840564728
888,0.6857829093933105,0.7241792678833008,0.4956527650356293,0.3251330554485321
889,0.6877923011779785,0.7247176170349121,0.49722814559936523,0.332409530878067
890,0.6834366917610168,0.7308468222618103,0.49303197860717773,0.3280644714832306
891,0.6885806918144226,0.7120066285133362,0.4921908378601074,0.3268171548843384
892,0.6899633407592773,0.7188578844070435,0.5012601017951965,0.33371302485466003
893,0.6865841746330261,0.7348366975784302,0.49778661131858826,0.3322908580303192
894,0.6905877590179443,0.7264652848243713,0.4936750829219818,0.32768818736076355
895,0.6790948510169983,0.7286055684089661,0.4954967200756073,0.3268519639968872
896,0.6825442314147949,0.7383478879928589,0.4885065257549286,0.32378727197647095
897,0.6909300088882446,0.7292895317077637,0.49900510907173157,0.3337756395339966
898,0.6890941858291626,0.7240363359451294,0.4950394332408905,0.3288077116012573
899,0.6833927631378174,0.7251094579696655,0.49690771102905273,0.3291395604610443
900,0.676825761795044,0.7311826944351196,0.5007328391075134,0.33242616057395935
901,0.6834670901298523,0.7385501861572266,0.49012038111686707,0.3270092308521271
902,0.6950496435165405,0.7284142971038818,0.5014286637306213,0.334270179271698
903,0.6814885139465332,0.7276611924171448,0.49552401900291443,0.3297116458415985
904,0.683138370513916,0.7227271199226379,0.4970369338989258,0.330158531665802
905,0.6884505748748779,0.7471587657928467,0.4946534335613251,0.3287256062030792
906,0.6832944750785828,0.7376322746276855,0.5014235973358154,0.33135634660720825
907,0.6946315765380859,0.7277565002441406,0.490253210067749,0.32708969712257385
908,0.6763550043106079,0.7502484917640686,0.4991978406906128,0.3328573405742645
909,0.6816474795341492,0.7220731377601624,0.4969237744808197,0.33061039447784424
910,0.6836589574813843,0.7454177141189575,0.4942871630191803,0.32731741666793823
911,0.6847657561302185,0.7273796796798706,0.49807581305503845,0.3330511152744293
912,0.6793913841247559,0.7360079288482666,0.49684831500053406,0.3297940194606781
913,0.6836325526237488,0.7394691109657288,0.5009036064147949,0.33351147174835205
914,0.681551456451416,0.7255792021751404,0.4937323331832886,0.3268183171749115
915,0.6874033808708191,0.724679708480835,0.4990651607513428,0.3349747061729431
916,0.6899956464767456,0.7298300862312317,0.5041208863258362,0.33514878153800964
917,0.6850308775901794,0.7339973449707031,0.49587324261665344,0.32891321182250977
918,0.6857364177703857,0.7333747148513794,0.492669939994812,0.3250502347946167
919,0.6867756843566895,0.728524923324585,0.4943873882293701,0.32880228757858276
920,0.690351665019989,0.7332619428634644,0.4966605603694916,0.33348092436790466
921,0.6778122782707214,0.7462804913520813,0.4968899190425873,0.32928669452667236
922,0.6712521910667419,0.7501866817474365,0.49624136090278625,0.32874011993408203
923,0.6867343187332153,0.7287592887878418,0.5007651448249817,0.3338736295700073
924,0.6796755790710449,0.7351518869400024,0.4932444989681244,0.3282117545604706
925,0.6845904588699341,0.7331722378730774,0.5005051493644714,0.3324326276779175
926,0.6798807978630066,0.7324839234352112,0.49507537484169006,0.32813048362731934
927,0.6841376423835754,0.7208195924758911,0.4917413294315338,0.32604503631591797
928,0.6847587823867798,0.7323693037033081,0.4968136250972748,0.3284863531589508
929,0.679068386554718,0.7467101812362671,0.49956151843070984,0.3316241502761841
930,0.681555986404419,0.7475898861885071,0.4941197633743286,0.3307376801967621
931,0.6870536804199219,0.7433453798294067,0.4923578202724457,0.328204870223999
932,0.6835029125213623,0.7425810098648071,0.4963513910770416,0.3280933201313019
933,0.6882597208023071,0.7362271547317505,0.49373283982276917,0.3296182155609131
934,0.6848315596580505,0.7271835803985596,0.4915120601654053,0.32810214161872864
935,0.6856536269187927,0.7213273644447327,0.4970467984676361,0.3309147357940674
936,0.6806982159614563,0.757409930229187,0.4992862045764923,0.3319181501865387
937,0.6856598854064941,0.7289423942565918,0.49908292293548584,0.3336866497993469
938,0.6876509189605713,0.7214305400848389,0.5011897087097168,0.32998916506767273
939,0.6877967119216919,0.7250610589981079,0.5008730292320251,0.33279740810394287
940,0.688582181930542,0.7307226061820984,0.5009002685546875,0.3342369496822357
941,0.6838521957397461,0.72267085313797,0.5026242733001709,0.3361208438873291
942,0.6867748498916626,0.758415937423706,0.49725714325904846,0.3270189166069031
943,0.6832643151283264,0.7397610545158386,0.5043379664421082,0.3370131552219391
944,0.688463568687439,0.7272205352783203,0.49494418501853943,0.32939043641090393
945,0.6893360614776611,0.7430359125137329,0.4961942732334137,0.33223751187324524
946,0.6848040223121643,0.7356311082839966,0.49604102969169617,0.33203962445259094
947,0.6846513748168945,0.7442441582679749,0.5002018809318542,0.33090507984161377
948,0.6852624416351318,0.7397599816322327,0.4965602457523346,0.3317599892616272
949,0.6776258945465088,0.7561513185501099,0.49834680557250977,0.32971423864364624
950,0.6883194446563721,0.7343177795410156,0.49706217646598816,0.3298269808292389
951,0.6789961457252502,0.7363520264625549,0.5010389685630798,0.3356451988220215
952,0.6949836611747742,0.7266873717308044,0.4937504827976227,0.32835903763771057
953,0.6864749193191528,0.7292370796203613,0.5022814869880676,0.33508479595184326
954,0.6826438903808594,0.7333203554153442,0.49424245953559875,0.3299196660518646
955,0.6891090869903564,0.7184834480285645,0.4932739734649658,0.3261744976043701
956,0.68690425157547,0.7268446683883667,0.49306154251098633,0.32594168186187744
957,0.6828666925430298,0.7363688349723816,0.4961271286010742,0.33180364966392517
958,0.6844071745872498,0.7252428531646729,0.5085249543190002,0.33675894141197205
959,0.6886506080627441,0.7184677124023438,0.4932520389556885,0.3268634080886841
960,0.6897085309028625,0.7364925146102905,0.49653467535972595,0.3291997015476227
961,0.6818825006484985,0.7451045513153076,0.49904754757881165,0.3316047489643097
962,0.6844069957733154,0.7385968565940857,0.5002644062042236,0.3356475830078125
963,0.6790671944618225,0.7227950692176819,0.4921083450317383,0.32347598671913147
964,0.6915302872657776,0.7319754362106323,0.4908241033554077,0.3293974995613098
965,0.6841506958007812,0.7384192943572998,0.4920700490474701,0.3293966054916382
966,0.6813428401947021,0.7404294610023499,0.4984237253665924,0.3312903344631195
967,0.679635763168335,0.7360773086547852,0.5051901340484619,0.3344917297363281
968,0.6905707716941833,0.7323324084281921,0.4996001720428467,0.32708966732025146
969,0.6846698522567749,0.7343804836273193,0.4972648620605469,0.3311218321323395
970,0.6800468564033508,0.7331991791725159,0.4975561201572418,0.33144497871398926
971,0.686089038848877,0.7166045308113098,0.497048944234848,0.32952627539634705
972,0.6801131963729858,0.7386435270309448,0.5008418560028076,0.3337666094303131
973,0.6917424201965332,0.7293028831481934,0.4982595443725586,0.33287373185157776
974,0.693168580532074,0.7171573638916016,0.4956403076648712,0.32826751470565796
975,0.6876903176307678,0.7283053398132324,0.4977661669254303,0.3323613405227661
976,0.6832858920097351,0.7332477569580078,0.4940551519393921,0.3287878632545471
977,0.6864286661148071,0.7293384671211243,0.4991610050201416,0.3362882435321808
978,0.6829757690429688,0.7443033456802368,0.49397382140159607,0.3338480293750763
979,0.6832367181777954,0.7284485697746277,0.49657323956489563,0.3336658477783203
980,0.6827932000160217,0.7396930456161499,0.5008429884910583,0.3323870301246643
981,0.6900489330291748,0.7255315780639648,0.4956565201282501,0.32803088426589966
982,0.6928133964538574,0.7334181070327759,0.4970815181732178,0.331360399723053
983,0.6930823922157288,0.7441316843032837,0.5023616552352905,0.3275788426399231
984,0.6903666257858276,0.7437188625335693,0.4839599132537842,0.3222716748714447
985,0.6828203201293945,0.7382972836494446,0.4976973533630371,0.33108848333358765
986,0.6820615530014038,0.7466714382171631,0.5046516060829163,0.3349558413028717
987,0.683512806892395,0.741202175617218,0.4969388544559479,0.3327169418334961
988,0.6851612329483032,0.7357160449028015,0.5037371516227722,0.3344419598579407
989,0.6881055235862732,0.7235223650932312,0.4975021779537201,0.3302946090698242
990,0.6882164478302002,0.7172777056694031,0.49485716223716736,0.33042803406715393
991,0.6827059984207153,0.731049120426178,0.4953249990940094,0.3299843966960907
992,0.6868339776992798,0.7290424108505249,0.49547961354255676,0.33864203095436096
993,0.6801478862762451,0.7452500462532043,0.4968477785587311,0.3355793058872223
994,0.6863062381744385,0.7333670854568481,0.5031399130821228,0.3363766372203827
995,0.6792944669723511,0.7373576164245605,0.4972645342350006,0.3260124623775482
996,0.684672474861145,0.7337111234664917,0.49913111329078674,0.3340993821620941
997,0.6886178255081177,0.7342473268508911,0.5003404021263123,0.3333677053451538
998,0.6861186027526855,0.7398647665977478,0.49427318572998047,0.3263593018054962
999,0.6911894083023071,0.7168273329734802,0.4992567002773285,0.3267386257648468
1000,0.6950424909591675,0.7155177593231201,0.4984995424747467,0.3317929804325104
1001,0.6926809549331665,0.7363343238830566,0.5020842552185059,0.3339907228946686
1002,0.690485417842865,0.7277970314025879,0.4971977174282074,0.3297370672225952
1003,0.6822018623352051,0.7438229322433472,0.5024265646934509,0.3326072096824646
1004,0.6829879283905029,0.738767147064209,0.4922567903995514,0.32801082730293274
1005,0.6844030618667603,0.725071370601654,0.49966907501220703,0.3311375379562378
1006,0.6833089590072632,0.738440752029419,0.4989977777004242,0.3348236680030823
1007,0.6852391362190247,0.7405579686164856,0.49779319763183594,0.3298857510089874
1008,0.682999849319458,0.7333971858024597,0.5025169253349304,0.33644899725914
1009,0.6839209794998169,0.7362804412841797,0.4986359179019928,0.3335852324962616
1010,0.6894500255584717,0.7382908463478088,0.5056460499763489,0.33209776878356934
1001,0.6875954270362854,0.7245692014694214,0.5051774382591248,0.3338693380355835
1002,0.681708037853241,0.7391433119773865,0.5013225674629211,0.3363141119480133
1003,0.6903595924377441,0.7208197116851807,0.5032922029495239,0.33496275544166565
1004,0.6779894828796387,0.7401702404022217,0.5017622113227844,0.3337089419364929
1005,0.6828529238700867,0.7380860447883606,0.5022715926170349,0.3328552842140198
1006,0.6832013130187988,0.732681155204773,0.4961322247982025,0.3282599449157715
1007,0.6882320642471313,0.743097722530365,0.5028671622276306,0.33397868275642395
1008,0.6841175556182861,0.7311520576477051,0.4986012279987335,0.32963964343070984
1009,0.6929713487625122,0.737518846988678,0.49596741795539856,0.33265042304992676
1010,0.6850485801696777,0.7246127724647522,0.4994073808193207,0.33339303731918335
1011,0.6862882375717163,0.721503496170044,0.49244341254234314,0.32799381017684937
1012,0.6907932758331299,0.732387900352478,0.5067651867866516,0.3384283781051636
1013,0.6915299892425537,0.7167081832885742,0.4931277334690094,0.32905691862106323
1014,0.6834540367126465,0.7423470616340637,0.49639925360679626,0.32920369505882263
1015,0.6883679628372192,0.7265514731407166,0.4934116303920746,0.3304923474788666
1016,0.6871095895767212,0.7382364869117737,0.4982782304286957,0.33032429218292236
1017,0.6906691193580627,0.7379307746887207,0.49541589617729187,0.3303419351577759
1018,0.6856561899185181,0.7309956550598145,0.4992268979549408,0.3305668234825134
1019,0.6787793636322021,0.7442486882209778,0.49902892112731934,0.32898351550102234
1020,0.6873495578765869,0.7366220355033875,0.4944084584712982,0.32943785190582275
1021,0.6893186569213867,0.7326202392578125,0.4938458204269409,0.32879194617271423
1022,0.6838292479515076,0.7365089654922485,0.49057117104530334,0.325838565826416
1023,0.6783859729766846,0.7464267611503601,0.4944205582141876,0.3257178068161011
1024,0.6862808465957642,0.7396915555000305,0.5012593269348145,0.337146133184433
1025,0.6811848878860474,0.7283782362937927,0.4963087737560272,0.33089160919189453
1026,0.6875790953636169,0.7298596501350403,0.4945107698440552,0.326050341129303
1027,0.6909035444259644,0.7288208603858948,0.49503257870674133,0.3313904404640198
1028,0.6191731691360474,0.9445368647575378,0.4964488446712494,0.3360547721385956
1029,0.6641674041748047,0.736793041229248,0.5093171000480652,0.3242742121219635
1030,0.6161993145942688,0.9082249402999878,0.5183880925178528,0.33220019936561584
1031,0.6601986885070801,0.7684917449951172,0.5148099064826965,0.3255373239517212
1032,0.6649469137191772,0.7618629336357117,0.5009166598320007,0.32267171144485474
1033,0.6957317590713501,0.7022201418876648,0.4854355752468109,0.32899171113967896
1034,0.6602180004119873,0.7766417264938354,0.5075295567512512,0.33182793855667114
1035,0.6885693073272705,0.7230841517448425,0.49345818161964417,0.3380180895328522
1036,0.7090718150138855,0.6650117635726929,0.49931439757347107,0.33040106296539307
1037,0.6914570331573486,0.7046058177947998,0.49515366554260254,0.32517024874687195
1038,0.693682074546814,0.7080329656600952,0.4916156828403473,0.32467904686927795
1039,0.6851954460144043,0.725338339805603,0.500749945640564,0.33140379190444946
1040,0.6811637878417969,0.71236252784729,0.5034384727478027,0.3328314423561096
1041,0.6848429441452026,0.7206470370292664,0.5009719133377075,0.3339778184890747
1042,0.6778463125228882,0.7261117100715637,0.49035343527793884,0.3272576928138733
1043,0.6937032341957092,0.7231731414794922,0.4961872100830078,0.3290920555591583
1044,0.6886893510818481,0.7331044673919678,0.4925518035888672,0.32410159707069397
1045,0.6956729888916016,0.7211403846740723,0.4956091344356537,0.32977986335754395
1046,0.6899304389953613,0.721432626247406,0.4985620975494385,0.33120158314704895
1047,0.6829303503036499,0.7304173707962036,0.5059108138084412,0.3368406593799591
1048,0.6898175477981567,0.7272939682006836,0.4954252243041992,0.32970085740089417
1049,0.6909559369087219,0.7267698645591736,0.49233782291412354,0.3240511119365692
1050,0.6835314035415649,0.7392415404319763,0.5022994875907898,0.3353167772293091
1051,0.6885569095611572,0.7213050723075867,0.5027119517326355,0.33384010195732117
1052,0.6935729384422302,0.7301304340362549,0.49588584899902344,0.3324238955974579
1053,0.6874517798423767,0.7358120083808899,0.4916561543941498,0.3270796537399292
1054,0.6807219386100769,0.7346633672714233,0.5007149577140808,0.33246177434921265
1055,0.6813124418258667,0.7320560812950134,0.4963044822216034,0.32759591937065125
1056,0.6947479844093323,0.7154310345649719,0.49554166197776794,0.33151400089263916
1057,0.6809935569763184,0.7410373091697693,0.49676433205604553,0.3268468379974365
1058,0.6900074481964111,0.7414408326148987,0.4989698827266693,0.3305918872356415
1059,0.6901940107345581,0.7374283671379089,0.4926208555698395,0.3289687931537628
1060,0.6883574724197388,0.7319678664207458,0.4901006519794464,0.32559308409690857
1061,0.6870772242546082,0.7203292846679688,0.49949488043785095,0.3328154981136322
1062,0.6961151361465454,0.7257350087165833,0.4967677593231201,0.3283579349517822
1063,0.6886163949966431,0.7275639772415161,0.4982009828090668,0.33300548791885376
1064,0.687545895576477,0.7302752733230591,0.4940439462661743,0.331341028213501
1065,0.6902951002120972,0.7423815727233887,0.49865981936454773,0.3318650424480438
1066,0.684377908706665,0.7278286814689636,0.5055142045021057,0.3330547511577606
1067,0.6825513243675232,0.7348958253860474,0.4977147877216339,0.332026869058609
1068,0.6948221325874329,0.7220466732978821,0.5002995133399963,0.331975519657135
1069,0.686161994934082,0.7298583984375,0.4932243525981903,0.32666677236557007
1070,0.6904130578041077,0.7304983139038086,0.4955900013446808,0.3277859091758728
1071,0.6867879629135132,0.7327851057052612,0.4979628026485443,0.33164268732070923
1072,0.6832437515258789,0.745742917060852,0.49439382553100586,0.32704439759254456
1073,0.6849328279495239,0.731070876121521,0.4958484470844269,0.3322725296020508
1074,0.6856446266174316,0.7440711259841919,0.4989069402217865,0.33145833015441895
1075,0.6797547340393066,0.7376886010169983,0.5009859204292297,0.33279895782470703
1076,0.6855906248092651,0.7259784936904907,0.4956320822238922,0.32877761125564575
1077,0.6827951669692993,0.7371876835823059,0.49837028980255127,0.3294205963611603
1078,0.69469153881073,0.7210262417793274,0.5017200112342834,0.33351290225982666
1079,0.6911994218826294,0.7263810634613037,0.4986048638820648,0.3333147466182709
1080,0.6799333095550537,0.7336820363998413,0.49562597274780273,0.32994043827056885
1081,0.6881913542747498,0.7406119704246521,0.49116337299346924,0.3279394209384918
1082,0.6880882978439331,0.7244817018508911,0.49152088165283203,0.33032482862472534
1083,0.6856287717819214,0.7422840595245361,0.4992455542087555,0.3302486836910248
1084,0.6907516717910767,0.7349488139152527,0.500526487827301,0.33188316226005554
1085,0.6935940384864807,0.7264896035194397,0.5004251599311829,0.32964545488357544
1086,0.6883275508880615,0.7245205640792847,0.4937308728694916,0.3301891088485718
1087,0.682442307472229,0.7402570247650146,0.5041702389717102,0.3346922695636749
1088,0.6891888976097107,0.7267149686813354,0.49869871139526367,0.33334651589393616
1089,0.695035457611084,0.7327600717544556,0.4896341562271118,0.32286831736564636
1090,0.6839051246643066,0.7419536113739014,0.5002366900444031,0.3319953382015228
1091,0.685901403427124,0.7359849810600281,0.4950946867465973,0.3304314613342285
1092,0.6883346438407898,0.7325221300125122,0.4869040548801422,0.3228873312473297
1093,0.6807942986488342,0.7280600666999817,0.49440670013427734,0.3295249044895172
1094,0.6924134492874146,0.7271278500556946,0.5024809241294861,0.33382222056388855
1095,0.6864384412765503,0.7280974984169006,0.49317798018455505,0.32941287755966187
1096,0.6866330504417419,0.7283268570899963,0.5032501816749573,0.3353341817855835
1097,0.6917203664779663,0.7298272252082825,0.49387964606285095,0.32698941230773926
1098,0.689271092414856,0.7499061822891235,0.5020187497138977,0.33413511514663696
1099,0.6813994646072388,0.7323336601257324,0.5051236748695374,0.33660125732421875
1100,0.6875960826873779,0.7349302768707275,0.4983771741390228,0.3313486576080322
1101,0.6863640546798706,0.7330156564712524,0.49620091915130615,0.3317650556564331
1102,0.6852498054504395,0.7480568885803223,0.4945279359817505,0.3309881091117859
1103,0.684436023235321,0.7325382828712463,0.4911606013774872,0.32298150658607483
1104,0.6892551183700562,0.7424913048744202,0.508018434047699,0.33938905596733093
1105,0.690194845199585,0.722874104976654,0.497025728225708,0.3296431005001068
1106,0.6845437288284302,0.7373850345611572,0.5021806359291077,0.3301086127758026
1107,0.6833148002624512,0.7315137386322021,0.49770379066467285,0.32859188318252563
1108,0.6860679388046265,0.7373028993606567,0.5039088726043701,0.33966684341430664
1109,0.6918213367462158,0.7260937690734863,0.49535632133483887,0.32813090085983276
1110,0.6878243684768677,0.7279630303382874,0.4944419860839844,0.32959240674972534
1111,0.6854293346405029,0.7445273399353027,0.49606767296791077,0.3320760428905487
1112,0.6869719624519348,0.724844753742218,0.49518275260925293,0.33254602551460266
1113,0.6806415915489197,0.7422311902046204,0.5021176934242249,0.3382664918899536
1001,0.6795697212219238,0.7615792751312256,0.49836674332618713,0.3316989839076996
1002,0.6880195736885071,0.7223799824714661,0.49838706851005554,0.33178606629371643
1003,0.6857943534851074,0.7311659455299377,0.4987126290798187,0.32939547300338745
1004,0.6865556836128235,0.7133775353431702,0.5003139972686768,0.3334382176399231
1005,0.6902779340744019,0.721956729888916,0.4915837347507477,0.32572296261787415
1006,0.6859402656555176,0.744881272315979,0.5028095841407776,0.33182814717292786
1007,0.6846924424171448,0.7312516570091248,0.501559317111969,0.334867000579834
1008,0.6852236986160278,0.7337695360183716,0.49684950709342957,0.32781100273132324
1009,0.6903285980224609,0.7395926713943481,0.5017295479774475,0.33291974663734436
1010,0.6885465383529663,0.7402071952819824,0.4948727786540985,0.3262060880661011
1011,0.6780992746353149,0.7460299730300903,0.5055878162384033,0.3343077301979065
1012,0.691135048866272,0.7332856059074402,0.49560192227363586,0.3295915126800537
1013,0.6848976612091064,0.7374454736709595,0.4987056255340576,0.3349345028400421
1014,0.6862733960151672,0.7363554835319519,0.5040724873542786,0.3341703712940216
1015,0.6984091401100159,0.7282718420028687,0.5006604194641113,0.33259931206703186
1016,0.6837551593780518,0.7396705150604248,0.49703535437583923,0.33270251750946045
1017,0.6911786794662476,0.7291417121887207,0.4978195130825043,0.33043935894966125
1018,0.6885553598403931,0.7387151718139648,0.49990224838256836,0.33430325984954834
1019,0.6872693300247192,0.7288235425949097,0.49439677596092224,0.3314192295074463
1020,0.6890184879302979,0.7459491491317749,0.49541816115379333,0.3293296694755554
1021,0.6887807846069336,0.7368369102478027,0.48974180221557617,0.3264698088169098
1022,0.6875555515289307,0.7313105463981628,0.4872303009033203,0.32403481006622314
1023,0.690330982208252,0.7237597107887268,0.5064769387245178,0.3351695239543915
1024,0.6837915182113647,0.7350704073905945,0.4924527406692505,0.32496652007102966
1025,0.6865988969802856,0.7238245010375977,0.4940532147884369,0.33350151777267456
1026,0.6845104694366455,0.7397316098213196,0.49461379647254944,0.3288828730583191
1027,0.6854510307312012,0.7321940660476685,0.5000000596046448,0.3305845260620117
1028,0.6862219572067261,0.7416515350341797,0.496774822473526,0.3321225643157959
1029,0.6832702159881592,0.7297708988189697,0.49212029576301575,0.32957977056503296
1030,0.6917742490768433,0.7366751432418823,0.48884645104408264,0.32894888520240784
1031,0.6856957077980042,0.7311545014381409,0.5006740093231201,0.3346761465072632
1032,0.6871246099472046,0.7405617833137512,0.5002941489219666,0.33452165126800537
1033,0.6927495002746582,0.7249318361282349,0.49562573432922363,0.3269660174846649
1034,0.6874840259552002,0.7436767816543579,0.49418020248413086,0.33022981882095337
1035,0.6938209533691406,0.7446415424346924,0.5012986660003662,0.33678996562957764
1036,0.6853272914886475,0.7356204390525818,0.49643608927726746,0.3323670029640198
1037,0.6887935400009155,0.7392939925193787,0.5047634243965149,0.33617687225341797
1038,0.6591825485229492,0.711074948310852,0.5097804069519043,0.3373227119445801
1039,0.6050230264663696,0.894078254699707,0.5081226229667664,0.335065096616745
1040,0.6345582008361816,0.903283417224884,0.4994088113307953,0.34151071310043335
1041,0.6385911703109741,0.9984862208366394,0.4824468791484833,0.33658140897750854
1042,0.664997398853302,0.7469058036804199,0.5038855075836182,0.33538609743118286
1043,0.6931728720664978,0.6536865234375,0.4957425594329834,0.3281111419200897
1044,0.6871175765991211,0.6861873865127563,0.5011609196662903,0.3324901759624481
1045,0.6928181648254395,0.6725510954856873,0.49657776951789856,0.3292427361011505
1046,0.6843685507774353,0.7108835577964783,0.4988373816013336,0.3320458233356476
1047,0.6892248392105103,0.7022460699081421,0.4966554343700409,0.3307666778564453
1048,0.6873396039009094,0.7139100432395935,0.49306145310401917,0.3284831941127777
1049,0.6932814121246338,0.7114023566246033,0.49727436900138855,0.3270292282104492
1050,0.6859956383705139,0.7110459208488464,0.4941139221191406,0.3263210952281952
1051,0.6847060918807983,0.7137230634689331,0.5014716982841492,0.3349953591823578
1052,0.689077615737915,0.7264848351478577,0.5019853115081787,0.332146018743515
1053,0.6846379637718201,0.7296566963195801,0.4995545446872711,0.3315098285675049
1054,0.687822699546814,0.7283995151519775,0.5038701295852661,0.33563366532325745
1055,0.6865344047546387,0.7206412553787231,0.499439001083374,0.3338630795478821
1056,0.6889870762825012,0.7130569815635681,0.5013456344604492,0.3333691358566284
1057,0.6812881231307983,0.7182860374450684,0.5009562373161316,0.3304136097431183
1058,0.6849254965782166,0.7283549308776855,0.4954957962036133,0.32981640100479126
1059,0.6874092817306519,0.7162227034568787,0.4962887763977051,0.3330128788948059
1060,0.6856236457824707,0.7348701357841492,0.49897703528404236,0.33028024435043335
1061,0.687381386756897,0.7347896695137024,0.49813100695610046,0.33067038655281067
1062,0.6883260011672974,0.7324509620666504,0.504315972328186,0.3372706174850464
1063,0.6829807758331299,0.7222682237625122,0.5010069608688354,0.33494895696640015
1064,0.6827517747879028,0.729665994644165,0.5012136101722717,0.33321669697761536
1065,0.6872256994247437,0.7332406640052795,0.4991174638271332,0.33043158054351807
1066,0.6797287464141846,0.7322409152984619,0.4890683591365814,0.3251166045665741
1067,0.6848242878913879,0.7374386191368103,0.4962954819202423,0.33029696345329285
1068,0.6856557130813599,0.7328494191169739,0.49659106135368347,0.3314952254295349
1069,0.6888631582260132,0.7288311123847961,0.4998644292354584,0.3346025049686432
1070,0.6912698149681091,0.7329227328300476,0.5015918612480164,0.3327074646949768
1071,0.6885433197021484,0.7300413250923157,0.49466952681541443,0.3279257118701935
1072,0.6896399259567261,0.7364048361778259,0.49679818749427795,0.33020612597465515
1073,0.6922944188117981,0.7311678528785706,0.4959960877895355,0.3297630548477173
1074,0.6878758668899536,0.7512208223342896,0.49747800827026367,0.32855382561683655
1075,0.6811779737472534,0.731623649597168,0.49533987045288086,0.3304542601108551
1076,0.6914194226264954,0.7242608070373535,0.4927476942539215,0.32842397689819336
1077,0.6871440410614014,0.737770140171051,0.4977923333644867,0.3337385952472687
1078,0.6804163455963135,0.7433725595474243,0.49719735980033875,0.33006900548934937
1079,0.6856991052627563,0.7307166457176208,0.492785781621933,0.329540878534317
1080,0.6899716854095459,0.7309198975563049,0.483552485704422,0.322929322719574
1081,0.6819955706596375,0.7449120879173279,0.5016924738883972,0.33320334553718567
1082,0.6843065023422241,0.7287552952766418,0.4983621835708618,0.33257827162742615
1083,0.6829346418380737,0.7350770235061646,0.496693879365921,0.3324950635433197
1084,0.690204381942749,0.728596031665802,0.49718236923217773,0.33325567841529846
1085,0.6821732521057129,0.7399632930755615,0.49532195925712585,0.33000198006629944
1086,0.6885073184967041,0.7334814071655273,0.5041851997375488,0.3369756042957306
1087,0.6815580129623413,0.7375423312187195,0.49861323833465576,0.3313857913017273
1088,0.6818176507949829,0.7184163331985474,0.5044750571250916,0.3353808522224426
1089,0.6856997013092041,0.7518481016159058,0.4962271451950073,0.3314025402069092
1090,0.6931617259979248,0.7353017330169678,0.49570703506469727,0.3295539915561676
1091,0.6838674545288086,0.7382774949073792,0.49906301498413086,0.33019405603408813
1092,0.6779922246932983,0.7367821931838989,0.4972350597381592,0.3344069719314575
1093,0.686152994632721,0.7324506044387817,0.5008465647697449,0.33089160919189453
1094,0.6852582097053528,0.7364913821220398,0.4879942834377289,0.3259003162384033
1095,0.6819447875022888,0.738653838634491,0.4968549311161041,0.3319207429885864
1096,0.682762622833252,0.7468957304954529,0.5022546648979187,0.33227241039276123
1097,0.6870512962341309,0.7214303612709045,0.5050687789916992,0.33437660336494446
1098,0.6824437379837036,0.7329437136650085,0.5032972693443298,0.3370714485645294
1099,0.6832696199417114,0.7355790138244629,0.5072053670883179,0.3383828103542328
1100,0.6857713460922241,0.7476287484169006,0.49947190284729004,0.33266395330429077
1101,0.677177906036377,0.7366993427276611,0.4964916408061981,0.3318207263946533
1102,0.6874257326126099,0.7332084774971008,0.49809718132019043,0.3328380882740021
1103,0.6893100738525391,0.7306857109069824,0.5003105401992798,0.3309393525123596
1104,0.6826366186141968,0.7358137369155884,0.49193572998046875,0.3239327073097229
1105,0.6942993402481079,0.723429262638092,0.5062713623046875,0.3365511894226074
1106,0.6826263070106506,0.7385255694389343,0.49759411811828613,0.32983866333961487
1107,0.6917784810066223,0.7293729782104492,0.4949580132961273,0.3276480734348297
1108,0.6866199970245361,0.7500678300857544,0.5006075501441956,0.33467841148376465
1109,0.685915470123291,0.7344387173652649,0.4966968595981598,0.32576707005500793
1110,0.6880935430526733,0.7489409446716309,0.500473141670227,0.3364430069923401
1111,0.6826277375221252,0.738785445690155,0.4967974126338959,0.3312935531139374
1112,0.6803199648857117,0.7449148893356323,0.48672810196876526,0.32291609048843384
1113,0.6830599308013916,0.7401179075241089,0.49857810139656067,0.3345447778701782
1114,0.6917851567268372,0.7312772274017334,0.494680792093277,0.3303168714046478
1115,0.6859657764434814,0.7292079925537109,0.4983452260494232,0.3320421576499939
1116,0.6931824088096619,0.736649215221405,0.495512992143631,0.33009451627731323
1117,0.6922206878662109,0.7321373224258423,0.5035280585289001,0.3375406861305237
1118,0.6857450604438782,0.7421244382858276,0.49321436882019043,0.3285892903804779
1119,0.6897075176239014,0.719934344291687,0.5000874996185303,0.33313536643981934
1120,0.6841531991958618,0.7294521331787109,0.49460580945014954,0.3266546428203583
1121,0.6883406639099121,0.7447179555892944,0.49318599700927734,0.3303425908088684
1122,0.6880893707275391,0.7381152510643005,0.5004842281341553,0.3347018361091614
1123,0.6846849918365479,0.7495662569999695,0.5026030540466309,0.3354399502277374
1124,0.6831948757171631,0.7427729368209839,0.5013166069984436,0.337503582239151
1125,0.68817138671875,0.7388577461242676,0.49387338757514954,0.3278495967388153
1126,0.6828720569610596,0.7401357889175415,0.5013111233711243,0.33370035886764526
1127,0.693146288394928,0.7274724841117859,0.5002275705337524,0.33448800444602966
1128,0.6828931570053101,0.7209790349006653,0.49791431427001953,0.3321385383605957
1129,0.6816189885139465,0.7297937870025635,0.4932583272457123,0.3289160430431366
1130,0.6801474094390869,0.7457017302513123,0.5088598728179932,0.33858126401901245
1131,0.6897521018981934,0.7316293120384216,0.5023667812347412,0.3333953022956848
1132,0.6946767568588257,0.7343978881835938,0.4963552951812744,0.33301806449890137
1133,0.6892606019973755,0.7436208128929138,0.49001526832580566,0.32344579696655273
1134,0.6885256767272949,0.7256788611412048,0.5028238892555237,0.3339458703994751
1135,0.6933465600013733,0.7222896814346313,0.5005715489387512,0.33119723200798035
1136,0.6907778978347778,0.7322500348091125,0.49551084637641907,0.3296808898448944
1137,0.6834970712661743,0.7346905469894409,0.4966202974319458,0.32952025532722473
1138,0.6844345331192017,0.7415865659713745,0.4982619285583496,0.32637086510658264
1139,0.6876310110092163,0.7367719411849976,0.4907259941101074,0.32776764035224915
1140,0.6843467950820923,0.7382776737213135,0.49637413024902344,0.32601043581962585
1141,0.6824083924293518,0.7359519600868225,0.5063232779502869,0.33468854427337646
1142,0.6908422708511353,0.7310071587562561,0.49629661440849304,0.33092623949050903
1143,0.6891722679138184,0.742864727973938,0.49478158354759216,0.3276500403881073
1144,0.6869148015975952,0.7340863943099976,0.4977336823940277,0.33582383394241333
1145,0.6824132800102234,0.7353558540344238,0.49701523780822754,0.3296188414096832
1146,0.6803417205810547,0.7428191900253296,0.49476030468940735,0.33266481757164
1147,0.6914148330688477,0.7309936285018921,0.49262765049934387,0.33185213804244995
1148,0.6915425062179565,0.7364802360534668,0.5042111277580261,0.33409541845321655
1149,0.6849852800369263,0.7238144874572754,0.49184849858283997,0.32884305715560913
1150,0.6797354817390442,0.7326803207397461,0.4961269795894623,0.32707250118255615
1151,0.6888198852539062,0.7354013919830322,0.500698983669281,0.3320215940475464
1152,0.6867762804031372,0.7343586087226868,0.5011008977890015,0.33706778287887573
1153,0.6849914789199829,0.7426435351371765,0.5012926459312439,0.3308659493923187
1154,0.6845910549163818,0.7344816327095032,0.4987163245677948,0.3304842710494995
1155,0.6855174899101257,0.7366271615028381,0.48908528685569763,0.3226568400859833
1156,0.6865808963775635,0.7448134422302246,0.501490592956543,0.3328307569026947
1157,0.6920638084411621,0.7413023710250854,0.500530481338501,0.3311878442764282
1158,0.6861783266067505,0.7278075218200684,0.504078209400177,0.3367694914340973
1159,0.6875457167625427,0.7287660241127014,0.49082687497138977,0.32382404804229736
1160,0.6854428648948669,0.7456420660018921,0.49147477746009827,0.3275337219238281
1161,0.6873006820678711,0.7396207451820374,0.4988952875137329,0.3358388841152191
1162,0.6823579668998718,0.7283986210823059,0.495991975069046,0.3325583338737488
1163,0.6826951503753662,0.7479119896888733,0.5037170052528381,0.334048330783844
1164,0.6870650053024292,0.718579113483429,0.5039448142051697,0.3352319598197937
1165,0.6875313520431519,0.7313891053199768,0.49541112780570984,0.3273925185203552
1166,0.6883471012115479,0.7378638982772827,0.5001570582389832,0.33510419726371765
1167,0.6893956661224365,0.7301104664802551,0.49469730257987976,0.33580687642097473
1168,0.6861181259155273,0.738991379737854,0.5001394748687744,0.3324275612831116
1169,0.688779354095459,0.7238542437553406,0.4968540668487549,0.32958513498306274
1170,0.6830897331237793,0.736274242401123,0.49284830689430237,0.324735164642334
1171,0.6923469305038452,0.7203711271286011,0.49766531586647034,0.33311840891838074
1172,0.6862716674804688,0.7395285367965698,0.4854172170162201,0.32837510108947754
1173,0.6864476203918457,0.7364069223403931,0.49523067474365234,0.3268068730831146
1174,0.6804782152175903,0.7514209747314453,0.5045948028564453,0.3322928249835968
1175,0.6817049384117126,0.7378653287887573,0.49858570098876953,0.33215320110321045
1176,0.6884992122650146,0.7319788932800293,0.49467942118644714,0.33399102091789246
1177,0.6839532852172852,0.745107889175415,0.49604058265686035,0.33039674162864685
1178,0.6884037256240845,0.7394909858703613,0.49603450298309326,0.3294034004211426
1179,0.6860585808753967,0.7376883029937744,0.4962482452392578,0.33089393377304077
1180,0.6857601404190063,0.7375156879425049,0.4889023005962372,0.32223448157310486
1181,0.6890531778335571,0.7401100397109985,0.4888225495815277,0.3227241337299347
1182,0.6823998093605042,0.7320849299430847,0.495593398809433,0.332236111164093
1183,0.5012397170066833,1.6921428442001343,0.4950776994228363,0.35080474615097046
1184,0.513881266117096,1.4831368923187256,0.49504947662353516,0.35427749156951904
1185,0.5554622411727905,1.2117156982421875,0.4991115629673004,0.3281540274620056
1186,0.5867911577224731,1.226312518119812,0.5019828677177429,0.3295399248600006
1187,0.6314657926559448,0.8541609644889832,0.4987494647502899,0.322723925113678
1188,0.7009041905403137,0.6731173992156982,0.48901477456092834,0.3269897997379303
1189,0.6849994659423828,0.6760721802711487,0.49022558331489563,0.32822734117507935
1190,0.6919124126434326,0.6663511991500854,0.4992123544216156,0.331403523683548
1191,0.6908395886421204,0.684474527835846,0.49494054913520813,0.32845380902290344
1192,0.6779906153678894,0.7132128477096558,0.49585390090942383,0.33159905672073364
1193,0.6871621012687683,0.6991218328475952,0.49708664417266846,0.33142146468162537
1194,0.6881576776504517,0.7169020175933838,0.4987157881259918,0.3306460380554199
1195,0.6852684020996094,0.7402073740959167,0.4924473762512207,0.3253803849220276
1196,0.6882535219192505,0.7241455316543579,0.49410557746887207,0.32515406608581543
1197,0.6939042806625366,0.7085832953453064,0.498740553855896,0.3332397937774658
1198,0.6958310604095459,0.7231698036193848,0.49596068263053894,0.3280784785747528
1199,0.6842746138572693,0.7316333651542664,0.4934042692184448,0.3245854079723358
1200,0.6969153881072998,0.7179068922996521,0.49311432242393494,0.3271638751029968
1201,0.6887462139129639,0.7280535697937012,0.4922924041748047,0.32728296518325806
1202,0.6890237331390381,0.7282992005348206,0.49404123425483704,0.3301316201686859
1203,0.6896852254867554,0.7430955767631531,0.5006561875343323,0.33352458477020264
1204,0.6897068023681641,0.7306327819824219,0.49940434098243713,0.33355405926704407
1205,0.6865812540054321,0.716453492641449,0.49377956986427307,0.3295004963874817
1206,0.6857431530952454,0.7363938689231873,0.49615833163261414,0.3302173316478729
1207,0.6895673274993896,0.7238525152206421,0.4979689121246338,0.33350586891174316
1208,0.6857020854949951,0.7452185750007629,0.5005722045898438,0.3325038552284241
1209,0.6881410479545593,0.7384697198867798,0.4957106113433838,0.3274243474006653
1210,0.6906595230102539,0.7300437092781067,0.4946976602077484,0.328987181186676
1211,0.6872080564498901,0.7355265617370605,0.4999469220638275,0.3331165611743927
1212,0.6775095462799072,0.7511694431304932,0.5027792453765869,0.33456096053123474
1213,0.691582202911377,0.721847414970398,0.4993261396884918,0.3347744643688202
1214,0.6905932426452637,0.7292976975440979,0.4993959367275238,0.3327416479587555
1215,0.6871282458305359,0.736761748790741,0.49694815278053284,0.32995474338531494
1216,0.6835185289382935,0.7281896471977234,0.5020913481712341,0.3349328935146332
1217,0.6791472434997559,0.7278296947479248,0.4935547411441803,0.32920128107070923
1218,0.6826583743095398,0.7377188205718994,0.49846258759498596,0.3310343325138092
1219,0.6818382740020752,0.7337726354598999,0.49723824858665466,0.33040207624435425
1220,0.6937331557273865,0.7278943061828613,0.5008540749549866,0.3326825201511383
1221,0.6834824681282043,0.7301867008209229,0.49718108773231506,0.3306204676628113
1222,0.6917917132377625,0.7421892881393433,0.4991737902164459,0.3318289816379547
1223,0.6913843154907227,0.7292492985725403,0.49788057804107666,0.32979950308799744
1224,0.6892757415771484,0.7302365899085999,0.4953792989253998,0.32811322808265686
1225,0.6882650852203369,0.7333523035049438,0.5023524165153503,0.33607107400894165
1226,0.6942214369773865,0.7244474291801453,0.4990628957748413,0.33411848545074463
1227,0.6951574087142944,0.738481342792511,0.49949178099632263,0.3302213251590729
1228,0.6916208863258362,0.7263221144676208,0.4943966865539551,0.3286970257759094
1229,0.6852231025695801,0.7370197772979736,0.509638249874115,0.3412069082260132
1230,0.6845673322677612,0.7377789616584778,0.49752292037010193,0.3314080238342285
1231,0.6883108019828796,0.736261248588562,0.5027130246162415,0.332923024892807
1232,0.6875362396240234,0.7186944484710693,0.49918344616889954,0.33172595500946045
1233,0.6905534267425537,0.7317008972167969,0.48906460404396057,0.3255847990512848
1234,0.6847473382949829,0.7357111573219299,0.5089594721794128,0.33981040120124817
1235,0.6857068538665771,0.7377943992614746,0.5024290084838867,0.3336889147758484
1236,0.6900168061256409,0.7318480610847473,0.49706482887268066,0.33111149072647095
1237,0.681807279586792,0.7464864253997803,0.5002502799034119,0.33263006806373596
1238,0.691065788269043,0.7430770993232727,0.5016124844551086,0.3323104679584503
1239,0.6930704116821289,0.7422008514404297,0.49482670426368713,0.3283068835735321
1240,0.6840960383415222,0.7370444536209106,0.4974652826786041,0.332859069108963
1241,0.68085777759552,0.7388373613357544,0.4978153705596924,0.33338087797164917
1242,0.6864005923271179,0.7228795289993286,0.49985313415527344,0.3311934471130371
1243,0.6815938949584961,0.7359241843223572,0.5021641254425049,0.3326541781425476
1244,0.6864774227142334,0.7449421882629395,0.4929064214229584,0.32540056109428406
1245,0.6902787685394287,0.7331966161727905,0.49248814582824707,0.32692593336105347
1246,0.6850385665893555,0.7365711331367493,0.4984813928604126,0.3296085298061371
1247,0.6805142164230347,0.7374693751335144,0.49673914909362793,0.32745659351348877
1248,0.6924542188644409,0.7298021912574768,0.5027864575386047,0.3356459140777588
1249,0.6862967014312744,0.7298926115036011,0.4966278076171875,0.3319030702114105
1250,0.6839748620986938,0.7382100224494934,0.4955993592739105,0.32884106040000916
1251,0.6855267286300659,0.739675760269165,0.5063027739524841,0.3358478844165802
1252,0.6851134896278381,0.7446770071983337,0.49351224303245544,0.32690027356147766
1253,0.6802557706832886,0.7313827276229858,0.4970461428165436,0.33308300375938416
1254,0.6983909010887146,0.7339749336242676,0.48530492186546326,0.3222455084323883
1255,0.6836679577827454,0.7420117855072021,0.5014408230781555,0.33483895659446716
1256,0.683948814868927,0.7477536797523499,0.49570074677467346,0.32870858907699585
1257,0.69000643491745,0.7342807054519653,0.5042067170143127,0.33410733938217163
1258,0.6839948296546936,0.7453910708427429,0.4930536448955536,0.33102259039878845
1259,0.6903667449951172,0.7271502017974854,0.4938329756259918,0.3288106322288513
1260,0.6831170320510864,0.7248870134353638,0.49989113211631775,0.33473125100135803
1261,0.6911917924880981,0.7354432344436646,0.49511727690696716,0.33235323429107666
1262,0.6898700594902039,0.721420407295227,0.4964674413204193,0.329933762550354
1263,0.6864661574363708,0.731378436088562,0.49647435545921326,0.32761305570602417
1264,0.6890103220939636,0.7245640158653259,0.49395403265953064,0.326709121465683
1265,0.6910165548324585,0.7302548885345459,0.4974837303161621,0.332777202129364
1266,0.6852166652679443,0.7347302436828613,0.5049407482147217,0.33608636260032654
1267,0.687908411026001,0.7348375916481018,0.49427667260169983,0.32775017619132996
1268,0.6869614124298096,0.7437801361083984,0.49548831582069397,0.325030654668808
1269,0.6864547729492188,0.728790283203125,0.493862509727478,0.32807275652885437
1270,0.6914023160934448,0.748058557510376,0.4939463138580322,0.32706892490386963
1271,0.6886813640594482,0.7419849634170532,0.4974038600921631,0.3290391266345978
1272,0.6877040863037109,0.727043628692627,0.49895036220550537,0.33328211307525635
1273,0.6856546401977539,0.7304104566574097,0.49887070059776306,0.33343949913978577
1274,0.690709114074707,0.7438235878944397,0.4942713975906372,0.3297872841358185
1275,0.6864492893218994,0.7413233518600464,0.4919404089450836,0.32599887251853943
1276,0.6819624900817871,0.7319259643554688,0.4989871084690094,0.3331906199455261
1277,0.6891500949859619,0.7282178997993469,0.5013835430145264,0.3342278301715851
1278,0.6864476203918457,0.7326173782348633,0.49996206164360046,0.33536943793296814
1279,0.6928770542144775,0.7331090569496155,0.49253514409065247,0.32513079047203064
1280,0.688437819480896,0.7406845688819885,0.49482572078704834,0.32920384407043457
1281,0.6942776441574097,0.736060619354248,0.5006130933761597,0.33227941393852234
1282,0.6919635534286499,0.738287091255188,0.504716157913208,0.33537960052490234
1283,0.6906944513320923,0.7344374656677246,0.4953864514827728,0.32759448885917664
1284,0.6809803247451782,0.7260754108428955,0.500449001789093,0.3331029415130615
1285,0.6839511394500732,0.7242470383644104,0.495504230260849,0.3307711184024811
1286,0.6870689988136292,0.747348427772522,0.49586352705955505,0.3286777138710022
1287,0.6886168718338013,0.7281497716903687,0.49540066719055176,0.3292333483695984
1288,0.6878490447998047,0.7361752986907959,0.49556946754455566,0.328359454870224
1289,0.6870623826980591,0.7300946116447449,0.49852123856544495,0.3334333002567291
1290,0.6868551969528198,0.7388719320297241,0.49498939514160156,0.33184754848480225
1291,0.6850541830062866,0.740360677242279,0.4925448000431061,0.32846078276634216
1292,0.6901216506958008,0.7304130792617798,0.4988670349121094,0.3341010808944702
1293,0.6819489002227783,0.725470244884491,0.5074575543403625,0.33459386229515076
1294,0.6891423463821411,0.7297073602676392,0.49589216709136963,0.3261791467666626
1295,0.683978796005249,0.7460594177246094,0.4904646873474121,0.32497692108154297
1296,0.6833270788192749,0.7322259545326233,0.5006060600280762,0.33130279183387756
1297,0.6879032850265503,0.7271865606307983,0.4944365918636322,0.33226415514945984
1298,0.6888213753700256,0.7355964183807373,0.5055082440376282,0.33661699295043945
1299,0.698295533657074,0.7311429381370544,0.4895327389240265,0.32689058780670166
1300,0.6879003643989563,0.7390345335006714,0.4994172751903534,0.3310369849205017
1301,0.6858526468276978,0.7335403561592102,0.4997396171092987,0.3319500684738159
1302,0.6868448853492737,0.7339645028114319,0.4955814778804779,0.33516475558280945
1303,0.6878862380981445,0.7340765595436096,0.5028839111328125,0.33344975113868713
1304,0.6805250644683838,0.7381193041801453,0.5028868317604065,0.3334132432937622
1305,0.6825894713401794,0.7484719157218933,0.49727725982666016,0.330758661031723
1306,0.6816791296005249,0.7303563952445984,0.500094473361969,0.331998348236084
1307,0.6784696578979492,0.7350366115570068,0.49904242157936096,0.3321113586425781
1308,0.6833954453468323,0.739330530166626,0.49818500876426697,0.32993388175964355
1309,0.6902477741241455,0.7275400757789612,0.49577245116233826,0.33007505536079407
1310,0.6872838139533997,0.7426705360412598,0.49924635887145996,0.3325237035751343
1311,0.6848455667495728,0.727698028087616,0.49009445309638977,0.32323458790779114
1312,0.6844894886016846,0.7277657389640808,0.49123525619506836,0.3275015354156494
1313,0.6874595880508423,0.7283315062522888,0.4995368719100952,0.33031395077705383
1314,0.6786754727363586,0.7458820343017578,0.5043145418167114,0.33598658442497253
1315,0.688221275806427,0.7342596054077148,0.4944131374359131,0.325323224067688
1316,0.6887983679771423,0.744449257850647,0.49757373332977295,0.33359694480895996
1317,0.6903982162475586,0.7305588126182556,0.5036900043487549,0.33225876092910767
1318,0.6915978789329529,0.7327048182487488,0.499790221452713,0.331943541765213
1319,0.6898481845855713,0.7407364845275879,0.5001201033592224,0.33703458309173584
1320,0.6941424012184143,0.7259993553161621,0.5099545121192932,0.3364870846271515
1321,0.6828209161758423,0.7408905029296875,0.4997905194759369,0.33072981238365173
1322,0.6956621408462524,0.7366400361061096,0.49937430024147034,0.3337799906730652
1323,0.6866377592086792,0.7274844646453857,0.48761627078056335,0.3212082087993622
1324,0.6856663823127747,0.7268655300140381,0.4946471154689789,0.3313279151916504
1325,0.6864523887634277,0.7354257106781006,0.5026515126228333,0.328271746635437
1326,0.6796432733535767,0.7459044456481934,0.49712157249450684,0.3318946659564972
1327,0.6845041513442993,0.7264919281005859,0.49475419521331787,0.32954028248786926
1328,0.6933290958404541,0.7333267331123352,0.4886978566646576,0.3255106806755066
1329,0.6838514804840088,0.7352135181427002,0.503147542476654,0.33056893944740295
1330,0.6910788416862488,0.7324744462966919,0.5017206072807312,0.3346300423145294
1331,0.6872663497924805,0.7234667539596558,0.4955836236476898,0.3287668228149414
1332,0.6882532238960266,0.7351131439208984,0.499193400144577,0.33673688769340515
1333,0.6866190433502197,0.732073962688446,0.49480780959129333,0.3326849639415741
1334,0.6840178966522217,0.7343060970306396,0.4943460524082184,0.32911020517349243
1335,0.684346079826355,0.7422257661819458,0.49662327766418457,0.32447800040245056
1336,0.6889873743057251,0.7325875759124756,0.4975726306438446,0.3262205719947815
1337,0.6867692470550537,0.7330980896949768,0.50140780210495,0.3397354185581207
1338,0.6931620836257935,0.7420023679733276,0.4945904314517975,0.3330765962600708
1339,0.6858648061752319,0.7389891147613525,0.4902718961238861,0.3226921260356903
1340,0.6727308034896851,0.7654745578765869,0.502366840839386,0.3289601504802704
1341,0.6794172525405884,0.748306393623352,0.5010667443275452,0.32459142804145813
1342,0.61623215675354,0.9669201970100403,0.4783911406993866,0.35619789361953735
1343,0.5630130171775818,1.0773684978485107,0.5011984705924988,0.3340274393558502
1344,0.6609436273574829,0.6629943251609802,0.5124778747558594,0.3218284547328949
1345,0.6411883234977722,1.0216342210769653,0.5134513974189758,0.33316901326179504
1346,0.6434577703475952,0.990811824798584,0.48519667983055115,0.3365537226200104
1347,0.6387184262275696,0.9787132143974304,0.4908970594406128,0.3367786705493927
1348,0.6666394472122192,0.7951159477233887,0.49193084239959717,0.3389662802219391
1349,0.7001184225082397,0.6721796989440918,0.49842405319213867,0.331894189119339
1350,0.6908490657806396,0.6944369077682495,0.4952850341796875,0.32782861590385437
1351,0.6946868896484375,0.6936678886413574,0.4936591386795044,0.32912677526474
1352,0.6894067525863647,0.6961100101470947,0.4925044775009155,0.3278752565383911
1353,0.6957337856292725,0.7154121398925781,0.4944058954715729,0.33009281754493713
1354,0.693950891494751,0.708353579044342,0.4882330000400543,0.3221457004547119
1355,0.6854925155639648,0.7098605632781982,0.49440446496009827,0.3260442018508911
1356,0.6914776563644409,0.7196775674819946,0.5022051334381104,0.33383139967918396
1357,0.6846108436584473,0.7384401559829712,0.4953562915325165,0.32911327481269836
1358,0.6850714683532715,0.7315871119499207,0.4970945417881012,0.3315441906452179
1359,0.6886508464813232,0.7144215106964111,0.49956032633781433,0.3343016505241394
1360,0.6844080686569214,0.7256188988685608,0.4965990483760834,0.3314671516418457
1361,0.6904360055923462,0.7256997227668762,0.49690160155296326,0.33254051208496094
1362,0.6885948777198792,0.7295781373977661,0.5099025368690491,0.34138739109039307
1363,0.6889065504074097,0.7213943600654602,0.5017196536064148,0.33378866314888
1364,0.6836919188499451,0.7313728928565979,0.49746790528297424,0.33212006092071533
1365,0.6865218877792358,0.735819399356842,0.4936366081237793,0.330150306224823
1366,0.6914712190628052,0.7488301396369934,0.50173419713974,0.3359270393848419
1367,0.6798524856567383,0.7242799401283264,0.5098708271980286,0.3396625220775604
1368,0.6857688426971436,0.7356888055801392,0.49571049213409424,0.3299010396003723
1369,0.6881714463233948,0.7339245080947876,0.4975186884403229,0.3315114974975586
1370,0.6910741329193115,0.7405596971511841,0.49378836154937744,0.3281816244125366
1371,0.6864497065544128,0.7282550930976868,0.5019817352294922,0.3333556354045868
1372,0.6938080787658691,0.7285017371177673,0.49876609444618225,0.33151474595069885
1373,0.6902444958686829,0.7388054728507996,0.49928274750709534,0.3323483467102051
1374,0.6891930103302002,0.7363744974136353,0.4941178560256958,0.32899928092956543
1375,0.6903325319290161,0.7249280214309692,0.4983556568622589,0.3294724225997925
1376,0.6826673746109009,0.745478630065918,0.5026724934577942,0.3355620801448822
1377,0.6823958158493042,0.7388321161270142,0.497354656457901,0.3326665759086609
1378,0.6821151971817017,0.7426702976226807,0.4980757236480713,0.33391058444976807
1379,0.6819767951965332,0.7367128133773804,0.49439141154289246,0.32867223024368286
1380,0.6909497380256653,0.7258062958717346,0.4962904453277588,0.32859596610069275
1381,0.6889071464538574,0.7405199408531189,0.49482521414756775,0.3294837772846222
1382,0.6913577318191528,0.7332599759101868,0.5029872059822083,0.3397172689437866
1383,0.6842563152313232,0.7408429384231567,0.5083422064781189,0.33877331018447876
1384,0.6859204173088074,0.7381938695907593,0.4944417476654053,0.32700058817863464
1385,0.6904343366622925,0.7394154071807861,0.49403318762779236,0.32479536533355713
1386,0.6814789772033691,0.7285492420196533,0.4958910644054413,0.33176276087760925
1387,0.6878292560577393,0.7414667010307312,0.4959774911403656,0.3287828266620636
1388,0.6941797137260437,0.7358046770095825,0.49674347043037415,0.32892298698425293
1389,0.6928807497024536,0.7411412000656128,0.49962517619132996,0.3329085111618042
1390,0.6875215172767639,0.7236522436141968,0.4974171817302704,0.33167192339897156
1391,0.6885946989059448,0.7341344356536865,0.4970332682132721,0.33192524313926697
1392,0.6821361780166626,0.7314761281013489,0.49899134039878845,0.33246833086013794
1393,0.6900463104248047,0.7434118986129761,0.4944859743118286,0.33039596676826477
1394,0.6904604434967041,0.7325049638748169,0.4964992105960846,0.32820406556129456
1395,0.6921478509902954,0.7344990372657776,0.4891695976257324,0.32510536909103394
1396,0.6968401670455933,0.7276456952095032,0.49714502692222595,0.33112454414367676
1397,0.691750168800354,0.741823673248291,0.49215054512023926,0.32802435755729675
1398,0.6988816261291504,0.7363473773002625,0.4933527708053589,0.3266145884990692
1399,0.6811901330947876,0.7381011843681335,0.4968198239803314,0.3293485641479492
1400,0.6821078062057495,0.7399042844772339,0.502427875995636,0.33526843786239624
1401,0.6870678663253784,0.7454344034194946,0.4957091808319092,0.3282875418663025
1402,0.686974287033081,0.7246588468551636,0.4973909854888916,0.3312203288078308
1403,0.6884142160415649,0.7425417304039001,0.4953773021697998,0.32914501428604126
1404,0.6849076747894287,0.7427603006362915,0.49769890308380127,0.33169859647750854
1405,0.6847497224807739,0.7453551292419434,0.4944421350955963,0.3307628929615021
1406,0.6899142265319824,0.7337186932563782,0.4956534802913666,0.3306379020214081
1407,0.6880536079406738,0.730559766292572,0.4907749891281128,0.32953083515167236
1408,0.6894331574440002,0.7272173166275024,0.4968407452106476,0.33148878812789917
1409,0.68338942527771,0.7452722787857056,0.4925159215927124,0.3260320723056793
1410,0.6915675401687622,0.7266714572906494,0.5031482577323914,0.3355572819709778
1411,0.687230110168457,0.7325016260147095,0.4952857494354248,0.33211418986320496
1412,0.688782811164856,0.7361187934875488,0.49556195735931396,0.3300742208957672
1413,0.6864877939224243,0.7281487584114075,0.4897623062133789,0.32425248622894287
1414,0.6890939474105835,0.7322061657905579,0.5011985898017883,0.33349260687828064
1415,0.6881516575813293,0.7370070815086365,0.5051984786987305,0.3360319435596466
1416,0.6900191307067871,0.7363787889480591,0.49380698800086975,0.32841306924819946
1417,0.6905545592308044,0.7273212671279907,0.500312328338623,0.3351688086986542
1418,0.6879531145095825,0.7373707890510559,0.5042008757591248,0.33266782760620117
1419,0.6823376417160034,0.736524224281311,0.4930907189846039,0.3261677026748657
1420,0.6889883279800415,0.7272015810012817,0.49622806906700134,0.3279995918273926
1421,0.683884859085083,0.7405641078948975,0.49592292308807373,0.32869279384613037
1422,0.6849038600921631,0.7399022579193115,0.49462929368019104,0.3293913006782532
1423,0.6858235597610474,0.7309089303016663,0.5004087686538696,0.3326330780982971
1424,0.6905208826065063,0.738440752029419,0.49633607268333435,0.3303069770336151
1425,0.6932950019836426,0.7370327115058899,0.4938424825668335,0.32832661271095276
1426,0.6871601343154907,0.7346219420433044,0.498140424489975,0.32966357469558716
1427,0.6873197555541992,0.7436743378639221,0.4955357611179352,0.32945212721824646
1428,0.681946873664856,0.7490203380584717,0.5029235482215881,0.33669379353523254
1429,0.6876283884048462,0.7399065494537354,0.49922654032707214,0.3313634991645813
1430,0.6891723275184631,0.7373814582824707,0.5006698966026306,0.3340592384338379
1431,0.6812262535095215,0.7249443531036377,0.49599480628967285,0.32675617933273315
1432,0.6819835901260376,0.7313293218612671,0.4990919530391693,0.3311481177806854
1433,0.6872156858444214,0.7439436912536621,0.5015225410461426,0.33596593141555786
1434,0.6869912147521973,0.739248514175415,0.5028147101402283,0.33346670866012573
1435,0.6889796853065491,0.742190957069397,0.4941571056842804,0.3253616988658905
1436,0.6924433708190918,0.7291780114173889,0.4992187023162842,0.33358755707740784
1437,0.6794261932373047,0.7375375032424927,0.4928702414035797,0.3275192677974701
1438,0.6818115711212158,0.7348657846450806,0.4961530864238739,0.3326152563095093
1439,0.6881424188613892,0.7391543388366699,0.5002740621566772,0.3322207033634186
1440,0.6826786398887634,0.7353714108467102,0.49510255455970764,0.33006322383880615
1441,0.6875927448272705,0.7322056889533997,0.5042948126792908,0.33495309948921204
1442,0.6848036050796509,0.731555700302124,0.4986030161380768,0.3321323096752167
1443,0.6884762644767761,0.7385292649269104,0.4931659698486328,0.3303854167461395
1444,0.6867619752883911,0.7337508201599121,0.49921610951423645,0.33103007078170776
1445,0.6893448829650879,0.7308622002601624,0.4899415969848633,0.3241605758666992
1446,0.695314884185791,0.7390633821487427,0.501547634601593,0.33252477645874023
1447,0.6878775358200073,0.7405093908309937,0.5021400451660156,0.3391340672969818
1448,0.6873486042022705,0.7376593351364136,0.5041481256484985,0.33428800106048584
1449,0.6868801116943359,0.7299636006355286,0.5009963512420654,0.33367034792900085
1450,0.6892496347427368,0.7419705390930176,0.49186229705810547,0.3267225921154022
1451,0.68867027759552,0.7440117001533508,0.4969356060028076,0.33087053894996643
1452,0.6932506561279297,0.7294327020645142,0.49786660075187683,0.3318357467651367
1453,0.6858111619949341,0.7284225821495056,0.4972333014011383,0.32765355706214905
1454,0.6930214762687683,0.7426826357841492,0.4953889548778534,0.3320559859275818
1455,0.6895877122879028,0.7396196722984314,0.4936695992946625,0.32650133967399597
1456,0.6907683610916138,0.7280475497245789,0.49822211265563965,0.3307681679725647
1457,0.6912034749984741,0.7310543656349182,0.4954965114593506,0.3298807740211487
1458,0.6889326572418213,0.7355165481567383,0.5069558620452881,0.3398037254810333
1459,0.6895135641098022,0.7499598860740662,0.4936031997203827,0.3289669156074524
1460,0.6921029090881348,0.7223127484321594,0.49110135436058044,0.32655811309814453
1461,0.6833182573318481,0.7363043427467346,0.4970454275608063,0.329478919506073
1462,0.6833373308181763,0.7446705102920532,0.49359431862831116,0.3331187665462494
1463,0.6927642822265625,0.7365515828132629,0.4940822124481201,0.3322279751300812
1464,0.6821993589401245,0.7336930632591248,0.5035788416862488,0.3349030911922455
1465,0.6954618692398071,0.7285264134407043,0.49911820888519287,0.3307303786277771
1466,0.689570426940918,0.7182146310806274,0.4999530017375946,0.32815948128700256
1467,0.6883265972137451,0.7492085695266724,0.5026485919952393,0.3330831825733185
1468,0.6846448183059692,0.7317154407501221,0.5002003312110901,0.33400702476501465
1469,0.6915997266769409,0.7273139953613281,0.494282603263855,0.32909026741981506
1470,0.6837913990020752,0.7324636578559875,0.4898618161678314,0.326690673828125
1471,0.695900559425354,0.7205182313919067,0.49608147144317627,0.3326745927333832
1472,0.6872087717056274,0.7334519028663635,0.4968322217464447,0.32827600836753845
1473,0.6861575245857239,0.7295919060707092,0.48603376746177673,0.3242700397968292
1474,0.6840236186981201,0.7358159422874451,0.4993012845516205,0.33739331364631653
1475,0.6910123825073242,0.7332049608230591,0.5004298686981201,0.33923906087875366
1476,0.6861860156059265,0.7402828335762024,0.499021053314209,0.3285689949989319
1477,0.6900192499160767,0.7388554811477661,0.49308714270591736,0.3309656083583832
1478,0.6909486055374146,0.7301294207572937,0.49437010288238525,0.32185840606689453
1479,0.6873562932014465,0.7338855862617493,0.4932226240634918,0.33240804076194763
1480,0.6871795654296875,0.738042950630188,0.4983566105365753,0.33128219842910767
1481,0.6860125064849854,0.7356736660003662,0.5039992928504944,0.3375864028930664
1482,0.6890356540679932,0.7292563319206238,0.4968152940273285,0.32447531819343567
1483,0.682321310043335,0.7316337823867798,0.4993598461151123,0.33098867535591125
1484,0.6868002414703369,0.7316190004348755,0.4969247579574585,0.3308112621307373
1485,0.683303952217102,0.7537064552307129,0.4904055595397949,0.331211119890213
1486,0.6908996105194092,0.72991544008255,0.49754807353019714,0.33262157440185547
1487,0.6858764886856079,0.7275938391685486,0.5035262107849121,0.32957637310028076
1488,0.6825476884841919,0.7223114371299744,0.49601617455482483,0.3310796320438385
1489,0.6846053600311279,0.7376568913459778,0.49372100830078125,0.3333403766155243
1490,0.6876081228256226,0.7342464327812195,0.5031350255012512,0.3297576904296875
1491,0.6893540024757385,0.7352734208106995,0.49281129240989685,0.3291066884994507
1492,0.6840617656707764,0.7397472858428955,0.4966704845428467,0.3365970551967621
1493,0.6936473846435547,0.731647789478302,0.5037252902984619,0.34283536672592163
1494,0.6875295042991638,0.7437543272972107,0.500216543674469,0.33550068736076355
1495,0.6878442764282227,0.7254746556282043,0.49615153670310974,0.3308645188808441
1496,0.6809936165809631,0.736595630645752,0.4905673563480377,0.33020973205566406
1497,0.6869179606437683,0.7343148589134216,0.4929908812046051,0.3360164165496826
1498,0.6895565986633301,0.7327562570571899,0.4907982349395752,0.3357836902141571
1499,0.6923223733901978,0.721691906452179,0.49735572934150696,0.32566386461257935
1500,0.6867518424987793,0.7402189373970032,0.49638891220092773,0.3284136652946472
1501,0.6837078332901001,0.7342853546142578,0.5040227770805359,0.33592385053634644
1502,0.6899228096008301,0.7254626154899597,0.48939886689186096,0.32670894265174866
1503,0.6834613084793091,0.7358492612838745,0.4947081506252289,0.32859551906585693
1504,0.6808291673660278,0.7287983894348145,0.4990762174129486,0.3304968476295471
1505,0.6868313550949097,0.736527681350708,0.5057955384254456,0.3358374238014221
1506,0.6894651651382446,0.724756121635437,0.49575984477996826,0.3296124041080475
1507,0.6821295022964478,0.744469165802002,0.5046367049217224,0.33293429017066956
1508,0.6885032653808594,0.7380556464195251,0.4988284111022949,0.33087655901908875
1509,0.6867367029190063,0.7318952679634094,0.5047335028648376,0.33587029576301575
1510,0.6939529180526733,0.7543083429336548,0.5006880164146423,0.3400666117668152
1511,0.682790994644165,0.7447153925895691,0.501008152961731,0.33170512318611145
1512,0.6827641725540161,0.7445377111434937,0.4980238378047943,0.32998618483543396
1513,0.6878657937049866,0.7225795984268188,0.5013296008110046,0.33345186710357666
1514,0.6878460645675659,0.724475085735321,0.49515071511268616,0.33116668462753296
1515,0.6864759922027588,0.7388715744018555,0.4914151132106781,0.330221027135849
1516,0.6853461861610413,0.736158549785614,0.5014153122901917,0.33099329471588135
1517,0.6171248555183411,1.1178587675094604,0.45755907893180847,0.348536878824234
1518,0.7097618579864502,0.7015030384063721,0.46930399537086487,0.3123936951160431
1519,0.6413568258285522,0.8502259850502014,0.4942554235458374,0.3455032408237457
1520,0.6485558748245239,0.8379101157188416,0.4982176721096039,0.3498028814792633
1521,0.5435177087783813,1.296850323677063,0.48506662249565125,0.3402341604232788
1522,0.6079877018928528,1.0788332223892212,0.4819871485233307,0.32994234561920166
1523,0.66884845495224,0.7568676471710205,0.5081711411476135,0.33203762769699097
1524,0.7026000022888184,0.6459486484527588,0.49949002265930176,0.33419716358184814
1525,0.7056162357330322,0.6654024720191956,0.5000753402709961,0.3328505754470825
1526,0.6876825094223022,0.7040753364562988,0.49458256363868713,0.3296757638454437
1527,0.6907943487167358,0.7154986262321472,0.49983659386634827,0.3340872824192047
1528,0.687656044960022,0.7045835852622986,0.4972475469112396,0.3305411636829376
1529,0.6935585737228394,0.7187027931213379,0.49338069558143616,0.3259254992008209
1530,0.6888643503189087,0.7121372818946838,0.49598750472068787,0.33017152547836304
1531,0.6870948672294617,0.7214406728744507,0.5003271698951721,0.3337520658969879
1532,0.6863592863082886,0.74189692735672,0.4949246346950531,0.33062753081321716
1533,0.6834496259689331,0.7297576069831848,0.5012893080711365,0.33328983187675476
1534,0.6932743787765503,0.733554482460022,0.5016593337059021,0.3360641896724701
1535,0.6897531151771545,0.7227507829666138,0.4958108365535736,0.33149993419647217
1536,0.6892791390419006,0.7353693842887878,0.5012033581733704,0.33211249113082886
1537,0.6881766319274902,0.719202995300293,0.5005295276641846,0.33419644832611084
1538,0.6897345781326294,0.736340343952179,0.4919585883617401,0.32334914803504944
1539,0.6931390762329102,0.7143270969390869,0.5024259686470032,0.3353263735771179
1540,0.6859900951385498,0.7257865071296692,0.5016809105873108,0.3341602087020874
1541,0.6854426264762878,0.7268047332763672,0.4985377788543701,0.3339783251285553
1542,0.6896330118179321,0.7341262698173523,0.491835355758667,0.3261806070804596
1543,0.6947075128555298,0.7257166504859924,0.4921027719974518,0.3301090598106384
1544,0.6889885663986206,0.7290995717048645,0.4970502555370331,0.3312864601612091
1545,0.6903543472290039,0.728630542755127,0.501359760761261,0.33558276295661926
1546,0.6885387301445007,0.7229108214378357,0.4953647553920746,0.3282472491264343
1547,0.6900217533111572,0.7259214520454407,0.5035589337348938,0.3325529992580414
1548,0.6864339113235474,0.7432217597961426,0.5037712454795837,0.3345019817352295
1549,0.6847730875015259,0.7393745183944702,0.49437034130096436,0.3298795521259308
1550,0.6892901659011841,0.7472654581069946,0.49847427010536194,0.335568904876709
1551,0.6872118711471558,0.7319502830505371,0.503126323223114,0.3354494869709015
1552,0.6902393698692322,0.7323422431945801,0.500657856464386,0.3336436152458191
1553,0.6823376417160034,0.7429239153862,0.4969221353530884,0.33003851771354675
1554,0.6851794719696045,0.7289316654205322,0.49165746569633484,0.3266737163066864
1555,0.6844645738601685,0.7303919792175293,0.49899813532829285,0.3331202268600464
1556,0.6897536516189575,0.7345003485679626,0.498345285654068,0.3363341987133026
1557,0.6870879530906677,0.7357765436172485,0.4978812634944916,0.3307919204235077
1558,0.6864989995956421,0.7321227788925171,0.49542903900146484,0.3295977711677551
1559,0.6908879280090332,0.739723265171051,0.49245357513427734,0.3268625736236572
1560,0.6905432343482971,0.7317905426025391,0.4971565306186676,0.3308664858341217
1561,0.6831682324409485,0.7433390021324158,0.5020567774772644,0.3338281810283661
1562,0.68303382396698,0.7360672950744629,0.4952045977115631,0.329316109418869
1563,0.6898012757301331,0.7412096858024597,0.4966557025909424,0.33042293787002563
1564,0.6899532079696655,0.7267462611198425,0.49313417077064514,0.3285316824913025
1565,0.6921677589416504,0.7364974021911621,0.49458155035972595,0.3302628993988037
1566,0.6827871203422546,0.7363955974578857,0.5004163384437561,0.3319660723209381
1567,0.6920765042304993,0.7346917390823364,0.5013610124588013,0.33410918712615967
1568,0.6819518208503723,0.7411103248596191,0.4981203079223633,0.33179038763046265
1569,0.689968466758728,0.7421760559082031,0.49959608912467957,0.33313247561454773
1570,0.6866282224655151,0.7331582307815552,0.5028948187828064,0.33540645241737366
1571,0.6913824677467346,0.7363764047622681,0.4924294054508209,0.3301016688346863
1572,0.6889516115188599,0.7333852648735046,0.5025374293327332,0.33581987023353577
1573,0.691005289554596,0.7335326075553894,0.4930400848388672,0.3276674151420593
1574,0.688301682472229,0.7411036491394043,0.500087559223175,0.33718714118003845
1575,0.6844161748886108,0.741896390914917,0.5003461241722107,0.33376598358154297
1576,0.6846145391464233,0.7415204644203186,0.49214839935302734,0.3284175992012024
1577,0.68620365858078,0.7450535893440247,0.49719348549842834,0.33166712522506714
1578,0.6820665597915649,0.7460405230522156,0.4965732991695404,0.33029526472091675
1579,0.6867486238479614,0.7286180853843689,0.49644407629966736,0.3321004807949066
1580,0.6858540177345276,0.740085244178772,0.4993084967136383,0.3351374566555023
1581,0.6873836517333984,0.7390329837799072,0.48878157138824463,0.3234638273715973
1582,0.6873035430908203,0.7306119203567505,0.4936538636684418,0.3289338946342468
1583,0.6840109825134277,0.7400949001312256,0.48981451988220215,0.3268224000930786
1584,0.689749002456665,0.7331690788269043,0.4950253665447235,0.328509122133255
1585,0.6913206577301025,0.738662838935852,0.49551358819007874,0.3316883146762848
1586,0.684980034828186,0.7349475026130676,0.49365174770355225,0.33029085397720337
1587,0.6807188391685486,0.7321886420249939,0.4955269396305084,0.32776331901550293
1588,0.6844748258590698,0.7520336508750916,0.49441418051719666,0.3261551260948181
1589,0.6885000467300415,0.7248427271842957,0.49757352471351624,0.33273258805274963
1590,0.6881113052368164,0.7455918788909912,0.4969848692417145,0.32981324195861816
1591,0.6857472658157349,0.7303338050842285,0.4996095597743988,0.33362889289855957
1592,0.6908084154129028,0.7291778326034546,0.48834118247032166,0.32284560799598694
1593,0.6866971850395203,0.7276537418365479,0.4987258017063141,0.3339056372642517
1594,0.6854478120803833,0.7437309622764587,0.5057678818702698,0.33577755093574524
1595,0.6851578950881958,0.7331480383872986,0.49587905406951904,0.33346205949783325
1596,0.686073899269104,0.7279355525970459,0.4976472854614258,0.3316597044467926
1597,0.6897499561309814,0.7270388603210449,0.49559199810028076,0.3290559649467468
1598,0.6839964389801025,0.7484275698661804,0.495260626077652,0.32963448762893677
1599,0.6833111047744751,0.7516160011291504,0.4908979833126068,0.3263636529445648
1600,0.6847620010375977,0.7350026369094849,0.4932115972042084,0.3295425474643707
1601,0.6871479749679565,0.7400386929512024,0.5009016990661621,0.3311311900615692
1602,0.6860179305076599,0.7525855898857117,0.4983968734741211,0.3340127170085907
1603,0.6870260238647461,0.7307730913162231,0.49667033553123474,0.3288743197917938
1604,0.6926217675209045,0.7304425239562988,0.49321627616882324,0.3300868272781372
1605,0.6843620538711548,0.7478821873664856,0.4995150864124298,0.3328443765640259
1606,0.6881026029586792,0.7347154021263123,0.4965926706790924,0.3352811336517334
1607,0.6870734691619873,0.7442524433135986,0.5043458342552185,0.3366384208202362
1608,0.6801111698150635,0.7451617121696472,0.4915873110294342,0.3258354365825653
1609,0.6946722269058228,0.7282379269599915,0.4997539520263672,0.33249956369400024
1610,0.6827410459518433,0.7347950339317322,0.49652811884880066,0.3317111134529114
1611,0.6820307374000549,0.7513064742088318,0.494632750749588,0.32896968722343445
1612,0.6860716342926025,0.7395621538162231,0.4985898435115814,0.33032411336898804
1613,0.682074785232544,0.7529110312461853,0.49434778094291687,0.33297765254974365
1614,0.6907016038894653,0.7419602870941162,0.49630650877952576,0.3339965045452118
1615,0.6898180842399597,0.7340348362922668,0.49508512020111084,0.3323539197444916
1616,0.6908127069473267,0.7250986099243164,0.4891243875026703,0.32540565729141235
1617,0.6881461143493652,0.7379164695739746,0.5035958290100098,0.33227095007896423
1618,0.6933115124702454,0.7274051904678345,0.49281665682792664,0.3294733166694641
1619,0.6930899620056152,0.7339107394218445,0.49543115496635437,0.3299112915992737
1620,0.6920773983001709,0.7320425510406494,0.49235305190086365,0.3284592628479004
1621,0.6912229657173157,0.7291339635848999,0.49669548869132996,0.3302682936191559
1622,0.6863634586334229,0.7350986003875732,0.5034651756286621,0.33548080921173096
1623,0.6975216865539551,0.7365793585777283,0.49295637011528015,0.33089062571525574
1624,0.6921427845954895,0.7400057315826416,0.49322637915611267,0.32867515087127686
1625,0.6915948390960693,0.740310788154602,0.501483142375946,0.33559879660606384
1626,0.6765270233154297,0.7430344820022583,0.4992503225803375,0.3336402177810669
1627,0.6843657493591309,0.7374771237373352,0.5094224810600281,0.3381982445716858
1628,0.6863811016082764,0.7322474122047424,0.49457094073295593,0.33265557885169983
1629,0.6827865242958069,0.7402476668357849,0.4970308840274811,0.3305290639400482
1630,0.6893213987350464,0.750999927520752,0.49731722474098206,0.3328254520893097
1631,0.6895686388015747,0.7325692176818848,0.4967938959598541,0.32851386070251465
1632,0.6891816258430481,0.7364621758460999,0.49684810638427734,0.3309916853904724
1633,0.6918028593063354,0.7272116541862488,0.49428591132164,0.3321002721786499
1634,0.6970058679580688,0.7473169565200806,0.49461889266967773,0.33365797996520996
1635,0.6853442192077637,0.746484100818634,0.49118438363075256,0.3291831612586975
1636,0.6882021427154541,0.7205758094787598,0.49324384331703186,0.32639437913894653
1637,0.6849359273910522,0.7382255792617798,0.5026049017906189,0.3389710783958435
1638,0.6914759874343872,0.7291457056999207,0.4957350194454193,0.32701942324638367
1639,0.6835833787918091,0.731573224067688,0.4969053268432617,0.33200231194496155
1640,0.6846137642860413,0.7329621315002441,0.5014486908912659,0.33186113834381104
1641,0.6857954263687134,0.7415923476219177,0.4909724295139313,0.3267228305339813
1642,0.6861966848373413,0.7496380805969238,0.5052772164344788,0.3348756432533264
1643,0.6859468221664429,0.734960675239563,0.5042838454246521,0.3357606828212738
1644,0.6878965497016907,0.728701651096344,0.48734012246131897,0.324226975440979
1645,0.6897728443145752,0.7321392297744751,0.5019955039024353,0.3331255614757538
1646,0.6927313804626465,0.7381766438484192,0.4929746687412262,0.32887300848960876
1647,0.6921573877334595,0.7377517223358154,0.4921238422393799,0.3284284174442291
1648,0.6784075498580933,0.7440704107284546,0.5050621032714844,0.334555059671402
1649,0.6875379681587219,0.7343563437461853,0.49793124198913574,0.3311954140663147
1650,0.6792677640914917,0.7506522536277771,0.49582573771476746,0.33609047532081604
1651,0.6894389986991882,0.7261633276939392,0.4977685511112213,0.3320871889591217
1652,0.6860305070877075,0.7354635000228882,0.49226364493370056,0.3321565091609955
1653,0.6882879734039307,0.7330449819564819,0.5044088363647461,0.3376654088497162
1654,0.6837471723556519,0.7402176856994629,0.5008125305175781,0.33665165305137634
1655,0.6866697669029236,0.7462829351425171,0.5029456615447998,0.3367292582988739
1656,0.686089277267456,0.7446452975273132,0.4983116090297699,0.33114588260650635
1657,0.6819895505905151,0.7279239296913147,0.49611154198646545,0.3329923748970032
1658,0.6862171292304993,0.7284829616546631,0.4993901252746582,0.3335573971271515
1659,0.6899492740631104,0.7348913550376892,0.5011191964149475,0.3343939483165741
1660,0.6846448183059692,0.7412408590316772,0.5024945139884949,0.33378827571868896
1661,0.6865512132644653,0.7391705513000488,0.5009728074073792,0.3358140289783478
1662,0.6871018409729004,0.7445905804634094,0.4869026839733124,0.3269566595554352
1663,0.6844489574432373,0.7241628170013428,0.49262532591819763,0.33322978019714355
1664,0.6881223917007446,0.73265141248703,0.4991340637207031,0.33057332038879395
1665,0.6922823190689087,0.7414066791534424,0.48470649123191833,0.3291730284690857
1666,0.6901434659957886,0.7351447939872742,0.49586614966392517,0.32823365926742554
1667,0.6831233501434326,0.7390213012695312,0.4974992573261261,0.33163291215896606
1668,0.6874350309371948,0.7327178716659546,0.5018976330757141,0.3393731415271759
1669,0.6857515573501587,0.7317917346954346,0.48946595191955566,0.3168732821941376
1670,0.6848917007446289,0.7324931025505066,0.4998513162136078,0.3338984251022339
1671,0.6912122964859009,0.7432377934455872,0.4882381856441498,0.3354147672653198
1672,0.6798548698425293,0.7432242631912231,0.497138112783432,0.33938637375831604
1673,0.6872273683547974,0.7345340251922607,0.49861469864845276,0.32582876086235046
1674,0.6883679628372192,0.7378953695297241,0.5073437094688416,0.32846301794052124
1675,0.6855226755142212,0.7324860692024231,0.4999346435070038,0.3273157477378845
1676,0.6910486221313477,0.7314634919166565,0.49626708030700684,0.32351648807525635
1677,0.6820671558380127,0.7306089997291565,0.4990662634372711,0.3298099935054779
1678,0.5473248362541199,1.207992672920227,0.49369680881500244,0.33300986886024475
1679,0.5539891719818115,1.1743168830871582,0.48101773858070374,0.3459135890007019
1680,0.5718854665756226,1.380333662033081,0.49432238936424255,0.3248313367366791
1681,0.6219483613967896,1.1401463747024536,0.5113394260406494,0.33519336581230164
1682,0.6737329959869385,0.6856958866119385,0.5065783262252808,0.33498939871788025
1683,0.6982434988021851,0.6444239616394043,0.48738518357276917,0.3274736702442169
1684,0.7001124620437622,0.6632148623466492,0.5015624165534973,0.33482304215431213
1685,0.6944446563720703,0.6895413994789124,0.500434935092926,0.3350304663181305
1686,0.6900601387023926,0.7014119625091553,0.49681463837623596,0.32971593737602234
1687,0.6961018443107605,0.6961961388587952,0.500565230846405,0.33505526185035706
1688,0.6911849975585938,0.7096552848815918,0.4957139790058136,0.3281789720058441
1689,0.6932606101036072,0.7287939786911011,0.5021727681159973,0.33479559421539307
1690,0.6912508010864258,0.7208666801452637,0.494152307510376,0.3303249776363373
1691,0.6823951005935669,0.7309542298316956,0.49470388889312744,0.329237163066864
1692,0.6883140802383423,0.7151081562042236,0.5041320323944092,0.3359653949737549
1693,0.6868387460708618,0.7292532920837402,0.5040498375892639,0.33409571647644043
1694,0.6818749904632568,0.7203253507614136,0.49430015683174133,0.3305419385433197
1695,0.690302848815918,0.7203712463378906,0.4965961277484894,0.3342166841030121
1696,0.687854528427124,0.7345576882362366,0.4945155680179596,0.326992928981781
1697,0.6913753747940063,0.7221857905387878,0.4919450283050537,0.3264589309692383
1698,0.6839519739151001,0.7384095788002014,0.5011094212532043,0.33287638425827026
1699,0.6896988153457642,0.724446713924408,0.500126838684082,0.3330608308315277
1700,0.6891794800758362,0.7364554405212402,0.5017139911651611,0.3356817960739136
1701,0.6851261854171753,0.7295416593551636,0.4966442883014679,0.3320116400718689
1702,0.6903091669082642,0.730566680431366,0.5034743547439575,0.3368021249771118
1703,0.6872217059135437,0.7392503023147583,0.49692001938819885,0.3307836353778839
1704,0.685381293296814,0.7353078722953796,0.49713802337646484,0.3309941291809082
1705,0.6857779026031494,0.7256700396537781,0.49555715918540955,0.32826003432273865
1706,0.680887758731842,0.743060827255249,0.4991520941257477,0.33135882019996643
1707,0.6892831921577454,0.7298192381858826,0.5028300285339355,0.33423104882240295
1708,0.6859440803527832,0.732124924659729,0.48933884501457214,0.32590702176094055
1709,0.6808476448059082,0.7356536388397217,0.5010082125663757,0.335178405046463
1710,0.6862785816192627,0.7339370846748352,0.4967014789581299,0.33401545882225037
1711,0.6830827593803406,0.7290538549423218,0.49511921405792236,0.3308963179588318
1712,0.685828447341919,0.7404420375823975,0.5008167624473572,0.3344614505767822
1713,0.6897435188293457,0.7384225130081177,0.5015448927879333,0.33423176407814026
1714,0.6858848333358765,0.7412194609642029,0.491123765707016,0.32833006978034973
1715,0.6915773153305054,0.7307826280593872,0.4910946786403656,0.32920897006988525
1716,0.6905838251113892,0.7288176417350769,0.4993521273136139,0.3332669138908386
1717,0.6831009387969971,0.7374064922332764,0.509000301361084,0.3381566107273102
1718,0.6844216585159302,0.7384652495384216,0.4952467381954193,0.33055827021598816
1719,0.6929568648338318,0.7448460459709167,0.5050812363624573,0.33440807461738586
1720,0.6904555559158325,0.7270795106887817,0.4982564449310303,0.3340066075325012
1721,0.6979227662086487,0.7359616160392761,0.5021166205406189,0.33483049273490906
1722,0.6848350763320923,0.7413685321807861,0.499178409576416,0.332917720079422
1723,0.6937445402145386,0.7261795401573181,0.49981120228767395,0.3302953839302063
1724,0.6857725381851196,0.7468903660774231,0.4934406280517578,0.3303385078907013
1725,0.6854795217514038,0.7327879071235657,0.4995967149734497,0.3359004259109497
1726,0.6935074329376221,0.7400047183036804,0.4996185302734375,0.33007583022117615
1727,0.6864880323410034,0.7271808385848999,0.49357327818870544,0.32643741369247437
1728,0.693223774433136,0.7349299788475037,0.4939281940460205,0.33054623007774353
1729,0.6923326253890991,0.7313641905784607,0.49496039748191833,0.3270898461341858
1730,0.6847255229949951,0.7355474233627319,0.5053840279579163,0.3369910717010498
1731,0.6941747069358826,0.7370628118515015,0.49494168162345886,0.3328198790550232
1732,0.6910181641578674,0.7322827577590942,0.5011422038078308,0.33257150650024414
1733,0.6928471922874451,0.735270082950592,0.4935948848724365,0.32898610830307007
1734,0.6821645498275757,0.7450438141822815,0.5075744986534119,0.33480051159858704
1735,0.6812611818313599,0.7470147609710693,0.5018947124481201,0.3338519036769867
1736,0.6877359747886658,0.734216570854187,0.5032708644866943,0.3359741270542145
1737,0.6875380873680115,0.7332082390785217,0.49839648604393005,0.3342393934726715
1738,0.6927412748336792,0.7485398650169373,0.5010231137275696,0.3345838785171509
1739,0.6866264343261719,0.7452018857002258,0.4982796609401703,0.329636812210083
1740,0.6844227313995361,0.732295036315918,0.4994764029979706,0.3336203396320343
1741,0.6872929334640503,0.7404643297195435,0.5023042559623718,0.3363860249519348
1742,0.6890811920166016,0.7250257730484009,0.49527063965797424,0.33026590943336487
1743,0.6900172233581543,0.7331328988075256,0.5023331046104431,0.33548110723495483
1744,0.6828233003616333,0.7360600233078003,0.5004843473434448,0.33499887585639954
1745,0.6845155954360962,0.7321866154670715,0.4926188886165619,0.32509946823120117
1746,0.6894175410270691,0.7406964898109436,0.5015559196472168,0.33595603704452515
1747,0.6924319267272949,0.7321838736534119,0.4953359067440033,0.328014075756073
1748,0.6852960586547852,0.730958878993988,0.49706101417541504,0.3313208520412445
1749,0.6838650107383728,0.738398015499115,0.494471937417984,0.3294021487236023
1750,0.6874704360961914,0.737205982208252,0.5027270913124084,0.33552247285842896
1751,0.6891765594482422,0.7301206588745117,0.4944711923599243,0.32905563712120056
1752,0.690652072429657,0.7282409071922302,0.4975734055042267,0.33128413558006287
1753,0.6875231862068176,0.7287173867225647,0.5040409564971924,0.3380632698535919
1754,0.6891878843307495,0.7345980405807495,0.5045068264007568,0.3376350700855255
1755,0.6883682012557983,0.7434935569763184,0.5011311173439026,0.3358931839466095
1756,0.6901493072509766,0.741404116153717,0.501336395740509,0.33628711104393005
1757,0.6799601316452026,0.7634079456329346,0.49970635771751404,0.33267518877983093
1758,0.6883279085159302,0.7331947684288025,0.4982229471206665,0.3330591022968292
1759,0.6949738264083862,0.7233138084411621,0.49937930703163147,0.3324337899684906
1760,0.6943253874778748,0.7287488579750061,0.49975791573524475,0.332346111536026
1761,0.6825011968612671,0.7321219444274902,0.48814335465431213,0.3269404470920563
1762,0.6926878094673157,0.7303828001022339,0.49253198504447937,0.32964327931404114
1763,0.6920915842056274,0.7242898941040039,0.5000844597816467,0.33038920164108276
1764,0.6814465522766113,0.7369610071182251,0.49842891097068787,0.3314603567123413
1765,0.6812915802001953,0.7418872714042664,0.5012996792793274,0.3349943161010742
1766,0.6853644251823425,0.747360110282898,0.49737539887428284,0.3305000364780426
1767,0.6974629163742065,0.7341999411582947,0.4926776587963104,0.32727253437042236
1768,0.6897562146186829,0.73333340883255,0.4963289201259613,0.33209529519081116
1769,0.6869962215423584,0.7294772863388062,0.49244940280914307,0.32927945256233215
1770,0.693164587020874,0.7355494499206543,0.4990352690219879,0.3302608132362366
1771,0.6846646070480347,0.7406680583953857,0.5029165744781494,0.334225058555603
1772,0.6830551028251648,0.7383533120155334,0.4969634711742401,0.3328859806060791
1773,0.689606785774231,0.7314496040344238,0.499945729970932,0.33218562602996826
1774,0.6838862895965576,0.7452356815338135,0.49502086639404297,0.32930877804756165
1775,0.6905308961868286,0.7286327481269836,0.49421778321266174,0.330507755279541
1776,0.6864662766456604,0.7376767992973328,0.49612364172935486,0.3294917643070221
1777,0.6838566064834595,0.7355667352676392,0.4991180896759033,0.3308790922164917
1778,0.6866923570632935,0.7494310736656189,0.5005171895027161,0.3335285782814026
1779,0.6903091073036194,0.734261155128479,0.5042749047279358,0.34084072709083557
1780,0.6911672353744507,0.7342644333839417,0.5001174807548523,0.3389493227005005
1781,0.6879222393035889,0.7291767597198486,0.4976549446582794,0.33131152391433716
1782,0.684506893157959,0.746142566204071,0.5010553002357483,0.3338835537433624
1783,0.6877827644348145,0.7318007349967957,0.49374711513519287,0.3293359875679016
1784,0.6889929175376892,0.7377138137817383,0.5001574158668518,0.33344897627830505
1785,0.6853311061859131,0.7360994219779968,0.490607351064682,0.3259272873401642
1786,0.6922438740730286,0.7412702441215515,0.49538934230804443,0.33096247911453247
1787,0.6910001039505005,0.7463434934616089,0.49367818236351013,0.3299448490142822
1788,0.688507080078125,0.7330374121665955,0.5028164386749268,0.33938539028167725
1789,0.6850030422210693,0.7383024096488953,0.49576297402381897,0.3296186327934265
1790,0.6849284172058105,0.7288151979446411,0.49789729714393616,0.33048874139785767
1791,0.6814529299736023,0.7452419400215149,0.503797709941864,0.33681899309158325
1792,0.6890290975570679,0.7342801690101624,0.4963420331478119,0.33530452847480774
1793,0.6892967224121094,0.7383013367652893,0.4973280727863312,0.3278263807296753
1794,0.691015362739563,0.7285547852516174,0.4985826313495636,0.332852303981781
1795,0.6920790672302246,0.7409133911132812,0.49799832701683044,0.333038866519928
1796,0.678118884563446,0.7401401996612549,0.4973454177379608,0.3287030756473541
1797,0.6849782466888428,0.7477138638496399,0.48790276050567627,0.32310864329338074
1798,0.6832907795906067,0.7340269684791565,0.49934330582618713,0.3323204219341278
1799,0.6911344528198242,0.7322165369987488,0.492959588766098,0.32694172859191895
1800,0.6888421177864075,0.7363458275794983,0.4974115788936615,0.33413901925086975
1801,0.6894176602363586,0.7353759407997131,0.49794840812683105,0.32992950081825256
1802,0.6938612461090088,0.7284305691719055,0.49622926115989685,0.3323861062526703
1803,0.690134584903717,0.7338815927505493,0.5003016591072083,0.33346617221832275
1804,0.6928383708000183,0.7321150302886963,0.502331018447876,0.3345978856086731
1805,0.692816436290741,0.7429856061935425,0.4977770149707794,0.33126839995384216
1806,0.6830881834030151,0.7365460991859436,0.49869441986083984,0.32830798625946045
1807,0.6954507827758789,0.7312617301940918,0.49229440093040466,0.3270723521709442
1808,0.687862753868103,0.7303529977798462,0.49998340010643005,0.33413803577423096
1809,0.6858937740325928,0.7407580614089966,0.4985361397266388,0.33798205852508545
1810,0.6868480443954468,0.7385835647583008,0.49915409088134766,0.33569201827049255
1811,0.6975567936897278,0.7288509011268616,0.49679040908813477,0.32877087593078613
1812,0.690223753452301,0.7348993420600891,0.49567869305610657,0.33106666803359985
1813,0.6908453106880188,0.7326066493988037,0.49253860116004944,0.329058974981308
1814,0.6894484758377075,0.7319221496582031,0.5048502087593079,0.339016854763031
1815,0.6916908025741577,0.7437960505485535,0.500312089920044,0.3351796269416809
1816,0.6832394599914551,0.7299827337265015,0.48998841643333435,0.3252893388271332
1817,0.6858890056610107,0.7370256185531616,0.49798524379730225,0.3362363874912262
1818,0.6907809376716614,0.7261660099029541,0.5017099380493164,0.3322235345840454
1819,0.6863442659378052,0.7387979030609131,0.49971529841423035,0.33219653367996216
1820,0.6843929886817932,0.7335327863693237,0.4966008961200714,0.3305855393409729
1821,0.6898788213729858,0.7360103130340576,0.4976554811000824,0.32953161001205444
1822,0.6864486932754517,0.7434828281402588,0.4989132881164551,0.3392827808856964
1823,0.6849114298820496,0.7337205410003662,0.5002902150154114,0.33893319964408875
1824,0.6859471797943115,0.7366446256637573,0.4956637918949127,0.33164969086647034
1825,0.6861769556999207,0.7424883842468262,0.5049641132354736,0.3329522907733917
1826,0.6853892803192139,0.7344231605529785,0.5059345364570618,0.3338734209537506
1827,0.6849827766418457,0.7350051999092102,0.4955025613307953,0.3320251405239105
1828,0.693682849407196,0.7387681603431702,0.4973727762699127,0.3377602696418762
1829,0.68558669090271,0.7358328700065613,0.4980812072753906,0.33401840925216675
1830,0.6864118576049805,0.7304438352584839,0.49918773770332336,0.330068439245224
1831,0.6909283399581909,0.7310318350791931,0.49999406933784485,0.32934460043907166
1832,0.6894077062606812,0.7288758158683777,0.5030832886695862,0.3337302803993225
1833,0.6874661445617676,0.7402269244194031,0.49284109473228455,0.3285561501979828
1834,0.6900264024734497,0.7452366948127747,0.49868297576904297,0.3370717465877533
1835,0.6799826622009277,0.7518906593322754,0.49714457988739014,0.3375818431377411
1836,0.6863404512405396,0.7394455075263977,0.5019993185997009,0.3443402945995331
1837,0.6819362044334412,0.7574142813682556,0.4842566251754761,0.3368605375289917
1838,0.6802870035171509,0.7281877398490906,0.5024793744087219,0.32544025778770447
1839,0.6755580306053162,0.7518037557601929,0.4959494173526764,0.31793588399887085
1840,0.5601099729537964,0.9980915188789368,0.4975997507572174,0.3369055688381195
1841,0.5453852415084839,1.3470005989074707,0.506565511226654,0.32456883788108826
1842,0.6341081857681274,0.9331122040748596,0.5074849724769592,0.32132449746131897
1843,0.6530939936637878,0.7721192240715027,0.5043174624443054,0.3271661102771759
1844,0.6987473368644714,0.678471565246582,0.5026264786720276,0.3272702991962433
1845,0.7052586078643799,0.6604243516921997,0.4963783323764801,0.32934385538101196
1846,0.6919422149658203,0.6923638582229614,0.4994686543941498,0.33283907175064087
1847,0.6885266304016113,0.6908828020095825,0.5021901726722717,0.3351837396621704
1848,0.6865912675857544,0.7151911854743958,0.5010988712310791,0.3338925540447235
1849,0.6905502080917358,0.7160729765892029,0.4988327920436859,0.3331216275691986
1850,0.6970511078834534,0.7054081559181213,0.4926448166370392,0.32719558477401733
1851,0.6915169954299927,0.7278062105178833,0.49867963790893555,0.33254337310791016
1852,0.6939560174942017,0.7151859402656555,0.49658703804016113,0.33248838782310486
1853,0.6924011707305908,0.7259268164634705,0.49571463465690613,0.33025500178337097
1854,0.6895629167556763,0.7177686095237732,0.4937831461429596,0.32728472352027893
1855,0.6904581189155579,0.7260139584541321,0.4990740716457367,0.33082115650177
1856,0.6934496164321899,0.7166144251823425,0.49802353978157043,0.33059436082839966
1857,0.6884145736694336,0.7361920475959778,0.4994734823703766,0.33556994795799255
1858,0.6861516237258911,0.7250049710273743,0.49917134642601013,0.33289778232574463
1859,0.6774335503578186,0.7447617650032043,0.4942264258861542,0.33129778504371643
1860,0.6882738471031189,0.7282804250717163,0.49147775769233704,0.3259219229221344
1861,0.6880675554275513,0.7299879789352417,0.49560973048210144,0.32961320877075195
1862,0.6850957870483398,0.7293771505355835,0.500276505947113,0.3315807580947876
1863,0.6905289888381958,0.7232823371887207,0.5007051825523376,0.3338543176651001
1864,0.6926654577255249,0.7401036620140076,0.4986152946949005,0.32899972796440125
1865,0.6893676519393921,0.728306770324707,0.49271389842033386,0.3289385437965393
1866,0.6905325651168823,0.7297501564025879,0.49271154403686523,0.32705461978912354
1867,0.6846944093704224,0.7354518175125122,0.4998107850551605,0.3315923511981964
1868,0.68806391954422,0.7284685373306274,0.4984879493713379,0.33327651023864746
1869,0.6848859786987305,0.7287684082984924,0.49590739607810974,0.3314366042613983
1870,0.6903728246688843,0.7341707944869995,0.4965537488460541,0.3294016122817993
1871,0.6862527132034302,0.7494120597839355,0.5008564591407776,0.33263033628463745
1872,0.6924093961715698,0.7445046901702881,0.5003702640533447,0.33342137932777405
1873,0.6821911334991455,0.737703800201416,0.4990324079990387,0.3313615024089813
1874,0.6915085315704346,0.7334684133529663,0.49652114510536194,0.33157604932785034
1875,0.6961172819137573,0.7268148064613342,0.49448680877685547,0.32805150747299194
1876,0.685822069644928,0.7276000380516052,0.4971647560596466,0.3322421908378601
1877,0.6892398595809937,0.7382012009620667,0.4926343858242035,0.32924774289131165
1878,0.6897847056388855,0.7388352751731873,0.5042129158973694,0.33754491806030273
1879,0.6820894479751587,0.740597665309906,0.49925699830055237,0.3333240747451782
1880,0.6841063499450684,0.7357573509216309,0.4939972460269928,0.3273668587207794
1881,0.6897823214530945,0.7342905402183533,0.4912104904651642,0.3256740868091583
1882,0.6877756714820862,0.7319701910018921,0.49985429644584656,0.33161282539367676
1883,0.6846811771392822,0.7313821315765381,0.4973960220813751,0.33233919739723206
1884,0.6823034286499023,0.7451282739639282,0.5041741132736206,0.337106317281723
1885,0.694627583026886,0.7404192686080933,0.4949577748775482,0.3312142789363861
1886,0.6864774227142334,0.7348524928092957,0.4997774064540863,0.3306370973587036
1887,0.6886475086212158,0.7278389930725098,0.5002701878547668,0.33665844798088074
1888,0.6862496137619019,0.7404741048812866,0.5042160153388977,0.3382180333137512
1889,0.689384400844574,0.7335492968559265,0.48733973503112793,0.323525607585907
1890,0.6863848567008972,0.7340992093086243,0.49451589584350586,0.331449419260025
1891,0.6837871074676514,0.7313824892044067,0.4910958707332611,0.32786619663238525
1892,0.6878012418746948,0.7399841547012329,0.4947424829006195,0.3287854492664337
1893,0.6939526796340942,0.7364251613616943,0.49209633469581604,0.3273971676826477
1894,0.6885123252868652,0.7318528294563293,0.4961680471897125,0.3297240734100342
1895,0.6865990161895752,0.7358109951019287,0.49967145919799805,0.3303842544555664
1896,0.685447096824646,0.7360554933547974,0.5050049424171448,0.33827459812164307
1897,0.6821154952049255,0.7467845678329468,0.500957190990448,0.33372873067855835
1898,0.6905473470687866,0.7344004511833191,0.4990818202495575,0.3300786316394806
1899,0.6885700225830078,0.731879472732544,0.4975442588329315,0.3330707550048828
1900,0.6879105567932129,0.7350268959999084,0.49555838108062744,0.3348236680030823
1901,0.6859868764877319,0.7337999939918518,0.4994369447231293,0.33236879110336304
1902,0.6851150989532471,0.7353430390357971,0.49794963002204895,0.3315887749195099
1903,0.6867053508758545,0.7299436926841736,0.495298832654953,0.33152666687965393
1904,0.6891857385635376,0.7383599877357483,0.49781689047813416,0.33285608887672424
1905,0.6898459196090698,0.7469438910484314,0.49323567748069763,0.3279295265674591
1906,0.6871375441551208,0.7458177208900452,0.49531474709510803,0.3282344937324524
1907,0.6862696409225464,0.7363907098770142,0.5004234910011292,0.33204448223114014
1908,0.692568302154541,0.7242514491081238,0.4972759485244751,0.3325960636138916
1909,0.6858793497085571,0.7401654720306396,0.49672451615333557,0.32957902550697327
1910,0.6875524520874023,0.7322440147399902,0.5022459030151367,0.33427172899246216
1911,0.6893693804740906,0.7322144508361816,0.5012968182563782,0.33594539761543274
1912,0.6928355693817139,0.7331517934799194,0.49684807658195496,0.33338549733161926
1913,0.6945034265518188,0.7321035861968994,0.49789440631866455,0.331590473651886
1914,0.6867468357086182,0.733695924282074,0.4984400272369385,0.33315443992614746
1915,0.6871068477630615,0.7330214977264404,0.49066051840782166,0.324752539396286
1916,0.6889292001724243,0.7260267734527588,0.4977684020996094,0.3308449983596802
1917,0.6901429891586304,0.7401095628738403,0.4902266561985016,0.32806628942489624
1918,0.6892792582511902,0.7317715883255005,0.4966018497943878,0.33158090710639954
1919,0.6929083466529846,0.7335020899772644,0.49794408679008484,0.33339521288871765
1920,0.6828622817993164,0.7429152727127075,0.4978337287902832,0.32978740334510803
1921,0.6870230436325073,0.7361159324645996,0.49689528346061707,0.3319436013698578
1922,0.6838424205780029,0.7408411502838135,0.49939200282096863,0.3330205976963043
1923,0.6912517547607422,0.7332926392555237,0.49724552035331726,0.3275550603866577
1924,0.6857736110687256,0.7370672821998596,0.4972318112850189,0.33516666293144226
1925,0.686543345451355,0.735292911529541,0.5017479062080383,0.330903023481369
1926,0.6857794523239136,0.7446885108947754,0.4995773732662201,0.3339354991912842
1927,0.696211576461792,0.7262568473815918,0.4992635250091553,0.3329184055328369
1928,0.6836374998092651,0.7363052368164062,0.49767401814460754,0.32927262783050537
1929,0.6878776550292969,0.7363496422767639,0.4986637532711029,0.3359954059123993
1930,0.6856452226638794,0.7302745580673218,0.49825820326805115,0.33088192343711853
1931,0.6879035234451294,0.7352872490882874,0.5007431507110596,0.33347105979919434
1932,0.6885952949523926,0.7407975196838379,0.4948689043521881,0.33001482486724854
1933,0.6868854761123657,0.7325979471206665,0.4920036792755127,0.32851627469062805
1934,0.6896636486053467,0.7307218909263611,0.4979832172393799,0.3305455148220062
1935,0.6855190992355347,0.7379814982414246,0.503410816192627,0.3351197838783264
1936,0.6906483173370361,0.7461142539978027,0.4931808412075043,0.33087724447250366
1937,0.6898958086967468,0.7343500852584839,0.4882443845272064,0.324460506439209
1938,0.6859450340270996,0.7400872707366943,0.5010185241699219,0.3312188684940338
1939,0.6918749809265137,0.7331690788269043,0.4952223002910614,0.3282109797000885
1940,0.6880909204483032,0.7338442206382751,0.5003604292869568,0.3337290287017822
1941,0.687057614326477,0.7487001419067383,0.5014117360115051,0.33421841263771057
1942,0.6864680051803589,0.7393226027488708,0.4951727092266083,0.33211493492126465
1943,0.6891351938247681,0.7378926277160645,0.49917832016944885,0.3321497440338135
1944,0.6905664205551147,0.741768479347229,0.49309787154197693,0.3291272222995758
1945,0.6926340460777283,0.7296684384346008,0.49538007378578186,0.32969602942466736
1946,0.6889078617095947,0.7317606210708618,0.497849702835083,0.33354002237319946
1947,0.6858612298965454,0.7417376041412354,0.4901067316532135,0.33079975843429565
1948,0.6892862319946289,0.7354427576065063,0.5032046437263489,0.33405351638793945
1949,0.6912074089050293,0.7384703159332275,0.4977991580963135,0.3321307301521301
1950,0.6882952451705933,0.731978714466095,0.49989667534828186,0.33318594098091125
1951,0.694850504398346,0.7353816032409668,0.5038561820983887,0.33428409695625305
1952,0.685609757900238,0.7454900741577148,0.4923401176929474,0.3287617564201355
1953,0.688788890838623,0.7367814779281616,0.49595651030540466,0.32990896701812744
1954,0.6919184923171997,0.7294793128967285,0.4965479373931885,0.334380179643631
1955,0.6901136636734009,0.7240079045295715,0.5036664009094238,0.3353978097438812
1956,0.6922061443328857,0.7333717942237854,0.49866533279418945,0.33463141322135925
1957,0.6894136667251587,0.7357564568519592,0.49839696288108826,0.33011338114738464
1958,0.6876537799835205,0.7371842265129089,0.505408525466919,0.3386760354042053
1959,0.6899677515029907,0.7295978665351868,0.49807167053222656,0.3335537612438202
1960,0.6865160465240479,0.7426419854164124,0.49611636996269226,0.3336905837059021
1961,0.6830841302871704,0.7369128465652466,0.4973032474517822,0.3340579867362976
1962,0.6891009211540222,0.7402213215827942,0.49832311272621155,0.33200886845588684
1963,0.6871503591537476,0.7387310266494751,0.49674567580223083,0.33033815026283264
1964,0.685310959815979,0.7265830039978027,0.4903632402420044,0.32112348079681396
1965,0.6951115131378174,0.7267805337905884,0.4945927560329437,0.33247560262680054
1966,0.6863487958908081,0.7496733665466309,0.5020490288734436,0.3365165591239929
1967,0.6903406381607056,0.7345242500305176,0.5019271373748779,0.3346515893936157
1968,0.6935369968414307,0.7441439628601074,0.5024181008338928,0.333381712436676
1969,0.6859335899353027,0.7269783020019531,0.49806252121925354,0.3334871530532837
1970,0.6878237724304199,0.7376178503036499,0.49475839734077454,0.32970157265663147
1971,0.6913387179374695,0.7315738797187805,0.4987613260746002,0.33069872856140137
1972,0.6893271207809448,0.7296137809753418,0.4955102205276489,0.3295425474643707
1973,0.6925729513168335,0.730963408946991,0.49998918175697327,0.33133813738822937
1974,0.6870447993278503,0.7393854856491089,0.4973807632923126,0.3302125930786133
1975,0.6869035363197327,0.7480308413505554,0.49752888083457947,0.33076515793800354
1976,0.6821386814117432,0.7345876693725586,0.4970360994338989,0.32870298624038696
1977,0.6825745105743408,0.7463582158088684,0.48799827694892883,0.3289581835269928
1978,0.681720495223999,0.7465510368347168,0.4986034333705902,0.33390966057777405
1979,0.691199779510498,0.7267690300941467,0.5015439987182617,0.33456677198410034
1980,0.6864254474639893,0.7390923500061035,0.496837854385376,0.3301536440849304
1981,0.6873084902763367,0.7352070212364197,0.5000830292701721,0.33373090624809265
1982,0.6817192435264587,0.7478255033493042,0.49770498275756836,0.33514052629470825
1983,0.6879427433013916,0.7351047396659851,0.4977957308292389,0.33176711201667786
1984,0.6917224526405334,0.7256554961204529,0.5076666474342346,0.3412705063819885
1985,0.6890214681625366,0.7310777306556702,0.4938327968120575,0.3304588198661804
1986,0.6854315996170044,0.7284798622131348,0.4957636594772339,0.326468288898468
1987,0.6921024322509766,0.734502911567688,0.49117231369018555,0.3265741765499115
1988,0.6882585287094116,0.7310962080955505,0.49554312229156494,0.33082902431488037
1989,0.680203378200531,0.743101179599762,0.4874744117259979,0.3253411650657654
1990,0.6864486932754517,0.7375259399414062,0.4990047514438629,0.3348148763179779
1991,0.686185896396637,0.732876181602478,0.49478480219841003,0.32931339740753174
1992,0.6885318160057068,0.7231431603431702,0.5005760788917542,0.3329150974750519
1993,0.6856691837310791,0.7407332062721252,0.49983739852905273,0.3369660973548889
1994,0.6839169859886169,0.7440535426139832,0.4956522285938263,0.33461523056030273
1995,0.687339186668396,0.7295496463775635,0.4977821409702301,0.3305865228176117
1996,0.6768190860748291,0.7480990290641785,0.49555590748786926,0.3287101984024048
1997,0.6886110305786133,0.730803906917572,0.5045550465583801,0.33685141801834106
1998,0.6931662559509277,0.737773597240448,0.4972355365753174,0.33135104179382324
1999,0.6845290660858154,0.7439161539077759,0.4937141239643097,0.3326682448387146
2000,0.687091052532196,0.7365906834602356,0.5010880827903748,0.33417776226997375
2001,0.6907550096511841,0.724064290523529,0.50027996301651,0.33388420939445496
2002,0.6888538599014282,0.7342416048049927,0.5025288462638855,0.33252641558647156
2003,0.6876888275146484,0.7278555631637573,0.5017322897911072,0.3311537206172943
2004,0.6861758232116699,0.7380242347717285,0.4989027976989746,0.33683037757873535
2005,0.6848963499069214,0.7400038242340088,0.4981272220611572,0.3330008089542389
2006,0.6863484382629395,0.7374561429023743,0.49747300148010254,0.32994216680526733
2007,0.6943517923355103,0.7258791923522949,0.5004980564117432,0.33122918009757996
2001,nan,nan,nan,nan
2002,nan,nan,nan,nan
2003,nan,nan,nan,nan
2004,nan,nan,nan,nan
2005,nan,nan,nan,nan
2006,nan,nan,nan,nan
2007,nan,nan,nan,nan
2008,nan,nan,nan,nan
2009,nan,nan,nan,nan
2010,nan,nan,nan,nan
2011,nan,nan,nan,nan
2012,nan,nan,nan,nan
2013,nan,nan,nan,nan
2014,nan,nan,nan,nan
2015,nan,nan,nan,nan
2016,nan,nan,nan,nan
2017,nan,nan,nan,nan
2018,nan,nan,nan,nan
2001,nan,nan,nan,nan
2002,nan,nan,nan,nan
2003,nan,nan,nan,nan
2004,nan,nan,nan,nan
2005,nan,nan,nan,nan
2006,nan,nan,nan,nan
2007,nan,nan,nan,nan
0,nan,0.6691306829452515,-0.007403513882309198,0.7062377333641052
1,0.7395032644271851,0.6577429175376892,0.04222643002867699,0.7188241481781006
2,0.7392301559448242,0.6491650342941284,0.10623737424612045,0.7180061936378479
3,0.8973193168640137,0.6803658604621887,0.21207748353481293,0.7109899520874023
4,0.8956366181373596,0.7076038718223572,0.25149622559547424,0.7023221850395203
5,0.6610355973243713,0.7775280475616455,0.31637677550315857,0.7016592025756836
6,0.6469407081604004,0.8045059442520142,0.3992163836956024,0.6637548208236694
7,0.9064937829971313,0.8563805222511292,0.4788062572479248,0.6310831308364868
8,0.6543411016464233,0.9303152561187744,0.549144446849823,0.577564001083374
9,0.6497364640235901,0.8837856650352478,0.5752777457237244,0.5489256978034973
10,0.638548731803894,0.9403416514396667,0.5966154932975769,0.5324624180793762
11,0.6391185522079468,0.983700692653656,0.59080570936203,0.5408412218093872
12,0.6319128274917603,0.9538191556930542,0.578127920627594,0.5210559368133545
13,0.6273183822631836,0.9916873574256897,0.5693241953849792,0.5111339688301086
14,0.6637533903121948,0.9168553352355957,0.5396232604980469,0.5183275938034058
15,0.8471550941467285,0.9706825017929077,0.5581851005554199,0.4806655943393707
16,0.6555165648460388,0.9723027348518372,0.567790687084198,0.46404844522476196
17,0.6380176544189453,0.9784083962440491,0.5930244326591492,0.43342554569244385
18,0.8389942646026611,0.9833589196205139,0.5822691917419434,0.45176875591278076
19,0.6126933097839355,0.9984174370765686,0.6001501679420471,0.4236800968647003
20,0.6576120257377625,0.9488206505775452,0.5881918668746948,0.4323335886001587
21,0.6281112432479858,0.9813438057899475,0.5957372784614563,0.4251329004764557
22,0.6356183290481567,0.9546442627906799,0.5859922766685486,0.4250793755054474
23,0.6253413558006287,0.9650098085403442,0.5855332016944885,0.42239058017730713
24,nan,1.013932704925537,0.590451180934906,0.41805577278137207
25,nan,1.022068977355957,0.5906357169151306,0.41679152846336365
26,0.609433650970459,1.042235016822815,0.587213933467865,0.4224107265472412
27,0.6264602541923523,1.007802128791809,0.5847664475440979,0.41819387674331665
28,0.6182291507720947,1.0370666980743408,0.5822949409484863,0.4227098524570465
29,nan,1.0071386098861694,0.5866611003875732,0.4210936725139618
30,0.6180723905563354,1.024557113647461,0.5950867533683777,0.4098958373069763
31,0.6015303134918213,1.0398874282836914,0.5867534279823303,0.42145922780036926
32,0.6163995862007141,0.9951719641685486,0.5894029140472412,0.40713411569595337
33,0.7145653963088989,1.0267058610916138,0.5802983641624451,0.41618332266807556
34,0.711166501045227,1.0541086196899414,0.6016026139259338,0.3984195291996002
35,0.5986496210098267,1.067980408668518,0.5812698006629944,0.4167861044406891
36,nan,1.028435230255127,0.5840087532997131,0.41472914814949036
37,nan,1.0324701070785522,0.5976225733757019,0.39723438024520874
38,0.607722282409668,1.049770712852478,0.5916556119918823,0.403158038854599
39,0.580721378326416,1.086456537246704,0.5957150459289551,0.40096819400787354
40,0.6014442443847656,1.0468119382858276,0.5844560861587524,0.4070044457912445
41,0.6046338677406311,1.0826019048690796,0.591484010219574,0.4063471853733063
42,0.5728280544281006,1.0560925006866455,0.5786884427070618,0.40060746669769287
43,0.6290171146392822,1.044562578201294,0.5815399289131165,0.4144928455352783
44,0.5918625593185425,1.0761711597442627,0.5907703042030334,0.3988890051841736
45,nan,1.0869035720825195,0.584804356098175,0.41079816222190857
46,0.5953144431114197,1.0980753898620605,0.5880736708641052,0.40193304419517517
47,nan,1.127013921737671,0.593849241733551,0.3935336470603943
48,0.5881479382514954,1.1130867004394531,0.5794975161552429,0.4070712625980377
49,nan,1.1165521144866943,0.5884165167808533,0.4043033719062805
50,nan,1.103063702583313,0.5969035625457764,0.3913014531135559
51,0.5895760655403137,1.1743992567062378,0.5853973031044006,0.39130789041519165
52,0.5910707712173462,1.0922812223434448,0.5862625241279602,0.39492201805114746
53,0.5939599275588989,1.3208726644515991,0.5885608196258545,0.3961641788482666
54,nan,1.1054086685180664,0.5863423943519592,0.3948221504688263
55,0.571584939956665,1.1522308588027954,0.5873198509216309,0.3928048014640808
56,0.48827245831489563,1.276616096496582,0.5847523808479309,0.39016327261924744
57,0.5710610151290894,1.195936679840088,0.583110511302948,0.39420825242996216
58,0.5737743377685547,1.105728030204773,0.5834465026855469,0.3983519673347473
59,0.5742322206497192,1.1678032875061035,0.5778299570083618,0.39740076661109924
60,0.5804263353347778,1.2833898067474365,0.579415500164032,0.39602506160736084
61,0.5625091791152954,1.2287474870681763,0.574125349521637,0.4015113413333893
62,0.5631093978881836,1.1876928806304932,0.5764701962471008,0.40177246928215027
63,0.5179480314254761,1.258189082145691,0.5850102305412292,0.3856968283653259
64,0.5786651372909546,1.1483604907989502,0.5806089043617249,0.3868614435195923
65,0.5832720994949341,1.1498156785964966,0.5722401738166809,0.3926461637020111
66,0.5859870314598083,1.1425031423568726,0.5689323544502258,0.39238473773002625
67,nan,1.1954030990600586,0.5570021271705627,0.3958027958869934
68,nan,1.1610355377197266,0.5602930188179016,0.3963669240474701
69,0.601836621761322,1.195093035697937,0.5404243469238281,0.3976132869720459
70,nan,1.1299442052841187,0.5384414792060852,0.3972437381744385
71,0.6203515529632568,1.1513928174972534,0.5145573616027832,0.39867350459098816
72,0.6189091205596924,1.0553959608078003,0.4605933129787445,0.42093029618263245
73,0.639994740486145,1.014515995979309,0.41218575835227966,0.45153331756591797
74,nan,1.0287410020828247,0.41975077986717224,0.4455031156539917
75,0.7204422354698181,1.0036152601242065,0.3892301023006439,0.44709140062332153
76,0.592848539352417,1.0907527208328247,0.34473171830177307,0.467473566532135
77,0.8025599718093872,1.0939050912857056,0.36447057127952576,0.4586872160434723
78,0.7960565090179443,1.1080248355865479,0.3583599627017975,0.46057945489883423
79,0.8307386040687561,1.1127662658691406,0.3712799549102783,0.45860743522644043
80,0.5752667784690857,1.0817375183105469,0.38136735558509827,0.44110116362571716
81,nan,1.1561524868011475,0.4244503676891327,0.4402371942996979
82,0.5796648859977722,1.2059108018875122,0.4320586025714874,0.4242524206638336
83,0.5699920654296875,1.1846542358398438,0.4865855276584625,0.40863898396492004
84,0.5531333684921265,1.1803205013275146,0.4805520474910736,0.41022399067878723
85,0.559861421585083,1.2375242710113525,0.4985034465789795,0.39293473958969116
86,0.5724986791610718,1.1407369375228882,0.5115819573402405,0.39412909746170044
87,0.5976999998092651,1.1702539920806885,0.5306829214096069,0.37947866320610046
88,nan,1.1670689582824707,0.5399582386016846,0.3789387047290802
89,nan,1.1626960039138794,0.5310713648796082,0.37521371245384216
90,0.5714318752288818,1.2258563041687012,0.532222330570221,0.3810097873210907
91,0.5621353387832642,1.2224547863006592,0.5227913856506348,0.3836298882961273
92,0.5755766034126282,1.1970939636230469,0.5378673076629639,0.37337884306907654
93,0.5524482727050781,1.2136038541793823,0.5225686430931091,0.3706953823566437
94,0.8086096048355103,1.2220582962036133,0.5248365998268127,0.37212467193603516
95,0.5800192356109619,1.1979519128799438,0.5187931060791016,0.3722570538520813
96,nan,1.1984553337097168,0.5199410319328308,0.3743745684623718
97,0.5896375179290771,1.1861801147460938,0.49824297428131104,0.3776436746120453
98,nan,1.198426365852356,0.5136393904685974,0.36561834812164307
99,nan,1.20641028881073,0.49042966961860657,0.36995548009872437
100,nan,1.2152705192565918,0.4967080056667328,0.37622565031051636
101,nan,1.1915229558944702,0.4798085689544678,0.37319687008857727
102,nan,1.2013720273971558,0.4896557331085205,0.3646990656852722
103,nan,1.143892765045166,0.4822372496128082,0.36747652292251587
104,nan,1.1415996551513672,0.49002113938331604,0.3669479191303253
105,0.5606465339660645,1.1431528329849243,0.48926612734794617,0.37130215764045715
106,0.9018867015838623,1.245692491531372,0.48232999444007874,0.3660096526145935
107,0.5898239016532898,1.2157543897628784,0.4802662432193756,0.3640216290950775
108,0.5983296036720276,1.2030059099197388,0.4849298894405365,0.3598048985004425
109,nan,1.168670415878296,0.4834102392196655,0.3558068871498108
110,0.9001649618148804,1.1569701433181763,0.4804907739162445,0.35766008496284485
111,nan,1.1935076713562012,0.47590723633766174,0.3578522205352783
112,0.567955732345581,1.2144428491592407,0.4830862581729889,0.351789653301239
113,nan,1.2441768646240234,0.47998133301734924,0.3521767556667328
114,0.5886710286140442,1.194292664527893,0.48918065428733826,0.3462161421775818
115,0.5895401239395142,1.1642117500305176,0.495511531829834,0.35296395421028137
116,0.5849425792694092,1.1529583930969238,0.48032045364379883,0.352834016084671
117,0.5900654792785645,1.171720027923584,0.48607659339904785,0.34922951459884644
118,nan,1.1544005870819092,0.4716823101043701,0.3467135429382324
119,0.582008957862854,1.2454966306686401,0.48126721382141113,0.3452664315700531
120,nan,1.1993769407272339,0.47712740302085876,0.34396517276763916
121,nan,1.1811025142669678,0.4734884202480316,0.34223565459251404
122,0.5961529016494751,1.2039958238601685,0.4884490966796875,0.3452962040901184
123,0.5654004812240601,1.162890076637268,0.47778597474098206,0.351595401763916
124,nan,1.1653697490692139,0.4875238835811615,0.35178235173225403
125,nan,1.1838290691375732,0.48419189453125,0.341487854719162
126,nan,1.1624255180358887,0.4802936017513275,0.34055212140083313
127,nan,1.15883469581604,0.4858536720275879,0.3441261351108551
128,0.5786653757095337,1.1591287851333618,0.484864741563797,0.3417671322822571
129,0.5836789011955261,1.1530647277832031,0.4852175712585449,0.3427759110927582
130,nan,1.1360018253326416,0.48910287022590637,0.34552016854286194
131,nan,1.1733224391937256,0.4883211553096771,0.35301947593688965
132,0.6281527280807495,1.1464989185333252,0.4858115613460541,0.34076938033103943
133,0.5982357263565063,1.1635042428970337,0.4836850166320801,0.3445897102355957
134,0.5781015753746033,1.1479458808898926,0.47325465083122253,0.33931565284729004
135,nan,1.2045586109161377,0.48135116696357727,0.33866238594055176
136,nan,1.1808979511260986,0.48454999923706055,0.339852511882782
137,0.5702722072601318,1.1539289951324463,0.4732242524623871,0.34189218282699585
138,0.9742456674575806,1.1250516176223755,0.48266538977622986,0.34378042817115784
139,nan,1.1683220863342285,0.4851149022579193,0.3415607213973999
140,0.5706218481063843,1.2997217178344727,0.4887520968914032,0.34645816683769226
141,nan,1.1757051944732666,0.4826292097568512,0.33817896246910095
142,0.5894588232040405,1.1867401599884033,0.48486509919166565,0.34056124091148376
143,0.5877364873886108,1.2007304430007935,0.49737024307250977,0.34335020184516907
144,0.5885845422744751,1.152482032775879,0.4896789789199829,0.33733880519866943
145,nan,1.1898273229599,0.4931694567203522,0.33816421031951904
146,0.5734100341796875,1.1522828340530396,0.49702945351600647,0.3414373993873596
147,nan,1.226848840713501,0.496016263961792,0.34720590710639954
148,nan,1.2534942626953125,0.49407628178596497,0.344307541847229
149,nan,1.2152413129806519,0.5097606778144836,0.3430229723453522
150,nan,1.1888203620910645,0.4915211498737335,0.3455699384212494
151,nan,1.171321988105774,0.4942927360534668,0.3431210219860077
152,nan,1.2372794151306152,0.5014953017234802,0.34198424220085144
153,0.5729645490646362,1.232851266860962,0.4927133023738861,0.3412194550037384
154,0.6049334406852722,1.1947367191314697,0.4962186813354492,0.3445766866207123
155,0.5763437747955322,1.2519409656524658,0.4915146827697754,0.3410162925720215
156,0.5855686664581299,1.2708460092544556,0.4929015338420868,0.3435709476470947
157,nan,1.2459025382995605,0.4943358898162842,0.33954155445098877
158,0.5656558275222778,1.2524423599243164,0.4907819926738739,0.3489788770675659
159,0.5847890377044678,1.1872400045394897,0.4973156154155731,0.3378807306289673
160,0.6093733310699463,1.279013752937317,0.4918583929538727,0.3409118056297302
161,0.6094030737876892,1.2377909421920776,0.4867928922176361,0.33776727318763733
162,0.5835747122764587,1.228430151939392,0.487623929977417,0.34661218523979187
163,0.6041451692581177,1.1569437980651855,0.4802123010158539,0.3404994010925293
164,nan,1.1860400438308716,0.49141255021095276,0.3407500982284546
165,0.5766574144363403,1.185096263885498,0.4912084639072418,0.3408943712711334
166,nan,1.1959229707717896,0.48425960540771484,0.3375365734100342
167,nan,1.2186191082000732,0.4762956202030182,0.34046754240989685
168,0.5629869699478149,1.2279061079025269,0.4856823980808258,0.3402005136013031
169,0.5865054726600647,1.1915942430496216,0.4954780042171478,0.3448590040206909
170,nan,1.192150354385376,0.4927293360233307,0.3420647978782654
171,0.5840038061141968,1.19316565990448,0.4922679662704468,0.3436099588871002
172,nan,1.2457480430603027,0.49226507544517517,0.3405348062515259
173,0.5713335275650024,1.246667504310608,0.4922260344028473,0.33697953820228577
174,0.5909855365753174,1.258760690689087,0.4876823425292969,0.33669471740722656
175,0.5566970705986023,1.2489899396896362,0.4942690432071686,0.34061935544013977
176,nan,1.2434784173965454,0.494767427444458,0.33781054615974426
177,0.5678250789642334,1.2323760986328125,0.5005849003791809,0.33766990900039673
178,0.5833227634429932,1.2256406545639038,0.48100730776786804,0.33811578154563904
179,nan,1.2742538452148438,0.48816046118736267,0.33571547269821167
180,0.5830327272415161,1.2356799840927124,0.4864865243434906,0.33956488966941833
181,0.5984523892402649,1.2187970876693726,0.4848955571651459,0.3326583206653595
182,0.5845783352851868,1.2171013355255127,0.4731783866882324,0.33816829323768616
183,nan,1.2124662399291992,0.49275898933410645,0.3417995572090149
184,0.5902969837188721,1.25521981716156,0.48482999205589294,0.34113308787345886
185,nan,1.2202016115188599,0.48424485325813293,0.3349812924861908
186,0.5747870802879333,1.2636868953704834,0.49530377984046936,0.3464844524860382
187,0.5752483010292053,1.2324999570846558,0.49880847334861755,0.3377162516117096
188,0.5655390024185181,1.2263908386230469,0.4949720799922943,0.34803181886672974
189,0.6024482250213623,1.1314499378204346,0.5018799901008606,0.338976114988327
190,0.581003725528717,1.2435102462768555,0.4975440502166748,0.33674272894859314
191,0.5966222882270813,1.2918126583099365,0.49927863478660583,0.33626049757003784
192,0.5821847319602966,1.2472366094589233,0.49845314025878906,0.33468538522720337
193,0.5653626918792725,1.3198399543762207,0.49637946486473083,0.34430623054504395
194,0.5791533589363098,1.1519280672073364,0.4909627437591553,0.33601948618888855
195,0.5691699385643005,1.208996057510376,0.49784207344055176,0.3393571078777313
196,0.5854489803314209,1.2802729606628418,0.4974989891052246,0.3445184528827667
197,0.563907265663147,1.2505676746368408,0.49781808257102966,0.3411298096179962
198,0.6092755198478699,1.1499115228652954,0.4988010823726654,0.33533579111099243
199,0.5729504227638245,1.2354458570480347,0.5019083023071289,0.33777183294296265
200,0.580325722694397,1.1896721124649048,0.5044689774513245,0.3371272087097168
201,0.586908221244812,1.1551457643508911,0.5005846619606018,0.342954158782959
202,0.6028913259506226,1.2482788562774658,0.5008475184440613,0.3386649787425995
203,0.5779657363891602,1.2793471813201904,0.5008606910705566,0.34344884753227234
204,0.5791155099868774,1.228771448135376,0.49852418899536133,0.33849263191223145
205,0.5640617609024048,1.242321491241455,0.501600444316864,0.3437960743904114
206,0.5688114166259766,1.2925779819488525,0.496317982673645,0.3368877172470093
207,0.5786159038543701,1.2669545412063599,0.49352917075157166,0.3366866111755371
208,0.5895561575889587,1.2603007555007935,0.5079162120819092,0.34285590052604675
209,0.5795524716377258,1.238872766494751,0.49479541182518005,0.3450864553451538
210,nan,1.2771098613739014,0.4987931549549103,0.3400533199310303
211,0.5926989912986755,1.2080131769180298,0.4968236982822418,0.3402084410190582
212,0.5846611261367798,1.2265167236328125,0.5049090385437012,0.3415389358997345
213,0.5951711535453796,1.2012975215911865,0.4929494857788086,0.3339247405529022
214,0.581419825553894,1.1986849308013916,0.4958515465259552,0.33828791975975037
215,0.5710951685905457,1.2383756637573242,0.4954293966293335,0.3416668176651001
216,0.6038914322853088,1.2523938417434692,0.5003654360771179,0.34232354164123535
217,0.6194882392883301,1.1612871885299683,0.4881640374660492,0.34389936923980713
218,0.6056040525436401,1.1813188791275024,0.5017771124839783,0.3340175747871399
219,0.5631678700447083,1.288508653640747,0.4985607862472534,0.34006738662719727
220,0.5481287240982056,1.2655364274978638,0.4915098249912262,0.33677688241004944
221,0.5835705995559692,1.2516779899597168,0.4940800666809082,0.3432784974575043
222,0.5872519016265869,1.2241828441619873,0.4943638741970062,0.33866289258003235
223,0.5763930082321167,1.2991836071014404,0.4951162040233612,0.33762896060943604
224,0.5567655563354492,1.133778691291809,0.4951212406158447,0.3376399874687195
225,0.5739260911941528,1.2309740781784058,0.4946169853210449,0.33590206503868103
226,0.5549817085266113,1.2802093029022217,0.49147725105285645,0.33520612120628357
227,0.5782634019851685,1.2543082237243652,0.4912973940372467,0.3369954526424408
228,0.5778985619544983,1.353479027748108,0.4889979362487793,0.3343540132045746
229,0.5779809951782227,1.2694777250289917,0.4855698347091675,0.33347031474113464
230,0.5772804021835327,1.27861750125885,0.4974904954433441,0.33486005663871765
231,0.5629369616508484,1.3042556047439575,0.5012173056602478,0.33688628673553467
232,nan,1.2590152025222778,0.5015497803688049,0.3432036340236664
233,0.5766122937202454,1.3733278512954712,0.4960263669490814,0.339226096868515
234,0.5520161390304565,1.364913821220398,0.4997069835662842,0.3374028205871582
235,0.5734511613845825,1.2745758295059204,0.4939592182636261,0.33748480677604675
236,nan,1.2602791786193848,0.4930295944213867,0.33283376693725586
237,0.5573751330375671,1.28933846950531,0.5003247857093811,0.34033942222595215
238,0.5687004327774048,1.2688796520233154,0.5011997818946838,0.34180060029029846
239,0.5609433650970459,1.2319415807724,0.5006136298179626,0.33617445826530457
240,0.570792555809021,1.2061686515808105,0.4983655512332916,0.34092575311660767
241,0.5727340579032898,1.2661830186843872,0.5039364695549011,0.3355069160461426
242,0.5582423210144043,1.2846031188964844,0.5006487965583801,0.33613353967666626
243,0.5801575183868408,1.3396178483963013,0.5012286305427551,0.3368895649909973
244,0.5401043891906738,1.3801742792129517,0.487402081489563,0.33533865213394165
245,0.5550813674926758,1.392064094543457,0.49349096417427063,0.3414817452430725
246,0.5865073800086975,1.2386415004730225,0.5037671327590942,0.3396989405155182
247,0.5417971014976501,1.3646000623703003,0.4898916780948639,0.34313660860061646
248,0.5619813203811646,1.413419485092163,0.49660906195640564,0.33766672015190125
249,0.5899900197982788,1.2865382432937622,0.5036582946777344,0.33483943343162537
250,nan,1.2957261800765991,0.4998708665370941,0.3401055932044983
251,0.5683386325836182,1.3954588174819946,0.5013588666915894,0.3412480354309082
252,0.5865232944488525,1.291192889213562,0.487146258354187,0.33503642678260803
253,0.5717644691467285,1.286810278892517,0.49444612860679626,0.3390812575817108
254,0.5627623796463013,1.328765869140625,0.5021319389343262,0.34398993849754333
255,0.5616868734359741,1.3310976028442383,0.5020982027053833,0.34030812978744507
256,0.5473648309707642,1.2772531509399414,0.4958493709564209,0.33734598755836487
257,0.5620356798171997,1.3909305334091187,0.5046170353889465,0.3414113521575928
258,0.5537680387496948,1.383013367652893,0.5062074661254883,0.3384600579738617
259,0.5803006291389465,1.2873905897140503,0.4967377185821533,0.3382668197154999
260,0.5708868503570557,1.256023645401001,0.4930223524570465,0.3352504372596741
261,0.5598577260971069,1.296426773071289,0.49189236760139465,0.337248295545578
262,0.5317364931106567,1.2872248888015747,0.4890982210636139,0.3274281620979309
263,0.5500479936599731,1.2757936716079712,0.5022315979003906,0.3398098945617676
264,0.5620547533035278,1.3156577348709106,0.4967111051082611,0.33632156252861023
265,0.5615177154541016,1.3167297840118408,0.4877960681915283,0.3371288776397705
266,0.5723884701728821,1.372167706489563,0.49231234192848206,0.3337102234363556
267,0.5597984194755554,1.2860275506973267,0.49449583888053894,0.34181585907936096
268,0.5809942483901978,1.3250763416290283,0.4877699315547943,0.3331802189350128
269,0.5737769603729248,1.3675576448440552,0.49290919303894043,0.3394714891910553
270,0.5416222810745239,1.2659662961959839,0.48915913701057434,0.3329039514064789
271,0.5785897970199585,1.2866064310073853,0.49348998069763184,0.3342526853084564
272,0.569706916809082,1.271907091140747,0.484907865524292,0.3333222568035126
273,0.5600062608718872,1.3525230884552002,0.48997625708580017,0.3379557132720947
274,0.5574178099632263,1.3763266801834106,0.4994593560695648,0.3396381735801697
275,0.5806881189346313,1.4012107849121094,0.49894770979881287,0.3387889564037323
276,0.5502411723136902,1.3668406009674072,0.5037129521369934,0.33655330538749695
277,0.5631532073020935,1.4290153980255127,0.500948965549469,0.33657780289649963
278,0.5557574033737183,1.4161244630813599,0.4958084523677826,0.3328361213207245
279,0.5579923391342163,1.4304721355438232,0.498427152633667,0.33997994661331177
280,0.5295385718345642,1.4108880758285522,0.5001077651977539,0.3395918607711792
281,0.550609827041626,1.356291651725769,0.4974031448364258,0.33128005266189575
282,0.5798453092575073,1.3661994934082031,0.5013044476509094,0.33935174345970154
283,0.5396199226379395,1.3650044202804565,0.5012465119361877,0.3373882472515106
284,0.5523151159286499,1.3738718032836914,0.4968026578426361,0.33285626769065857
285,0.5701149702072144,1.4010553359985352,0.49802684783935547,0.3401375412940979
286,0.5728214383125305,1.4113715887069702,0.49990203976631165,0.34149011969566345
287,0.5705468654632568,1.4208577871322632,0.5016886591911316,0.33952656388282776
288,0.561587393283844,1.3226374387741089,0.4911813735961914,0.33444032073020935
289,0.5574607253074646,1.362329125404358,0.49578607082366943,0.33671826124191284
290,0.5585159063339233,1.3476229906082153,0.497969388961792,0.3413243293762207
291,0.5579537153244019,1.4547593593597412,0.49606725573539734,0.337308794260025
292,0.5680747628211975,1.3241198062896729,0.4943943917751312,0.3345027267932892
293,0.5570485591888428,1.384606957435608,0.5026873350143433,0.33837512135505676
294,0.5855869650840759,1.3527706861495972,0.4955421984195709,0.3357742726802826
295,0.5433813333511353,1.4252620935440063,0.5025033354759216,0.33975914120674133
296,0.5605177283287048,1.431627631187439,0.4945152699947357,0.3301642835140228
297,0.5445671081542969,1.3598604202270508,0.49371281266212463,0.340059757232666
298,0.5479616522789001,1.3603405952453613,0.4896062910556793,0.3386177718639374
299,0.543488621711731,1.3887888193130493,0.4990268647670746,0.3323420286178589
300,0.5387356281280518,1.4405500888824463,0.4931972920894623,0.3357663154602051
301,0.543917179107666,1.4165970087051392,0.4971309006214142,0.3342447578907013
302,0.5172770023345947,1.4713850021362305,0.5056173205375671,0.3398283123970032
303,0.5668977499008179,1.3910564184188843,0.5049653053283691,0.3357938528060913
304,0.5637311935424805,1.379258155822754,0.5005204677581787,0.33748725056648254
305,0.5487524271011353,1.3622113466262817,0.5037200450897217,0.33636924624443054
306,0.5631606578826904,1.3216407299041748,0.4969683885574341,0.32962745428085327
307,0.5354012250900269,1.4037318229675293,0.4879545271396637,0.3317260444164276
308,0.5418226718902588,1.3760772943496704,0.5008049011230469,0.33331480622291565
309,0.5494033098220825,1.3786405324935913,0.4877451956272125,0.33363112807273865
310,0.5583379864692688,1.4169522523880005,0.49145546555519104,0.33066505193710327
311,0.5365744829177856,1.3551833629608154,0.49400028586387634,0.3311130702495575
312,0.5595700144767761,1.3653315305709839,0.48867058753967285,0.33647772669792175
313,0.5549702644348145,1.3574410676956177,0.489722341299057,0.33937686681747437
314,0.5699431300163269,1.3708072900772095,0.4861769676208496,0.3297015428543091
315,0.5297694206237793,1.4257315397262573,0.49287256598472595,0.33499693870544434
316,0.5430655479431152,1.4187144041061401,0.4944809377193451,0.332465261220932
317,nan,1.4008523225784302,0.49968060851097107,0.3352048695087433
318,0.5509692430496216,1.442967414855957,0.49879416823387146,0.33482804894447327
319,0.5467221736907959,1.4923030138015747,0.4928577244281769,0.32643264532089233
320,0.5692882537841797,1.4084967374801636,0.4944314956665039,0.3357802629470825
321,0.5499791502952576,1.422816514968872,0.4889664649963379,0.33091557025909424
322,nan,1.3870601654052734,0.48628345131874084,0.3282490074634552
323,0.5478156805038452,1.507437825202942,0.4942499101161957,0.33047688007354736
324,0.5768667459487915,1.4964972734451294,0.49706628918647766,0.3342965245246887
325,nan,1.4014856815338135,0.4954361915588379,0.33327606320381165
326,0.5645386576652527,1.45689058303833,0.49495887756347656,0.3331575393676758
327,0.5716879963874817,1.454740285873413,0.4961325228214264,0.3340859115123749
328,0.5638458728790283,1.461501955986023,0.48888882994651794,0.3284461498260498
329,0.5318942070007324,1.46623957157135,0.4905509948730469,0.33261638879776
330,nan,1.3827077150344849,0.48585405945777893,0.32376161217689514
331,0.5437415838241577,1.4132834672927856,0.49434754252433777,0.3300146758556366
332,0.5340896248817444,1.4239860773086548,0.49714335799217224,0.3344900906085968
333,0.5719457268714905,1.3907078504562378,0.48787060379981995,0.32708969712257385
334,0.5495171546936035,1.4230259656906128,0.49096035957336426,0.32625460624694824
335,0.5439121723175049,1.423388957977295,0.4828261435031891,0.32528334856033325
336,0.5573748350143433,1.3357858657836914,0.489375501871109,0.3326006829738617
337,0.5631262063980103,1.4353985786437988,0.4858730733394623,0.3312469720840454
338,0.5601767301559448,1.3904550075531006,0.488332599401474,0.3289056420326233
339,0.5521330833435059,1.432886004447937,0.4934483468532562,0.33120378851890564
340,0.5214968323707581,1.4435327053070068,0.4864649772644043,0.33105742931365967
341,nan,1.4383500814437866,0.4885408878326416,0.3260034918785095
342,0.5317515730857849,1.4322749376296997,0.492346853017807,0.3313237428665161
343,nan,1.4055941104888916,0.49312353134155273,0.32778793573379517
344,0.5571880340576172,1.4448857307434082,0.4908381402492523,0.3236279785633087
345,0.568750262260437,1.429455280303955,0.4911898374557495,0.3280055820941925
346,0.5703343152999878,1.4606648683547974,0.49246153235435486,0.3314661979675293
347,nan,1.3652451038360596,0.481281042098999,0.32672327756881714
348,0.587507963180542,1.3386951684951782,0.49060431122779846,0.32510820031166077
349,0.554876446723938,1.4049102067947388,0.4827815592288971,0.3238525390625
350,0.5855733752250671,1.3210796117782593,0.48770037293434143,0.32331007719039917
351,nan,1.4123790264129639,0.48926985263824463,0.329176664352417
352,0.5795854330062866,1.3551771640777588,0.48781585693359375,0.32314303517341614
353,0.590035617351532,1.3356373310089111,0.49151840806007385,0.3301408886909485
354,0.5596482753753662,1.3803383111953735,0.4888303279876709,0.3292655646800995
355,0.5694807171821594,1.369235873222351,0.48100411891937256,0.3231828212738037
356,0.5257886648178101,1.4541015625,0.48803651332855225,0.3272327780723572
357,0.5766516923904419,1.2952492237091064,0.4873301088809967,0.3267723619937897
358,0.5860471725463867,1.3364475965499878,0.4850466251373291,0.3215376138687134
359,0.5507597923278809,1.3814784288406372,0.49118542671203613,0.329208642244339
360,0.5605654716491699,1.3902151584625244,0.49453309178352356,0.3288402557373047
361,0.5889304876327515,1.2805206775665283,0.4835519790649414,0.3243393003940582
362,0.5727719068527222,1.3386412858963013,0.4831439256668091,0.32082197070121765
363,nan,1.4007413387298584,0.48116540908813477,0.31787532567977905
364,0.5542598962783813,1.3703796863555908,0.49395251274108887,0.32659807801246643
365,0.589425802230835,1.2800374031066895,0.4905373752117157,0.324398934841156
366,nan,1.3370975255966187,0.4931791126728058,0.32449936866760254
367,0.5464263558387756,1.3823051452636719,0.49579253792762756,0.3291238248348236
368,0.5731226801872253,1.410101056098938,0.48963022232055664,0.3231898844242096
369,nan,1.3342951536178589,0.4895041882991791,0.32648658752441406
370,nan,1.3342951536178589,0.48864373564720154,0.3244673013687134
371,nan,1.3536436557769775,0.4899311065673828,0.3234492242336273
372,nan,1.329068660736084,0.49645450711250305,0.3260546028614044
373,nan,1.305121660232544,0.4910626709461212,0.32609042525291443
374,0.5659918785095215,1.4370582103729248,0.4892823398113251,0.3235197961330414
375,0.5872313976287842,1.4332700967788696,0.48519065976142883,0.3256441056728363
376,nan,1.309733510017395,0.48984360694885254,0.3286660611629486
377,nan,1.3009114265441895,0.4980055093765259,0.3303065598011017
378,nan,1.3642234802246094,0.4916702210903168,0.32367852330207825
379,0.5700621604919434,1.2578725814819336,0.4882640540599823,0.32428625226020813
380,0.5763488411903381,1.3791099786758423,0.49191007018089294,0.3245971202850342
381,nan,1.3118330240249634,0.48564156889915466,0.3215164244174957
382,nan,1.300881028175354,0.4826582372188568,0.3218936026096344
383,nan,1.3394839763641357,0.49278023838996887,0.3228382468223572
384,nan,1.2864171266555786,0.4826979339122772,0.3217378556728363
385,nan,1.3037928342819214,0.48671022057533264,0.32065048813819885
386,nan,1.312227725982666,0.4934955835342407,0.32799091935157776
387,0.5945645570755005,1.3354947566986084,0.49253901839256287,0.3241903483867645
388,0.5747227668762207,1.3131933212280273,0.4927978515625,0.3271305561065674
389,nan,1.2785682678222656,0.4892626702785492,0.3241567015647888
390,0.5872777104377747,1.2380679845809937,0.4920178949832916,0.3256535828113556
391,0.5762432813644409,1.3774919509887695,0.4911305904388428,0.3237951397895813
392,nan,1.3413498401641846,0.49226585030555725,0.32500073313713074
393,0.5853515863418579,1.3335715532302856,0.4936697483062744,0.3231310248374939
394,nan,1.281655192375183,0.49255821108818054,0.3238238990306854
395,nan,1.3151803016662598,0.493302583694458,0.3254182040691376
396,0.5838606953620911,1.2795637845993042,0.4958183765411377,0.3258381187915802
397,nan,1.2311732769012451,0.4943656921386719,0.3234798312187195
398,0.5975815057754517,1.3334991931915283,0.49245819449424744,0.3231132924556732
399,0.6073224544525146,1.2171664237976074,0.49417412281036377,0.3248652219772339
400,0.6294622421264648,1.2112627029418945,0.49093976616859436,0.3212616741657257
401,0.5989115238189697,1.2947540283203125,0.49358895421028137,0.32264986634254456
402,0.5689127445220947,1.269147515296936,0.4935038983821869,0.32571494579315186
403,0.5824521780014038,1.2385637760162354,0.48915669322013855,0.32170966267585754
404,0.6077641248703003,1.2352169752120972,0.4938715994358063,0.3219044804573059
405,0.5967175960540771,1.2505145072937012,0.4930249750614166,0.32345443964004517
406,0.6047948598861694,1.248627781867981,0.49855831265449524,0.3277120590209961
407,0.576791524887085,1.3080451488494873,0.4945223331451416,0.3227536082267761
408,0.6130023002624512,1.2472577095031738,0.49016866087913513,0.3252929449081421
409,0.5882018804550171,1.3425570726394653,0.493396133184433,0.32140523195266724
410,0.5932283997535706,1.1787364482879639,0.49765047430992126,0.32563748955726624
411,0.6151919364929199,1.179272174835205,0.492986798286438,0.3228074908256531
412,0.6149764060974121,1.1833549737930298,0.4984765350818634,0.3261960744857788
413,nan,1.1784467697143555,0.4976593554019928,0.3277814984321594
414,0.6133701801300049,1.1954646110534668,0.5010468363761902,0.3258107900619507
415,nan,1.2181775569915771,0.5002774596214294,0.3285185694694519
416,0.599490761756897,1.1963638067245483,0.5032692551612854,0.3312840163707733
417,0.5900226831436157,1.1576021909713745,0.5017736554145813,0.32568198442459106
418,0.6153312921524048,1.262717366218567,0.4952023923397064,0.32296639680862427
419,0.5935273170471191,1.195753812789917,0.4991060197353363,0.3281584680080414
420,0.5972567200660706,1.1965514421463013,0.5014542937278748,0.3308773934841156
421,0.6040252447128296,1.0981478691101074,0.4962848424911499,0.32721656560897827
422,0.6117812395095825,1.2103271484375,0.5016025304794312,0.3238513171672821
423,0.622259259223938,1.1774855852127075,0.5053741931915283,0.33413296937942505
424,0.6306469440460205,1.1221400499343872,0.4941520392894745,0.33085593581199646
425,0.6381198763847351,1.143560528755188,0.4953424036502838,0.32768675684928894
426,0.5994724631309509,1.182739496231079,0.5020139813423157,0.33021873235702515
427,0.6268556118011475,1.1242648363113403,0.5008938908576965,0.3286738097667694
428,0.6400543451309204,1.2174270153045654,0.5093836188316345,0.33392012119293213
429,0.5887253880500793,1.1923123598098755,0.49022579193115234,0.32369697093963623
430,0.6382296681404114,1.1416410207748413,0.5008419156074524,0.32973241806030273
431,0.6189472079277039,1.132199764251709,0.4947594106197357,0.3289893865585327
432,0.6106455326080322,1.0555920600891113,0.5018823742866516,0.3329671025276184
433,0.619121253490448,1.1049633026123047,0.5018691420555115,0.32929760217666626
434,nan,1.1237422227859497,0.49665847420692444,0.3240352272987366
435,0.6346762180328369,1.1792265176773071,0.49766111373901367,0.328894704580307
436,0.6208776235580444,1.164786458015442,0.5000043511390686,0.3308869004249573
437,0.6253863573074341,1.0795682668685913,0.5016891360282898,0.3275170624256134
438,0.6110826730728149,1.1386139392852783,0.49810466170310974,0.32383155822753906
439,nan,1.1225237846374512,0.49507245421409607,0.3242926299571991
440,0.6048870086669922,1.159613847732544,0.4971783459186554,0.323866605758667
441,0.6180053949356079,1.2190858125686646,0.4956010580062866,0.3288911283016205
442,0.6188535690307617,1.1132242679595947,0.4970238506793976,0.3285177946090698
443,0.6140221357345581,1.1126583814620972,0.49314531683921814,0.3216630816459656
444,0.6012901067733765,1.1095860004425049,0.5013527870178223,0.3309050500392914
445,0.6215294599533081,1.0875123739242554,0.4976414144039154,0.3260757327079773
446,0.6194403171539307,1.143773078918457,0.5047044157981873,0.33284738659858704
447,0.607485830783844,1.1364049911499023,0.49704328179359436,0.32746461033821106
448,0.6066702604293823,1.1254931688308716,0.5015223026275635,0.33092886209487915
449,0.6307005882263184,1.0866343975067139,0.49586251378059387,0.32692739367485046
450,nan,1.08120596408844,0.5004511475563049,0.3328588306903839
451,nan,1.071435570716858,0.4978317320346832,0.328817218542099
452,0.5814605951309204,1.1424437761306763,0.5009735822677612,0.3324664235115051
453,0.6089504957199097,1.123599648475647,0.49196457862854004,0.32478296756744385
454,0.5944888591766357,1.1087356805801392,0.4990776777267456,0.32592418789863586
455,0.6460239887237549,1.0229084491729736,0.49564290046691895,0.32422831654548645
456,nan,1.0655295848846436,0.49502408504486084,0.3259280323982239
457,0.6196208596229553,1.0768297910690308,0.5034794807434082,0.33114635944366455
458,0.6119910478591919,0.9938756227493286,0.5002710819244385,0.32999569177627563
459,0.6227182149887085,1.108195185661316,0.5057229995727539,0.332750141620636
460,0.617113471031189,1.1460649967193604,0.4978443682193756,0.3291967809200287
461,0.6039685010910034,1.1160955429077148,0.49343523383140564,0.32548442482948303
462,0.6394075155258179,1.0612574815750122,0.4956798553466797,0.32560431957244873
463,0.614938497543335,1.0832611322402954,0.5024228692054749,0.3290311396121979
464,0.6235377788543701,1.1203043460845947,0.5028888583183289,0.33166658878326416
465,0.6494519114494324,1.0232951641082764,0.5049121975898743,0.3321808874607086
466,0.6221123933792114,1.1034380197525024,0.5033520460128784,0.3296610713005066
467,0.6409111022949219,1.0841389894485474,0.4956296980381012,0.32630667090415955
468,0.6128264665603638,1.1301299333572388,0.5027480125427246,0.3308224081993103
469,0.6144262552261353,1.123046636581421,0.5028648376464844,0.33230164647102356
470,0.6509276628494263,1.07025146484375,0.49948540329933167,0.3336915671825409
471,0.6218856573104858,1.114725112915039,0.4975080192089081,0.32748693227767944
472,0.6259660720825195,1.0930966138839722,0.49967432022094727,0.32914313673973083
473,0.6415619254112244,1.0295268297195435,0.5037928223609924,0.3323270082473755
474,0.6590014100074768,1.047778844833374,0.49851128458976746,0.32833439111709595
475,0.630241870880127,1.1501078605651855,0.4970131814479828,0.3285989761352539
476,nan,1.1509156227111816,0.49523019790649414,0.32452520728111267
477,0.6341519355773926,1.0500859022140503,0.49174776673316956,0.32710328698158264
478,0.6241037249565125,1.0999256372451782,0.4959159791469574,0.32721152901649475
479,0.6486585736274719,1.0396502017974854,0.5041256546974182,0.3360889256000519
480,0.6161954402923584,1.1037503480911255,0.49641379714012146,0.32679620385169983
481,0.6464956998825073,1.0838086605072021,0.49872636795043945,0.32696887850761414
482,0.6329218149185181,1.1376973390579224,0.49395713210105896,0.3253890872001648
483,0.6247186660766602,1.0630450248718262,0.49597418308258057,0.3291963040828705
484,0.6261919736862183,1.105884075164795,0.4957209527492523,0.32591187953948975
485,0.6558620929718018,1.0550345182418823,0.49815312027931213,0.3336055874824524
486,0.629304051399231,1.0589650869369507,0.49659261107444763,0.32826176285743713
487,0.5996172428131104,1.1169312000274658,0.49777325987815857,0.329292356967926
488,0.6091678142547607,1.062296986579895,0.49262046813964844,0.32613345980644226
489,0.648310661315918,1.0760369300842285,0.4955116808414459,0.32848116755485535
490,0.6206072568893433,1.1111863851547241,0.5005843043327332,0.3318009078502655
491,nan,1.0860435962677002,0.4983106851577759,0.3305385708808899
492,0.6357648968696594,1.1015770435333252,0.4935623109340668,0.3224398195743561
493,0.6250636577606201,1.0528119802474976,0.5020171999931335,0.3299303650856018
494,0.6661481857299805,1.074958324432373,0.4945406913757324,0.3263562321662903
495,0.6381903886795044,1.069323182106018,0.5008330345153809,0.33038103580474854
496,0.619869589805603,1.0514050722122192,0.4986591041088104,0.32943469285964966
497,0.6361437439918518,1.078618049621582,0.4971202313899994,0.3303668200969696
498,0.6251958608627319,1.0743796825408936,0.49894800782203674,0.33133938908576965
499,0.6288108229637146,1.0244882106781006,0.49870166182518005,0.32923197746276855
500,nan,1.0928945541381836,0.49980974197387695,0.3303651213645935
501,0.641950786113739,1.050580620765686,0.4957343339920044,0.32786300778388977
502,0.6595780253410339,1.0021342039108276,0.4926321506500244,0.3269574046134949
503,0.6159212589263916,1.1244432926177979,0.4884871244430542,0.32084721326828003
504,0.6603156328201294,0.9980443120002747,0.49102768301963806,0.32493260502815247
505,0.6046850681304932,1.0666794776916504,0.4933948814868927,0.3248426020145416
506,0.641335129737854,1.0942403078079224,0.4908738136291504,0.3216916620731354
507,0.6107392907142639,1.011236310005188,0.49995461106300354,0.3330218493938446
508,0.6537582874298096,1.06309175491333,0.504301905632019,0.3330612778663635
509,0.6284140348434448,1.0539580583572388,0.496680349111557,0.3265695869922638
510,0.6381174325942993,1.147130012512207,0.5017330646514893,0.32958540320396423
511,0.6129583120346069,1.044697880744934,0.4983845055103302,0.32738015055656433
512,0.6253953576087952,0.9966390132904053,0.49376964569091797,0.3268442451953888
513,0.6452306509017944,1.1405296325683594,0.49605241417884827,0.3287810981273651
514,0.6529829502105713,1.0425304174423218,0.4968176782131195,0.32719409465789795
515,0.6437774896621704,1.042876958847046,0.49759912490844727,0.3269478380680084
516,0.6211860179901123,1.018576741218567,0.49832460284233093,0.3279531002044678
517,0.6160886287689209,1.034816026687622,0.4941999912261963,0.3234577178955078
518,0.6439061760902405,0.9805076718330383,0.5008788108825684,0.3280244767665863
519,0.63990318775177,1.1107311248779297,0.49911555647850037,0.3297358751296997
520,0.6147791147232056,1.0914286375045776,0.49106451869010925,0.3210381865501404
521,0.6326944828033447,1.0481425523757935,0.49832427501678467,0.32648196816444397
522,nan,1.0196677446365356,0.5022421479225159,0.33261510729789734
523,0.6526753306388855,1.0428215265274048,0.5078293681144714,0.33352410793304443
524,0.6303013563156128,1.0618640184402466,0.4960334599018097,0.3277148902416229
525,0.6455333232879639,1.0085431337356567,0.49649372696876526,0.3295738697052002
526,0.6426758766174316,1.0631821155548096,0.4928552210330963,0.32608887553215027
527,0.6392160654067993,1.079200029373169,0.5050553679466248,0.33353835344314575
528,0.6256797313690186,1.0303953886032104,0.4971674978733063,0.32693836092948914
529,0.6460767984390259,1.0428563356399536,0.4906240999698639,0.327065646648407
530,0.6252597570419312,1.0294619798660278,0.4975467622280121,0.3290393352508545
531,0.648845911026001,1.0651417970657349,0.4965931475162506,0.3262377381324768
532,0.6505880355834961,1.0483675003051758,0.5046156048774719,0.3315576910972595
533,0.6379815340042114,1.062981367111206,0.4940524399280548,0.32480624318122864
534,0.6468907594680786,1.0450252294540405,0.5001110434532166,0.33135345578193665
535,0.6409667730331421,1.0932800769805908,0.5005311965942383,0.3312041759490967
536,0.6471314430236816,1.0547124147415161,0.4978814125061035,0.3293887674808502
537,0.6324789524078369,1.0085433721542358,0.49761727452278137,0.3278537392616272
538,0.6396170258522034,1.0165573358535767,0.4934271275997162,0.3251018226146698
539,0.647818922996521,0.9997314214706421,0.49497032165527344,0.32571718096733093
540,0.6484345197677612,0.9365058541297913,0.4965798854827881,0.33098143339157104
541,0.6304457783699036,0.9777941107749939,0.49381235241889954,0.3248657286167145
542,0.637781023979187,1.030029296875,0.4978986084461212,0.3297189474105835
543,0.6297476291656494,1.0244053602218628,0.49528804421424866,0.32331234216690063
544,0.6429973840713501,1.0979433059692383,0.5021455883979797,0.33262407779693604
545,nan,1.0417194366455078,0.49597927927970886,0.32685616612434387
546,0.6415114402770996,1.0003196001052856,0.4972522258758545,0.32973411679267883
547,nan,1.0502777099609375,0.4924788475036621,0.32586100697517395
548,nan,1.022616982460022,0.49244818091392517,0.32335934042930603
549,0.6512115001678467,1.1135503053665161,0.4960750639438629,0.3288407027721405
550,nan,1.0627431869506836,0.495340496301651,0.3301893174648285
551,nan,1.0071368217468262,0.5000309348106384,0.3338771462440491
552,nan,1.024836540222168,0.4944976568222046,0.3250805735588074
553,0.6310738325119019,1.012012004852295,0.49554678797721863,0.3287763297557831
554,nan,1.0538434982299805,0.4935043156147003,0.3219373822212219
555,0.6484787464141846,1.0615994930267334,0.49355340003967285,0.32609423995018005
556,0.6497837901115417,1.0577950477600098,0.4982188940048218,0.32995426654815674
557,0.6466004848480225,1.0658138990402222,0.4934462010860443,0.32810819149017334
558,0.6422187089920044,1.029698133468628,0.49476316571235657,0.32548925280570984
559,nan,1.078681468963623,0.5014564394950867,0.3314002454280853
560,0.6464648246765137,1.0114030838012695,0.49538007378578186,0.32571980357170105
561,nan,1.0242748260498047,0.4926382005214691,0.3275512754917145
562,nan,1.0704706907272339,0.48746609687805176,0.32364481687545776
563,nan,1.0280706882476807,0.4958690404891968,0.32880544662475586
564,0.6452735066413879,1.0255216360092163,0.500041663646698,0.3323855698108673
565,nan,0.9863198399543762,0.49474775791168213,0.32806459069252014
566,0.647297739982605,0.9928853511810303,0.49762678146362305,0.32773858308792114
567,0.6350642442703247,1.0216153860092163,0.4973813593387604,0.3295741677284241
568,0.6373564600944519,1.0499826669692993,0.4977128207683563,0.32677513360977173
569,nan,1.01444411277771,0.5030742287635803,0.3321085572242737
570,0.63597172498703,0.9348142147064209,0.49540582299232483,0.32571110129356384
571,nan,1.032230019569397,0.48793426156044006,0.32052111625671387
572,0.6320571303367615,1.0737452507019043,0.4952143728733063,0.32708004117012024
573,0.6313425302505493,0.9891092777252197,0.49388256669044495,0.3277305066585541
574,0.653626561164856,1.0268969535827637,0.4968753159046173,0.3292482793331146
575,0.6257017254829407,0.9867240786552429,0.49558699131011963,0.32898953557014465
576,0.6386728286743164,1.0437179803848267,0.489175409078598,0.3255605399608612
577,0.6453834772109985,1.054149866104126,0.4963500201702118,0.33005455136299133
578,0.6351527571678162,1.0784019231796265,0.4950564205646515,0.33023107051849365
579,0.6375391483306885,1.0333877801895142,0.5027239918708801,0.3295840322971344
580,0.6615041494369507,1.0095529556274414,0.4963737726211548,0.32697343826293945
581,0.6545599699020386,0.9428570866584778,0.503343403339386,0.3360634744167328
582,0.6410393118858337,1.0525257587432861,0.49638843536376953,0.33038702607154846
583,0.6332845687866211,1.0407503843307495,0.49027132987976074,0.3249172270298004
584,0.6454831957817078,1.0156129598617554,0.4961663782596588,0.33042076230049133
585,0.6437475681304932,1.0017037391662598,0.4985135495662689,0.3267132639884949
586,0.6274610757827759,1.066815972328186,0.49352121353149414,0.32744690775871277
587,0.6484671235084534,1.000382661819458,0.5005156397819519,0.33410656452178955
588,0.6457236409187317,0.9385724663734436,0.4949195384979248,0.3275700807571411
589,0.6411997079849243,1.0063077211380005,0.49875783920288086,0.33090659976005554
590,0.6284593343734741,1.016528606414795,0.4906249940395355,0.3240443170070648
591,0.6214147806167603,0.9821903109550476,0.5031067728996277,0.3324376046657562
592,0.6474372148513794,0.9429545998573303,0.49537888169288635,0.3275088965892792
593,0.6402099132537842,1.008744239807129,0.49427273869514465,0.3272392451763153
594,0.6717455387115479,0.9559887051582336,0.4983961284160614,0.3293352723121643
595,0.6520483493804932,1.0225502252578735,0.4963831901550293,0.32795047760009766
596,0.63368159532547,1.009394884109497,0.4971671998500824,0.3320949375629425
597,0.6299182772636414,1.0439523458480835,0.4974013864994049,0.3290570378303528
598,0.6373081207275391,1.03005850315094,0.4983174800872803,0.32854411005973816
599,0.6341262459754944,0.9832322597503662,0.49865129590034485,0.32960614562034607
600,0.6515226364135742,1.010258436203003,0.4978660047054291,0.32969042658805847
601,0.6315358281135559,0.9775062799453735,0.503191351890564,0.33581703901290894
602,0.6424347758293152,1.0003736019134521,0.49641427397727966,0.32935482263565063
603,0.6366979479789734,1.0252405405044556,0.4997783601284027,0.3282776176929474
604,0.6422411203384399,1.0149399042129517,0.49161097407341003,0.328065425157547
605,0.6379045248031616,1.002777338027954,0.495880126953125,0.3264364004135132
606,0.64681476354599,0.9967236518859863,0.4901714324951172,0.32474014163017273
607,nan,0.9762268662452698,0.49637269973754883,0.32607677578926086
608,0.6203560829162598,1.0119130611419678,0.49624237418174744,0.328025758266449
609,nan,1.006729245185852,0.49558672308921814,0.32730716466903687
610,0.631406307220459,0.9981859922409058,0.5026545524597168,0.3319215476512909
611,nan,1.0065234899520874,0.4904574453830719,0.3253244161605835
612,0.6397141218185425,1.001177191734314,0.49770116806030273,0.328513503074646
613,0.6461642384529114,0.9570274353027344,0.4984110891819,0.32945138216018677
614,0.662316083908081,1.0058728456497192,0.4958782494068146,0.3261340856552124
615,0.6382334232330322,1.0537149906158447,0.4914676249027252,0.3256036043167114
616,0.6521400809288025,0.9928372502326965,0.49747076630592346,0.32894378900527954
617,0.6335084438323975,0.996714174747467,0.49870339035987854,0.3289462625980377
618,0.6251645088195801,1.0071358680725098,0.49759435653686523,0.3287851810455322
619,0.660313606262207,0.9889304041862488,0.49587956070899963,0.3259987235069275
620,0.6342201232910156,0.9822872281074524,0.49232542514801025,0.32535573840141296
621,0.6466982364654541,1.0193995237350464,0.49453839659690857,0.32764798402786255
622,0.6269235014915466,0.9791156649589539,0.4970695674419403,0.328381210565567
623,0.641802966594696,0.9640122652053833,0.49225497245788574,0.32450488209724426
624,0.653197169303894,0.9834620356559753,0.49922338128089905,0.3303326368331909
625,0.6480018496513367,0.978717565536499,0.49946293234825134,0.33240067958831787
626,nan,0.9744096994400024,0.49621906876564026,0.3272117078304291
627,0.6512311100959778,0.993286669254303,0.48713091015815735,0.3211232125759125
628,nan,1.003340721130371,0.4924047291278839,0.32502421736717224
629,0.6410660147666931,1.043892502784729,0.5010592937469482,0.33269935846328735
630,0.6538295745849609,1.0036176443099976,0.501147449016571,0.3322179615497589
631,0.6396322250366211,0.9916854500770569,0.503864049911499,0.33541619777679443
632,0.6445024013519287,0.9738657474517822,0.5020415782928467,0.3340604901313782
633,0.6422830820083618,1.0105715990066528,0.49025964736938477,0.325617253780365
634,0.6296062469482422,0.9893518090248108,0.4964289367198944,0.3300454020500183
635,nan,0.9476058483123779,0.49980440735816956,0.32808616757392883
636,0.6489462852478027,0.9939414858818054,0.5026562809944153,0.334133118391037
637,nan,1.0174400806427002,0.4950070083141327,0.3290281891822815
638,0.6441315412521362,0.9740312099456787,0.4947695732116699,0.3275659382343292
639,0.6278207302093506,1.0216012001037598,0.496301531791687,0.3321867287158966
640,nan,0.9914212822914124,0.5024488568305969,0.3312966823577881
641,0.6428982019424438,0.9505665898323059,0.4998748302459717,0.3340974450111389
642,0.6433200836181641,1.005479097366333,0.4951348304748535,0.32639607787132263
643,0.6173199415206909,1.0023943185806274,0.4930945336818695,0.3259808123111725
644,nan,1.0099281072616577,0.49939921498298645,0.3311716616153717
645,0.6564813256263733,0.9122638702392578,0.49824801087379456,0.32972410321235657
646,0.6642235517501831,0.9474590420722961,0.4916457235813141,0.32405996322631836
647,0.6350085735321045,0.9565368890762329,0.49522629380226135,0.326495498418808
648,nan,0.9970985651016235,0.4998966157436371,0.33323079347610474
649,nan,0.9734411835670471,0.49547240138053894,0.3290405869483948
650,nan,0.9608666300773621,0.4978872835636139,0.33043238520622253
651,0.6341058015823364,0.9704542756080627,0.48988500237464905,0.3244290053844452
652,nan,0.99001145362854,0.49095019698143005,0.3250593841075897
653,nan,0.957352876663208,0.4965095818042755,0.3285576403141022
654,nan,1.0026211738586426,0.497643381357193,0.33116117119789124
655,nan,0.9980942010879517,0.4909101724624634,0.3226579427719116
656,0.6609930992126465,0.9698013067245483,0.4968295395374298,0.3291446566581726
657,nan,0.9759944081306458,0.4995638430118561,0.32941851019859314
658,nan,0.979820728302002,0.4930121600627899,0.3280371129512787
659,nan,1.0100672245025635,0.49488016963005066,0.32627466320991516
660,nan,0.9793797135353088,0.4919215738773346,0.3249121308326721
661,nan,0.9459788799285889,0.49736472964286804,0.3319492042064667
662,0.6252831220626831,0.9587056636810303,0.49716320633888245,0.3302249014377594
663,0.635147213935852,0.9343420267105103,0.4957505762577057,0.33181849122047424
664,nan,0.9727981090545654,0.5000898241996765,0.3328798711299896
665,nan,0.9560128450393677,0.4949495792388916,0.32726022601127625
666,nan,0.9620670676231384,0.49471625685691833,0.3271079957485199
667,0.6330537796020508,0.9933298826217651,0.4980122745037079,0.32842573523521423
668,nan,1.0003256797790527,0.5000095963478088,0.3288764953613281
669,nan,0.9799563884735107,0.4990719258785248,0.3327515423297882
670,0.6501989364624023,0.9257000088691711,0.4973416328430176,0.3310616612434387
671,nan,0.9648630619049072,0.4994211196899414,0.32866600155830383
672,0.6518300771713257,0.977288544178009,0.5009291768074036,0.3319019079208374
673,0.6591302156448364,0.9639800786972046,0.5018737316131592,0.3317895829677582
674,0.6503243446350098,0.9476668238639832,0.5014527440071106,0.3312934637069702
675,nan,0.9901331067085266,0.49723854660987854,0.3295726776123047
676,nan,0.978854775428772,0.49959734082221985,0.3309134542942047
677,nan,0.9420933127403259,0.49386894702911377,0.3256798982620239
678,nan,0.9605583548545837,0.4980646073818207,0.329750657081604
679,0.6302151679992676,0.9335436820983887,0.501882016658783,0.33313876390457153
680,nan,0.9682990908622742,0.48995843529701233,0.32619088888168335
681,nan,0.9751942157745361,0.4929543733596802,0.32238703966140747
682,0.6504173874855042,0.99464350938797,0.5048624873161316,0.3327978551387787
683,nan,0.9540722370147705,0.5000623464584351,0.33256933093070984
684,nan,0.9861816167831421,0.4999827444553375,0.3297124207019806
685,nan,0.9726533889770508,0.4989602565765381,0.32912519574165344
686,0.6282604932785034,0.97789067029953,0.5041243433952332,0.33429574966430664
687,nan,0.9821797609329224,0.4957643449306488,0.3287978768348694
688,nan,0.9690508842468262,0.5039998888969421,0.3336102366447449
689,nan,0.9671810865402222,0.4933605492115021,0.3233177363872528
690,nan,0.9509726166725159,0.5057619214057922,0.3336319029331207
691,nan,0.9866243004798889,0.4960653483867645,0.32733213901519775
692,nan,0.9876770377159119,0.49423035979270935,0.32830774784088135
693,nan,0.994307816028595,0.5001270771026611,0.3295385241508484
694,nan,0.9559338092803955,0.49813565611839294,0.3305351734161377
695,nan,0.928898811340332,0.4950587749481201,0.3286832869052887
696,nan,0.9776009917259216,0.49961233139038086,0.3312091529369354
697,nan,1.012507438659668,0.4952761232852936,0.323679119348526
698,nan,0.9417533874511719,0.4999484121799469,0.33203282952308655
699,nan,0.9939057230949402,0.5031872391700745,0.3315270245075226
700,nan,0.9688614010810852,0.49493828415870667,0.32482919096946716
701,0.6585898399353027,0.9738554358482361,0.49538561701774597,0.3253844678401947
702,0.629705548286438,0.9674705266952515,0.4899665415287018,0.32225123047828674
703,0.6343462467193604,1.0423163175582886,0.49393320083618164,0.3266560137271881
704,0.627121090888977,1.008643388748169,0.49943649768829346,0.3306232988834381
705,0.6561316251754761,0.9536533355712891,0.49989303946495056,0.331999272108078
706,0.6465336084365845,0.9872589111328125,0.49882760643959045,0.32878297567367554
707,0.6229317784309387,0.9654682278633118,0.4953266680240631,0.3280610144138336
708,nan,0.9053629636764526,0.499230295419693,0.3284667432308197
709,0.6462960243225098,0.981704831123352,0.5041168332099915,0.3355412185192108
710,nan,0.971329927444458,0.49689140915870667,0.32875654101371765
711,0.6603877544403076,0.9490897059440613,0.4986925423145294,0.3286735415458679
712,0.6383137702941895,1.0433284044265747,0.5001602172851562,0.3317030668258667
713,0.655987024307251,0.990506112575531,0.49836549162864685,0.33140304684638977
714,0.6552733778953552,0.9525020718574524,0.49214884638786316,0.32454484701156616
715,0.6381760835647583,0.9792351722717285,0.49574604630470276,0.3280820846557617
716,0.655647873878479,0.964084267616272,0.4951117932796478,0.3275126516819
717,0.6583025455474854,0.9463733434677124,0.49150070548057556,0.3276175558567047
718,0.6568779945373535,0.961398184299469,0.5012297630310059,0.3332062363624573
719,nan,0.954440712928772,0.4955000579357147,0.32889091968536377
720,0.6404449939727783,0.9396054148674011,0.49730443954467773,0.33394506573677063
721,0.6368699669837952,0.99247145652771,0.4979165494441986,0.32920709252357483
722,0.6351947784423828,0.9863349795341492,0.5019798874855042,0.3313179910182953
723,nan,0.932146430015564,0.504339873790741,0.33459949493408203
724,0.6352238655090332,0.9073325395584106,0.4979097843170166,0.32804009318351746
725,0.6333838105201721,0.9812698364257812,0.4948347806930542,0.32955169677734375
726,0.6395155191421509,0.9335775971412659,0.49413660168647766,0.32318875193595886
727,0.6299775242805481,0.9712100625038147,0.5000883936882019,0.33300694823265076
728,0.6318300366401672,0.9240413904190063,0.49292823672294617,0.32538068294525146
729,0.6351953744888306,0.9908616542816162,0.4959288537502289,0.3263401389122009
730,nan,0.9600913524627686,0.4961373805999756,0.32952848076820374
731,nan,0.9841966032981873,0.5004678964614868,0.3311096727848053
732,nan,0.9791524410247803,0.4929448366165161,0.32691508531570435
733,nan,0.9543761014938354,0.49763715267181396,0.3268857002258301
734,0.6546396613121033,0.9410973787307739,0.5036657452583313,0.33491769433021545
735,0.6402105093002319,0.9292915463447571,0.49472227692604065,0.3272477388381958
736,0.6289732456207275,0.9521631598472595,0.4982227385044098,0.3288411498069763
737,nan,0.9760782718658447,0.49500736594200134,0.32696089148521423
738,0.6432607173919678,1.003505825996399,0.49546000361442566,0.32857516407966614
739,nan,0.9497491717338562,0.501822292804718,0.3342977464199066
740,0.6308532953262329,0.962985098361969,0.5066497921943665,0.335079163312912
741,0.6381766200065613,0.9752334356307983,0.4996505081653595,0.33086609840393066
742,nan,0.9221834540367126,0.49288058280944824,0.3250482678413391
743,0.6353543996810913,1.0213083028793335,0.4959503710269928,0.32956185936927795
744,nan,0.9791441559791565,0.4917818307876587,0.32640397548675537
745,0.6618610620498657,0.9418746829032898,0.50125652551651,0.3318372368812561
746,nan,0.9576196074485779,0.5014583468437195,0.3331923484802246
747,0.6545327305793762,0.9760203957557678,0.5016906261444092,0.3348539471626282
748,nan,0.9937654733657837,0.5016239881515503,0.3332764506340027
749,0.6213529109954834,0.9646720886230469,0.500896692276001,0.3341071605682373
750,0.6572402119636536,0.9727047085762024,0.4995986521244049,0.33088648319244385
751,nan,0.9770065546035767,0.4900129735469818,0.32309475541114807
752,nan,0.9507378339767456,0.49145403504371643,0.3242962956428528
753,nan,0.9366228580474854,0.5036237835884094,0.33256688714027405
754,nan,0.9460824131965637,0.5026021599769592,0.33418160676956177
755,nan,0.9460824131965637,0.49879398941993713,0.33086901903152466
756,0.6263656616210938,0.9594929814338684,0.500037431716919,0.3289027214050293
757,nan,0.9354432225227356,0.4926185607910156,0.32656610012054443
758,0.6544469594955444,0.9646967649459839,0.4965745508670807,0.3278641104698181
759,0.6522403955459595,0.9606156349182129,0.49253273010253906,0.3265039324760437
760,0.6362431049346924,0.96537846326828,0.5050175786018372,0.33429279923439026
761,nan,0.9555121660232544,0.48926910758018494,0.3270770311355591
762,nan,0.9848156571388245,0.49787211418151855,0.3286231756210327
763,nan,0.9479516744613647,0.4960757791996002,0.3291223645210266
764,nan,0.9631679654121399,0.4924771785736084,0.3242291808128357
765,0.6107192635536194,0.9726196527481079,0.49792179465293884,0.32922348380088806
766,0.6545984745025635,0.9780861139297485,0.4947575032711029,0.3306492567062378
767,0.6310645341873169,0.9517256617546082,0.493814617395401,0.32554319500923157
768,0.6669825315475464,0.9525928497314453,0.4922003746032715,0.328674852848053
769,nan,0.9439270496368408,0.4982728064060211,0.32926884293556213
770,nan,0.996068000793457,0.49896201491355896,0.33054742217063904
771,nan,0.9578859210014343,0.49952805042266846,0.3323575258255005
772,0.6599027514457703,0.9398927092552185,0.4916508197784424,0.32491910457611084
773,0.6581252217292786,0.8721290230751038,0.49817898869514465,0.32575762271881104
774,0.6592011451721191,0.9535659551620483,0.4999030530452728,0.3304353952407837
775,0.6659190654754639,0.9105966091156006,0.5029003620147705,0.33151116967201233
776,nan,0.9094866514205933,0.4980488717556,0.32733118534088135
777,0.6462767720222473,0.9929560422897339,0.5012273192405701,0.3328458368778229
778,0.644059419631958,0.9665046334266663,0.5002414584159851,0.3308785557746887
779,nan,0.9384595155715942,0.49801239371299744,0.3294185400009155
780,0.6334762573242188,1.0375570058822632,0.5006144642829895,0.33497899770736694
781,nan,0.9815962910652161,0.5020161867141724,0.3306771218776703
782,nan,0.9853330850601196,0.4932514727115631,0.3276689648628235
783,0.633899986743927,0.9642969965934753,0.5003966093063354,0.3316919803619385
784,0.64125657081604,0.9499126076698303,0.49485793709754944,0.3277727961540222
785,0.6537915468215942,0.9925023317337036,0.5021764039993286,0.33097177743911743
786,nan,0.9743427038192749,0.4976576864719391,0.3314351737499237
787,0.6488345861434937,0.9828652739524841,0.4928099811077118,0.324368417263031
788,nan,0.9300398826599121,0.49720725417137146,0.3274853825569153
789,nan,0.9352269172668457,0.494164377450943,0.3255949914455414
790,nan,0.92885422706604,0.49373242259025574,0.3287585973739624
791,nan,0.9745607972145081,0.49907127022743225,0.3331448435783386
792,nan,0.9466736316680908,0.48766395449638367,0.3224703073501587
793,nan,0.9654586911201477,0.49627920985221863,0.3283918499946594
794,nan,0.9316394925117493,0.4952343702316284,0.32882821559906006
795,nan,0.9839998483657837,0.49066630005836487,0.32552221417427063
796,0.6407518982887268,0.9025912880897522,0.48781800270080566,0.3241139054298401
797,nan,0.9392005205154419,0.4918467104434967,0.32412055134773254
798,nan,0.9439393281936646,0.49695995450019836,0.3297281563282013
799,0.6459580063819885,0.9655274748802185,0.5006091594696045,0.33222073316574097
800,nan,0.9627090692520142,0.4938448369503021,0.3268994688987732
801,nan,0.9636025428771973,0.49073776602745056,0.32474106550216675
802,0.6633020639419556,0.9410410523414612,0.49735841155052185,0.32891708612442017
803,0.6376234889030457,0.9403183460235596,0.5058088302612305,0.3357860743999481
804,nan,0.9666868448257446,0.499288946390152,0.3319677412509918
805,0.6416873335838318,0.9211230278015137,0.501775860786438,0.3324584662914276
806,nan,0.9541935324668884,0.5023415684700012,0.3318348526954651
807,nan,0.9227861166000366,0.5027284026145935,0.3337118327617645
808,0.6577094197273254,0.9399142861366272,0.49802911281585693,0.32872310280799866
809,nan,0.9747043251991272,0.4983041286468506,0.33172842860221863
810,0.6441636681556702,0.9379683136940002,0.4970758259296417,0.32824617624282837
811,nan,0.9237833023071289,0.4949680268764496,0.32516589760780334
812,nan,1.0015043020248413,0.4958818852901459,0.3278942406177521
813,nan,0.9216620922088623,0.5015096068382263,0.3297026753425598
814,nan,0.9529105424880981,0.4965425431728363,0.32681259512901306
815,0.6593043804168701,0.9665022492408752,0.49856603145599365,0.33081382513046265
816,nan,0.9382957220077515,0.49348005652427673,0.3245227634906769
817,0.6671935319900513,0.9137765169143677,0.5051769018173218,0.33567702770233154
818,nan,0.9146040081977844,0.4924040138721466,0.32561802864074707
819,nan,0.9512558579444885,0.49187716841697693,0.3233753740787506
820,nan,0.936388373374939,0.5023812651634216,0.3360811173915863
821,0.664161205291748,0.9417973756790161,0.5005779266357422,0.3301772177219391
822,0.6451330780982971,0.9214555025100708,0.4966093599796295,0.33159494400024414
823,0.6506332159042358,0.9602565765380859,0.5017129778862,0.33591747283935547
824,0.6601547002792358,0.9392842650413513,0.4976423680782318,0.3309599459171295
825,nan,0.9269989728927612,0.5005545020103455,0.3326711356639862
826,0.6521526575088501,0.9822314977645874,0.4934249818325043,0.3253464102745056
827,0.6376996040344238,1.0121451616287231,0.49800905585289,0.3297422528266907
828,0.6687699556350708,0.9168809652328491,0.4958384931087494,0.329429030418396
829,0.6703567504882812,0.9741148352622986,0.5020362734794617,0.3339281678199768
830,0.6549220085144043,0.9038255214691162,0.49131348729133606,0.3249519169330597
831,0.6652102470397949,0.9333550333976746,0.4971884787082672,0.32783740758895874
832,nan,0.9736317992210388,0.5024347901344299,0.33233216404914856
833,nan,0.9806946516036987,0.5003703236579895,0.328814834356308
834,nan,0.9622199535369873,0.49539127945899963,0.3277251124382019
835,nan,0.9615470170974731,0.494006872177124,0.32563039660453796
836,nan,0.9120175838470459,0.4968838691711426,0.32896408438682556
837,0.6661607623100281,0.9590144753456116,0.49210014939308167,0.3276293873786926
838,nan,0.9240198135375977,0.4932614266872406,0.3245941400527954
839,0.6562867164611816,0.9679825901985168,0.4937826097011566,0.3240385055541992
840,0.6471478343009949,0.9730229377746582,0.49977776408195496,0.33005085587501526
841,nan,0.9525477290153503,0.49989160895347595,0.3311513066291809
842,nan,0.952646017074585,0.5006818175315857,0.3287290930747986
843,0.6325511932373047,0.9346875548362732,0.5016347765922546,0.3320990800857544
844,nan,0.9484957456588745,0.4975920021533966,0.3303992748260498
845,nan,0.9567081928253174,0.4913386404514313,0.32674601674079895
846,nan,0.9528155326843262,0.4949099123477936,0.32700198888778687
847,nan,0.9331241250038147,0.5002657771110535,0.331260085105896
848,nan,0.9660865664482117,0.5012072920799255,0.32964497804641724
849,0.6853066682815552,0.9273542165756226,0.49713024497032166,0.3302558958530426
850,nan,0.9307584166526794,0.5013478398323059,0.33572983741760254
851,0.6470421552658081,0.9843651056289673,0.4948093891143799,0.3275861442089081
852,0.6694217920303345,0.9506602883338928,0.4932403564453125,0.3241840600967407
853,0.6729916334152222,0.9049269556999207,0.4966205656528473,0.32935476303100586
854,0.6569061279296875,0.9393603801727295,0.5038151741027832,0.3334557116031647
855,0.654982328414917,0.9484119415283203,0.49288463592529297,0.32507848739624023
856,0.6430351734161377,1.000517725944519,0.49909862875938416,0.33033546805381775
857,nan,0.933975100517273,0.4964110851287842,0.3297874331474304
858,nan,0.943545937538147,0.49947288632392883,0.33076855540275574
859,nan,0.9073694944381714,0.4982386529445648,0.32969632744789124
860,nan,0.9535777568817139,0.4975484311580658,0.32960987091064453
861,nan,0.9456974864006042,0.5029940605163574,0.33387765288352966
862,0.6500251293182373,0.9517139196395874,0.4989716112613678,0.33220645785331726
863,0.6676514148712158,0.8758769035339355,0.49461641907691956,0.3270678222179413
864,0.6445659399032593,0.9920388460159302,0.5009872913360596,0.32959499955177307
865,0.6503866910934448,0.9492221474647522,0.497429221868515,0.33111023902893066
866,0.6312094330787659,0.9189592003822327,0.49626776576042175,0.3315798342227936
867,nan,0.9464190006256104,0.5008839964866638,0.3290262818336487
868,nan,0.9709187150001526,0.5001659989356995,0.3300475776195526
869,0.6480123996734619,0.9437900185585022,0.49509620666503906,0.32407107949256897
870,0.6446154117584229,0.969017505645752,0.4951176643371582,0.3311544954776764
871,nan,0.9464901089668274,0.5022678375244141,0.33070874214172363
872,nan,0.9364176988601685,0.5020592212677002,0.33294230699539185
873,nan,0.910784125328064,0.5089817643165588,0.33501890301704407
874,nan,0.9289218187332153,0.4998530149459839,0.3320733904838562
875,0.6410627365112305,0.9023347496986389,0.49400070309638977,0.3275442123413086
876,nan,0.9436023235321045,0.49723902344703674,0.3291483223438263
877,0.6450010538101196,0.9812520146369934,0.5011233687400818,0.3296690285205841
878,nan,0.8927136659622192,0.5024214386940002,0.32934555411338806
879,0.6771029233932495,0.9997602105140686,0.5008599162101746,0.3341507315635681
880,nan,0.918654203414917,0.4939765930175781,0.32899752259254456
881,nan,0.9250674247741699,0.49487408995628357,0.3257499933242798
882,nan,0.9237265586853027,0.5039851069450378,0.33401283621788025
883,nan,0.9777178168296814,0.4993923008441925,0.33306512236595154
884,nan,0.9306524991989136,0.4908519983291626,0.32690075039863586
885,nan,0.9580740928649902,0.4966423511505127,0.3272761404514313
886,nan,0.9299679398536682,0.49929797649383545,0.3300895690917969
887,nan,0.9013163447380066,0.4964272677898407,0.3287142813205719
888,nan,0.9033076167106628,0.49965962767601013,0.3282136023044586
889,nan,0.9094665050506592,0.5006942749023438,0.3335054814815521
890,nan,0.9295624494552612,0.5008798241615295,0.3302258551120758
891,0.6371597051620483,1.0141047239303589,0.49645188450813293,0.3302784860134125
892,nan,0.9432426691055298,0.49997106194496155,0.33252355456352234
893,nan,0.9384201765060425,0.5036850571632385,0.33474409580230713
894,0.655632734298706,0.9287335276603699,0.4926565885543823,0.324989378452301
895,nan,0.9602880477905273,0.49493417143821716,0.3251815736293793
896,nan,0.9214427471160889,0.4952286183834076,0.3279092609882355
897,nan,0.9269137978553772,0.505592942237854,0.33406317234039307
898,nan,0.9303194284439087,0.5005569458007812,0.3303406834602356
899,nan,0.932431697845459,0.4985977113246918,0.3287198543548584
900,nan,0.9489562511444092,0.502003014087677,0.3323984742164612
901,0.6538008451461792,0.9269505143165588,0.49714288115501404,0.3311668038368225
902,nan,0.9293941259384155,0.5006822943687439,0.3306795656681061
903,0.6541078090667725,0.9492670893669128,0.49195215106010437,0.3258257508277893
904,0.6535207033157349,0.9182869791984558,0.4986523389816284,0.33057716488838196
905,0.6484535932540894,0.9019203186035156,0.49996423721313477,0.3334728479385376
906,0.6470553874969482,0.9366083741188049,0.49436914920806885,0.32481297850608826
907,0.6698468923568726,0.9029845595359802,0.49703726172447205,0.32903552055358887
908,0.6354686617851257,0.9451918005943298,0.49875912070274353,0.32863137125968933
909,nan,0.9876075983047485,0.5046222805976868,0.3338584899902344
910,0.6433742046356201,0.9561873078346252,0.49304091930389404,0.325125128030777
911,0.6492452025413513,0.86309415102005,0.49286139011383057,0.323507159948349
912,0.6710004210472107,0.9318945407867432,0.4996119439601898,0.33248770236968994
913,0.648764967918396,0.9594653844833374,0.5043138265609741,0.33564987778663635
914,0.6453202962875366,0.9100080132484436,0.5018938183784485,0.3320029675960541
915,0.6516401767730713,0.932394802570343,0.5006420016288757,0.3322279453277588
916,0.6660172343254089,0.9490117430686951,0.49021339416503906,0.3230149745941162
917,nan,0.940664529800415,0.49617648124694824,0.3285022974014282
918,0.6587738394737244,0.947374701499939,0.49355077743530273,0.32928580045700073
919,nan,0.9365435242652893,0.4981076419353485,0.33060547709465027
920,nan,0.9373055696487427,0.49861302971839905,0.3302766680717468
921,nan,0.9445530772209167,0.49551114439964294,0.3255976736545563
922,nan,0.9305206537246704,0.5023642182350159,0.33301547169685364
923,nan,0.9729204773902893,0.5025586485862732,0.33101773262023926
924,0.6662578582763672,0.9420343041419983,0.49512672424316406,0.33025509119033813
925,0.6384557485580444,0.9933339357376099,0.4977225065231323,0.3334513008594513
926,0.6657634377479553,0.9281765222549438,0.49692127108573914,0.3262069821357727
927,0.6456286311149597,0.9501481652259827,0.497956246137619,0.3299861550331116
928,0.672123908996582,0.8659331202507019,0.4981205463409424,0.33093687891960144
929,0.6256345510482788,0.9731321930885315,0.4966951310634613,0.33136269450187683
930,nan,0.9186221361160278,0.50937420129776,0.3378850221633911
931,nan,0.9536821842193604,0.4966507852077484,0.32805097103118896
932,nan,0.9541871547698975,0.5033466815948486,0.3362867534160614
933,0.6353769898414612,0.9786258339881897,0.4923177659511566,0.3266531527042389
934,0.6599892377853394,0.9397618174552917,0.49182239174842834,0.32552823424339294
935,nan,0.9289038777351379,0.49489426612854004,0.3266329765319824
936,0.6726000308990479,0.9210236072540283,0.49951502680778503,0.3309444189071655
937,0.6715431809425354,0.8908706307411194,0.4918929636478424,0.324210524559021
938,0.6414517164230347,0.9717425107955933,0.5030853152275085,0.3326341211795807
939,nan,0.9172846078872681,0.4931427240371704,0.32359403371810913
940,nan,0.9351519346237183,0.4950151741504669,0.32554471492767334
941,nan,0.8922939896583557,0.49747705459594727,0.3282347321510315
942,nan,0.898256242275238,0.4955120384693146,0.326083779335022
943,0.6478490829467773,0.8989066481590271,0.5000959634780884,0.33187970519065857
944,0.6586666107177734,0.8906220197677612,0.4907492697238922,0.3247617781162262
945,nan,0.9312912225723267,0.5013992190361023,0.3335353434085846
946,nan,0.9312912225723267,0.4960482120513916,0.3292098939418793
947,nan,0.9047254323959351,0.4926106929779053,0.32684043049812317
948,0.6597306728363037,0.8984771370887756,0.4923819303512573,0.3246828019618988
949,nan,0.8906601667404175,0.5016565322875977,0.334053635597229
950,nan,0.9032769203186035,0.502035915851593,0.3309779465198517
951,0.674610435962677,0.9309801459312439,0.4978717267513275,0.33115050196647644
952,nan,0.9250729084014893,0.5020301938056946,0.3332878649234772
953,0.6685894727706909,0.9226121306419373,0.5004884600639343,0.3297218084335327
954,0.650989294052124,0.9494280219078064,0.4988497793674469,0.32799258828163147
955,nan,0.9298030138015747,0.504919707775116,0.33233946561813354
956,nan,0.9307408928871155,0.49470987915992737,0.3267948031425476
957,nan,0.9284963607788086,0.49852728843688965,0.3300376236438751
958,0.6570416688919067,0.9114845991134644,0.49818065762519836,0.3328406810760498
959,nan,0.9477959871292114,0.49677276611328125,0.3289414644241333
960,0.6586448550224304,0.8869748115539551,0.49748358130455017,0.33024951815605164
961,nan,0.900905191898346,0.49389946460723877,0.3283161222934723
962,nan,0.9407109022140503,0.4969770014286041,0.33124661445617676
963,0.6412903070449829,0.8822217583656311,0.500557005405426,0.32977572083473206
964,0.6393165588378906,0.9565860629081726,0.501459538936615,0.33459192514419556
965,0.6394941806793213,0.9021869897842407,0.4915710389614105,0.32475659251213074
966,0.6594845056533813,0.9219459295272827,0.5004503726959229,0.3290092945098877
967,0.6298648118972778,0.9526297450065613,0.49277210235595703,0.3232884705066681
968,nan,0.9290878176689148,0.49849358201026917,0.3282315731048584
969,nan,0.8971319794654846,0.4945641756057739,0.32656121253967285
970,nan,0.9371285438537598,0.4943000376224518,0.326524555683136
971,nan,0.915952205657959,0.4986879825592041,0.33252304792404175
972,0.6517839431762695,1.0121047496795654,0.4952333867549896,0.3278450071811676
973,0.6464070677757263,0.9003706574440002,0.4970442056655884,0.32840439677238464
974,0.6237927079200745,0.9353946447372437,0.49704036116600037,0.3304157257080078
975,nan,0.8877928256988525,0.4956071376800537,0.32792213559150696
976,0.6532162427902222,0.9472226500511169,0.4986209571361542,0.330425888299942
977,0.660737156867981,0.9631760716438293,0.5042316317558289,0.33265581727027893
978,0.6390965580940247,0.9414374232292175,0.4965397119522095,0.3284864127635956
979,0.6635963916778564,0.8663237690925598,0.502526044845581,0.33221638202667236
980,0.6523330807685852,0.871307373046875,0.49723806977272034,0.3300964832305908
981,nan,0.9101108312606812,0.49719229340553284,0.32567691802978516
982,nan,0.9187614917755127,0.4911426305770874,0.32287925481796265
983,nan,0.9312391877174377,0.49934303760528564,0.3319224417209625
984,0.6760298013687134,0.9198243021965027,0.49414870142936707,0.3275676965713501
985,0.6353660225868225,0.966289758682251,0.5015329122543335,0.333653062582016
986,0.664077877998352,0.9055681228637695,0.4927223026752472,0.32857564091682434
987,0.6320539712905884,0.9437246918678284,0.497770220041275,0.3301912248134613
988,0.6574447154998779,0.8940227627754211,0.4991965591907501,0.32998988032341003
989,0.6503802537918091,0.9618374109268188,0.49094340205192566,0.32351166009902954
990,nan,0.9372277855873108,0.48959827423095703,0.3233978748321533
991,0.6643284559249878,0.9268239140510559,0.48840340971946716,0.3182056248188019
992,0.6631250381469727,0.9219669699668884,0.4986449182033539,0.33254724740982056
993,0.6591546535491943,0.8970679044723511,0.49381300806999207,0.32933396100997925
994,0.6448221206665039,0.9330947995185852,0.5040326118469238,0.33392801880836487
995,0.6534326076507568,0.9210353493690491,0.502042293548584,0.3344038724899292
996,0.6804488897323608,0.9382191896438599,0.5021671056747437,0.3309856355190277
997,0.6602391004562378,0.8982797265052795,0.4892961084842682,0.32162535190582275
998,0.6399598121643066,0.9232497811317444,0.49095073342323303,0.32559385895729065
999,0.6660621762275696,0.9357327818870544,0.49657437205314636,0.3293910324573517
1000,0.6512445211410522,0.9458106756210327,0.4969419538974762,0.3279728889465332
1001,0.665076494216919,0.8748550415039062,0.49227389693260193,0.3257470428943634
1002,0.6554224491119385,0.8795751929283142,0.4972720444202423,0.3270924985408783
1003,0.6397534608840942,0.9254676699638367,0.4937458038330078,0.32711493968963623
