Epoch,D Loss,G Loss,Temp Loss,Thermal Loss,Fuel Loss,Burnup Loss,GenMean,GenStd
0,0.7142617702484131,20000000002.5027,83.06672116631773,0.8149023597045268,0.19082767011013657,0.03767226216942401,0.025095202028751373,0.4248390197753906
1,0.6966365575790405,20000000002.40249,81.08865928508077,0.4755559474077933,0.21105784543703598,0.07773651900706122,0.05290716513991356,0.42080461978912354
2,0.6687971353530884,20000000002.28031,79.08500450104249,0.5026987117323838,0.2083288051906056,0.0664122655612877,0.06408023834228516,0.4261893928050995
3,0.6418877840042114,20000000002.186764,77.39067958827009,0.37332308960972543,0.23906700256083566,0.10766202722893678,0.08548242598772049,0.42934757471084595
4,0.6311532855033875,20000000002.119934,75.5760566021651,0.3790978774205743,0.11196888958911262,0.11477428636679007,0.09784112125635147,0.42389050126075745
5,0.614081859588623,20000000002.12026,73.46363001313377,0.17481474553242193,0.1792930675648849,0.12250000955234838,0.13247551023960114,0.42764344811439514
6,0.6124234199523926,20000000002.066204,71.40312284947146,0.11154876821261475,0.2239006922752391,0.09995418881862617,0.16698336601257324,0.4261525571346283
7,0.6011117100715637,20000000002.054565,70.91044379629115,0.10461130880557418,0.2635742165061849,0.10613659536211675,0.1843046247959137,0.42633214592933655
8,0.5918921828269958,20000000002.06123,68.77009266230725,0.04477492026092295,0.1188175707073282,0.13738859754883062,0.21771396696567535,0.4191453456878662
9,0.5761075019836426,20000000002.034782,67.21148686814719,0.10484256753190312,0.15413654667705431,0.150045459835487,0.25240814685821533,0.41864416003227234
10,0.5737948417663574,20000000002.032375,65.87945650915614,0.1640173226160933,0.2804682154134339,0.13894037126773617,0.28111469745635986,0.41320547461509705
11,0.5712310671806335,20000000002.06004,64.41879721385945,0.018401964752608736,0.20135517460084984,0.17282616214414426,0.31841859221458435,0.40510568022727966
12,0.5715429782867432,20000000002.02469,63.50804286541958,0.05866876047072771,0.2677805623291056,0.18561226059496014,0.3458617329597473,0.39527061581611633
13,0.5742740631103516,20000000002.056423,63.26906355824619,0.035287128624723024,0.1843864339271812,0.09629707117102294,0.36513587832450867,0.3904914855957031
14,0.5692224502563477,20000000002.055935,62.20154330208163,0.05144609665566957,0.2255773951897502,0.1493698170367441,0.39985135197639465,0.3740219175815582
15,0.5865365266799927,20000000001.978416,61.87450588268933,0.062486603721601516,0.15532773791507928,0.031128429897115138,0.43478715419769287,0.36166760325431824
16,0.6043128371238708,20000000001.983173,61.01286965330622,0.12643465801175363,0.10923188661717355,0.11369197709244508,0.4594854414463043,0.35947680473327637
17,0.6199824810028076,20000000001.97171,60.456748749014295,0.12627644881218644,0.14190399066168682,0.07834937898237249,0.5001882314682007,0.33260658383369446
18,0.6132793426513672,20000000001.936146,59.807737624993116,0.09882469358691082,0.07002997415952054,0.06709090243891169,0.5346231460571289,0.326871395111084
19,0.6434218883514404,20000000001.909176,60.12760923000069,0.08321843910556105,0.05521050161854862,0.08069777959882767,0.5469712615013123,0.3222303092479706
20,0.6728351712226868,20000000001.867252,58.96315764878391,0.05706756398411385,0.0,0.019120149016061152,0.5789535045623779,0.31509900093078613
21,0.6780052185058594,20000000001.851234,58.70406065697386,0.03168664549255652,0.0,0.0,0.5993627309799194,0.31225553154945374
22,0.6637764573097229,20000000001.819992,57.94887442225237,0.011593333231386577,0.0,0.01979568808534028,0.6289117336273193,0.29524460434913635
23,0.6693049073219299,20000000001.830578,57.84073924155071,0.019838783570749065,0.0,0.0,0.6387654542922974,0.29298368096351624
24,0.6850340366363525,20000000001.790405,57.63487221336262,0.007192529954861505,0.0,0.0,0.6584697365760803,0.2863737642765045
25,0.6893585920333862,20000000001.774105,57.01903077117038,0.005024438756830552,0.0,0.0,0.6723985075950623,0.2794937491416931
26,0.7043704390525818,20000000001.764202,56.78334943173347,0.0,0.0,0.0,0.6842618584632874,0.27596017718315125
27,0.69830322265625,20000000001.793983,56.614436284780155,0.0,0.0,0.01376853414332577,0.6838497519493103,0.27841946482658386
28,0.6883488893508911,20000000001.75056,56.07212719422738,0.0,0.0,0.0,0.6940284967422485,0.276041179895401
29,0.7044970393180847,20000000001.76935,55.84544460065737,0.0,0.0,0.0,0.6995183825492859,0.2755962312221527
30,0.7142621874809265,20000000001.76221,55.55881137260297,0.004550860744054374,0.0,0.0,0.7016558051109314,0.27910158038139343
31,0.6972928643226624,20000000001.76824,55.419159974471626,0.0,0.0,0.0,0.6985240578651428,0.28507936000823975
32,0.6900544166564941,20000000001.757942,55.253774510944304,0.005092841388674833,0.0,0.0,0.6952752470970154,0.29059433937072754
33,0.6903603672981262,20000000001.747448,55.09452151851202,0.0,0.0,0.0,0.6959753632545471,0.29091939330101013
34,0.6972141265869141,20000000001.73738,54.994617559376685,0.00030238707189926203,0.0,0.0,0.696858823299408,0.2968671917915344
35,0.6901605129241943,20000000001.746002,54.93319531747623,0.004558205562102933,0.0,0.0,0.7016198635101318,0.2930671274662018
36,0.6850263476371765,20000000001.742733,54.76905495936815,0.0,0.0,0.0,0.7045825123786926,0.2879999577999115
37,0.691380500793457,20000000001.740944,54.58495144520829,0.0,0.0,0.0,0.712091863155365,0.2869712710380554
38,0.6833736300468445,20000000001.76114,54.355905256625604,0.0,0.0,0.0,0.7217218279838562,0.276801735162735
39,0.6786484718322754,20000000001.731445,54.361182433395804,9.351001848259544e-05,0.0,0.0,0.720595121383667,0.2765538692474365
40,0.6910959482192993,20000000001.736214,54.17065068340786,0.0,0.0,0.0,0.7262181639671326,0.27463293075561523
41,0.6717016696929932,20000000001.742214,54.07635936492109,0.0,0.0,0.0,0.7286222577095032,0.2736266553401947
42,0.6739194393157959,20000000001.74751,53.86807425467773,0.0,0.0,0.0,0.7300522327423096,0.2756243944168091
43,0.6715012192726135,20000000001.753326,53.89429256446612,0.0,0.0,0.0,0.7273849248886108,0.2806546986103058
44,0.6784772872924805,20000000001.73954,53.94059671561398,0.0,0.0,0.0,0.7260923981666565,0.28739896416664124
45,0.6826951503753662,20000000001.76152,53.911952742035815,0.0,0.0,0.005975837317928827,0.723705530166626,0.2907281219959259
46,0.6633620858192444,20000000001.741673,53.83098776333247,0.0069449086034279045,0.0,0.0,0.7199025750160217,0.2999010682106018
47,0.6774320602416992,20000000001.758045,53.76626531981342,0.009881442794842418,0.0,0.0,0.7180160284042358,0.3071880340576172
48,0.6756958961486816,20000000001.74876,53.80211712352318,0.006323203286278525,0.0,0.0,0.7139991521835327,0.31471478939056396
49,0.6772164106369019,20000000001.73427,53.66846638077284,0.01899564100119498,0.0,0.0,0.7222283482551575,0.30591487884521484
50,0.6631726026535034,20000000001.75435,53.68727762447226,0.020682556994023053,0.0,0.0,0.731287956237793,0.2967773675918579
51,0.6545936465263367,20000000001.74037,53.58837502060716,0.010367407316793496,0.0,0.0,0.7309139370918274,0.29947054386138916
52,0.6545482873916626,20000000001.719,53.611831042326784,0.03568408864194432,0.0,0.0,0.7338079214096069,0.29894179105758667
53,0.6716011166572571,20000000001.730442,53.523554228164954,0.005658301257784534,0.0,0.0,0.7415499091148376,0.28474345803260803
54,0.6645102500915527,20000000001.756557,53.54804181068561,0.0,0.0,0.0,0.7429003119468689,0.29255107045173645
55,0.6825315952301025,20000000001.761635,53.63701221253525,0.012416408673411802,0.0,0.0,0.7333110570907593,0.31460264325141907
56,0.681505560874939,20000000001.75668,53.61631214978698,0.0,0.0,0.0,0.7350918054580688,0.32027167081832886
57,0.672313928604126,20000000001.730778,53.5541665255642,0.0014745675138297665,0.0,0.0,0.7377843260765076,0.32282617688179016
58,0.6704880595207214,20000000001.77365,53.478142521779155,0.0,0.0,0.00010833356628818368,0.7439821362495422,0.31981179118156433
59,0.6791117191314697,20000000001.76325,53.457863091230244,0.0,0.0,0.0,0.7513854503631592,0.31084123253822327
60,0.6789370775222778,20000000001.742077,53.45296114976134,0.025071530836341276,0.0,0.0,0.7573568224906921,0.2962285578250885
61,0.6821638345718384,20000000001.757805,53.4675829157892,0.032643760617909474,0.0,0.0,0.7550306916236877,0.3009539842605591
62,0.6596622467041016,20000000001.715317,53.37546439823713,0.0490551751032986,0.0,0.0,0.7570655345916748,0.29834017157554626
63,0.6720246076583862,20000000001.70125,53.376757414593335,0.06280336205309078,0.0,0.0,0.748385488986969,0.31509876251220703
64,0.6641244292259216,20000000001.71186,53.4170277615971,0.15481118265521582,0.0,0.0,0.7355757355690002,0.33481064438819885
65,0.6713378429412842,20000000001.725166,53.35770658670612,0.10046270881775332,0.0,0.0,0.7275739312171936,0.3447720408439636
66,0.6660909056663513,20000000001.747646,53.27847599989788,0.0965362920098694,0.0,0.0,0.7252042889595032,0.3500567376613617
67,0.6579995155334473,20000000001.765285,53.373984746331466,0.0996419132891916,0.0,0.0,0.7208651304244995,0.3605445325374603
68,0.6746233701705933,20000000001.737057,53.33708513467049,0.10847842184750725,0.0,0.0,0.7163060307502747,0.37157317996025085
69,0.6557145118713379,20000000001.765167,53.302745776452,0.06429494521449684,0.0,0.007393747240346884,0.7289069890975952,0.3542759418487549
70,0.6661433577537537,20000000001.759315,53.23807533022334,0.03771396901118326,0.0,0.0,0.746068000793457,0.33163848519325256
71,0.6562085151672363,20000000001.75814,53.16963975462617,0.02797355876117945,0.0,0.0,0.7589754462242126,0.3154555857181549
72,0.6543294191360474,20000000001.754204,53.1869148617004,0.08952764487022909,0.0,0.0,0.7638408541679382,0.3089393377304077
73,0.6639502048492432,20000000001.754036,53.14228249821589,0.005853807833836645,0.0,0.0,0.768602728843689,0.2980611324310303
74,0.6558179259300232,20000000001.762352,53.19804055935209,0.05788771906659721,0.0,0.0,0.7639562487602234,0.3085482120513916
75,0.6431348323822021,20000000001.734444,53.19669336059324,0.058277262419163575,0.0,0.0,0.7621428966522217,0.3103676736354828
76,0.6555560827255249,20000000001.76638,53.11524381558585,0.04346680252221588,0.0,0.0,0.7588261961936951,0.3165912628173828
77,0.6462924480438232,20000000001.790348,53.192097834536796,0.13480773077503927,0.0,0.0,0.7430541515350342,0.3380635976791382
78,0.6524716019630432,20000000001.76435,53.11908436126659,0.08930827386202128,0.0,0.0,0.7397847771644592,0.3430539071559906
79,0.6573433876037598,20000000001.74889,53.170966337991445,0.1690471797610728,0.0,0.0,0.7274118065834045,0.3601910471916199
80,0.6562134623527527,20000000001.75009,53.141644654473225,0.16697778126628066,0.0,0.0,0.729800283908844,0.35188356041908264
81,0.6687271595001221,20000000001.737583,53.10856479712875,0.1360185619965724,0.0,0.0007489163170073384,0.7280053496360779,0.35404905676841736
82,0.6465442180633545,20000000001.739887,53.045208368665044,0.09973637270235211,0.0,0.0,0.7369337677955627,0.3392418920993805
83,0.6344420909881592,20000000001.77095,53.082462088435875,0.11291131362840975,0.0,0.0,0.7303740978240967,0.3504455089569092
84,0.6589986085891724,20000000001.764706,53.082878275984314,0.0745178887595914,0.0,0.0022505743857084573,0.7345659136772156,0.3460582494735718
85,0.6597744226455688,20000000001.789608,53.04987954347753,0.1032830676280027,0.0,0.0,0.7464656829833984,0.33537793159484863
86,0.6492708921432495,20000000001.777336,53.04692937215538,0.06324111480500892,0.0,0.0,0.7506965398788452,0.33207911252975464
87,0.6507523059844971,20000000001.772232,53.08478672256567,0.12259808223592016,0.0,0.0,0.7601314783096313,0.31746581196784973
88,0.6557802557945251,20000000001.771217,53.032000933633476,0.08009891983197095,0.0,0.0,0.763089120388031,0.31326737999916077
89,0.6349741220474243,20000000001.77023,53.066891381347844,0.09191029520406445,0.0,0.0,0.7617128491401672,0.3167637288570404
90,0.6392996311187744,20000000001.793644,53.06890295266863,0.1261035356425766,0.0,0.0,0.7534967660903931,0.3272000551223755
91,0.6492022275924683,20000000001.767273,53.051692392230194,0.142795348788918,0.0,0.0,0.7460587024688721,0.333413302898407
92,0.6496028304100037,20000000001.733475,53.028858425631945,0.11782702493289647,0.0,0.0,0.7415357232093811,0.3403645157814026
93,0.632358193397522,20000000001.808025,53.03670906804785,0.11114878599264486,0.0,0.0,0.7435526251792908,0.34564658999443054
94,0.6425894498825073,20000000001.7607,53.02902142248503,0.1802487148172167,0.0,0.0,0.7392091155052185,0.35173889994621277
95,0.6559787392616272,20000000001.78936,53.05530798957075,0.20252421918966163,0.0,0.0,0.7372980713844299,0.3567701578140259
96,0.6564451456069946,20000000001.76736,53.0529650347505,0.13519650327373706,0.0,0.0,0.7463686466217041,0.34927302598953247
97,0.6357476711273193,20000000001.802864,53.03284158559162,0.125857778561804,0.0,0.0,0.7460851073265076,0.34483852982521057
98,0.6534866094589233,20000000001.779568,53.02281750873364,0.10287634877841502,0.0,0.0,0.750649094581604,0.3392818868160248
99,0.6474742889404297,20000000001.817745,53.01008115894797,0.06453509117564078,0.0,0.0,0.75519198179245,0.33245378732681274
100,0.6307801008224487,20000000001.80662,53.05496744919937,0.03699172734364377,0.0,0.004588493789372425,0.7539433836936951,0.3306976556777954
101,0.6354044675827026,20000000001.80259,53.00821339913355,0.015630956788664722,0.0,0.0004556550471577165,0.7546868920326233,0.327335000038147
102,0.6443396806716919,20000000001.831154,53.00574486568831,0.03723764686381037,0.0,0.0,0.7557821869850159,0.32612451910972595
103,0.6265892386436462,20000000001.819004,52.99009629981484,0.02698205746528551,0.0,0.005578079703856895,0.7454987168312073,0.3372122049331665
104,0.6411005258560181,20000000001.773888,52.97974158426429,0.045171900364683354,0.0,0.006616074184475287,0.7466485500335693,0.33659353852272034
105,0.6445112824440002,20000000001.816895,52.987250231611995,0.06728900221749454,0.0,0.006162749319920376,0.7504394054412842,0.33327096700668335
106,0.6431916952133179,20000000001.784214,53.0094635491814,0.03524197153435412,0.0,0.0027068521546597876,0.751897394657135,0.3268236517906189
107,0.6345261335372925,20000000001.772808,53.05490689658134,0.03350298686416022,0.0,0.012199441431981504,0.7406490445137024,0.342623233795166
108,0.648856520652771,20000000001.79378,53.02727728717169,0.0035152931846350113,0.0,0.02133406372203914,0.7498989105224609,0.325998991727829
109,0.6394364833831787,20000000001.81797,53.05719064328636,0.005220421242970664,0.0,0.015540248159146258,0.7432746291160583,0.33075031638145447
110,0.641939103603363,20000000001.828117,53.02268380191971,0.020650020369927708,0.0,0.020269917446924236,0.7455360889434814,0.33549565076828003
111,0.6279977560043335,20000000001.838585,53.039321154758085,0.010891170106245941,0.0,0.02181965893684665,0.7532625794410706,0.3254125416278839
112,0.6263092160224915,20000000001.81876,53.052735700392276,0.00878690881142841,0.0,0.0186537657505161,0.7568007111549377,0.31851038336753845
113,0.6304198503494263,20000000001.81066,53.035525671150054,0.009269201475912765,0.0,0.016579798433998826,0.7621893286705017,0.3129427134990692
114,0.6519769430160522,20000000001.815166,53.07920848117823,0.001389016017402156,0.0,0.02638509813685637,0.7550710439682007,0.3152378499507904
115,0.6410710215568542,20000000001.78468,53.08532133170335,0.003555493112919965,0.0,0.021105477334903665,0.7516542077064514,0.3249469995498657
116,0.6501706838607788,20000000001.796436,53.107862838111714,0.007171281901054181,0.0,0.024585718535398458,0.7440497875213623,0.3284567594528198
117,0.6504372358322144,20000000001.83964,53.070235787766954,0.0,0.0,0.02851982807372319,0.7504510283470154,0.32521480321884155
118,0.6473254561424255,20000000001.819866,53.06997124103731,0.011866110876690962,0.0,0.012707416566552394,0.7480722665786743,0.3221263289451599
119,0.6475815773010254,20000000001.813583,53.09220328614326,0.009310394800294958,0.0,0.017790319369142986,0.7508945465087891,0.3204580843448639
120,0.6518412828445435,20000000001.81317,53.12223432005167,0.005345730282808811,0.0,0.02011474556151263,0.7444639801979065,0.32482561469078064
121,0.6503257751464844,20000000001.836803,53.14027672680116,0.007723919049493714,0.0,0.031579117779773895,0.7435846328735352,0.32765063643455505
122,0.6291639804840088,20000000001.82178,53.158371624446495,0.0,0.0,0.037169518692934424,0.7405173778533936,0.33213695883750916
123,0.6264731884002686,20000000001.811832,53.20474773052614,0.0,0.0,0.035739028950928876,0.7415516376495361,0.3305056393146515
124,0.6390019655227661,20000000001.824318,53.19669389760812,0.0048716380933687825,0.0,0.028251761930144514,0.7448957562446594,0.3240804076194763
125,0.6524004340171814,20000000001.783104,53.21492134952352,0.0,0.0,0.03834974384640424,0.7423421740531921,0.3224108815193176
126,0.6514489054679871,20000000001.816868,53.20665966780994,0.0,0.0,0.04312862943569652,0.7468511462211609,0.32317572832107544
127,0.6615018844604492,20000000001.824856,53.14900029628467,0.0,0.0,0.05964775520536748,0.7471010684967041,0.3265494406223297
128,0.6504107713699341,20000000001.80795,53.293117852476755,0.0,0.0,0.040982190834480785,0.7493707537651062,0.32216906547546387
129,0.6666678786277771,20000000001.844357,53.305216408832905,0.0,0.0,0.026937603333919428,0.7441227436065674,0.3223145306110382
130,0.6478545069694519,20000000001.788464,53.24933921814815,0.0,0.0,0.0404265471858317,0.7446070313453674,0.31739598512649536
131,0.6506208181381226,20000000001.76874,53.264268528467625,0.0,0.0,0.041777516807145816,0.7418909668922424,0.3262472450733185
132,0.649259090423584,20000000001.82126,53.28767754900018,0.0,0.0,0.04389924797088012,0.7370424866676331,0.33519479632377625
133,0.6460046768188477,20000000001.810505,53.38448213827124,0.001236544151836303,0.0,0.03915844163402379,0.7416355609893799,0.3265879154205322
134,0.6501226425170898,20000000001.81638,53.36782854897537,0.0,0.0,0.023407911340882253,0.744227409362793,0.32475417852401733
135,0.6580320596694946,20000000001.780704,53.36382590999064,0.0,0.0,0.02178890208372092,0.7467359304428101,0.3228421211242676
136,0.6478986740112305,20000000001.7865,53.40878390079742,0.0,0.0,0.031449206321587604,0.7481426000595093,0.32149583101272583
137,0.6551335453987122,20000000001.785343,53.395389524026164,0.0,0.0,0.03829581837320724,0.7433915734291077,0.32371002435684204
138,0.6569280624389648,20000000001.819477,53.4625167635968,0.0,0.0,0.04532032384478182,0.7450178265571594,0.3245571553707123
139,0.6592391729354858,20000000001.80022,53.50726138419357,0.0,0.0,0.04372725032583724,0.7430187463760376,0.324648380279541
140,0.6484408378601074,20000000001.792393,53.48750861536503,0.0,0.0,0.0320532677415573,0.7472812533378601,0.3222571611404419
141,0.6554648876190186,20000000001.80324,53.5564214950751,0.0,0.0,0.023498591850659334,0.745368242263794,0.319741427898407
142,0.6555190086364746,20000000001.816692,53.65982006279062,0.0,0.0,0.04013097474173437,0.7415528893470764,0.32603785395622253
143,0.6452724933624268,20000000001.77334,53.59505224797512,0.0,0.0,0.0558499415593772,0.7424734234809875,0.3276718854904175
144,0.6646089553833008,20000000001.813515,53.69728244196054,0.0,0.0,0.04272377604143747,0.7362939715385437,0.33210015296936035
145,0.647646427154541,20000000001.767834,53.64736374905623,0.0,0.0,0.054268459722822515,0.7439165711402893,0.3205299377441406
146,0.653042733669281,20000000001.81781,53.74770208911747,0.002309416864138599,0.0,0.028543227142128445,0.7367899417877197,0.33213621377944946
147,0.6633895039558411,20000000001.820404,53.763275588556475,0.0,0.0,0.048371552103102594,0.7383377552032471,0.32535868883132935
148,0.6586041450500488,20000000001.787468,53.75667376626768,0.0,0.0,0.04811658822805253,0.7386723160743713,0.32428908348083496
149,0.6454946994781494,20000000001.78593,53.9883929551255,0.0,0.0,0.06160423576052079,0.7417585849761963,0.31916868686676025
150,0.6570321917533875,20000000001.789093,53.95667249510115,0.0,0.0,0.0750487738359765,0.7397140264511108,0.3286512792110443
151,0.6545461416244507,20000000001.78832,53.96391197348097,0.0,0.0,0.0636345889171468,0.7417619824409485,0.32254520058631897
152,0.658560037612915,20000000001.79615,53.80487289223274,0.0,0.0,0.05672435627399698,0.7426611185073853,0.3234187960624695
153,0.6571999788284302,20000000001.797054,53.98219950210384,0.0,0.0,0.03496683636381895,0.7457193732261658,0.3187474310398102
154,0.6497235298156738,20000000001.796486,53.88923080581332,0.0,0.0,0.017336026095936433,0.7400133609771729,0.32698875665664673
155,0.6446161270141602,20000000001.802135,53.86796731225757,0.0,0.0,0.053007429549549956,0.745022714138031,0.32220473885536194
156,0.6553142666816711,20000000001.7737,53.96133443844497,0.0,0.0,0.024153171481287795,0.7371692657470703,0.32647404074668884
157,0.6431555151939392,20000000001.782307,53.91332067600487,0.0,0.0,0.021078731044429574,0.7317327260971069,0.33215904235839844
158,0.6564030647277832,20000000001.7899,53.947228308672926,0.0,0.0,0.029340596838591266,0.7346586585044861,0.3267247676849365
159,0.6459212303161621,20000000001.82413,53.855717942545574,0.0,0.0,0.032630552355132396,0.7426138520240784,0.31989380717277527
160,0.6638696789741516,20000000001.81878,53.82873310660674,0.0,0.0,0.021418883937854474,0.7421630620956421,0.3238365352153778
161,0.6634525060653687,20000000001.767994,53.936669222051506,0.0,0.0,0.02428860171996855,0.7380086779594421,0.32734665274620056
162,0.6436004638671875,20000000001.818268,53.92403262277965,0.0,0.0,0.010749949834028605,0.7379984259605408,0.32501545548439026
163,0.6522114872932434,20000000001.773857,53.92953005478424,0.0,0.0,0.049809463971681,0.729749321937561,0.33324846625328064
164,0.6668270826339722,20000000001.774178,53.97274242949635,0.0,0.0,0.05760931734067149,0.7359087467193604,0.32559022307395935
165,0.6568217277526855,20000000001.78956,53.83938808312707,0.0,0.0,0.0331460866472444,0.7367678284645081,0.3206098973751068
166,0.6522625684738159,20000000001.769836,53.84596805314772,0.0,0.0,0.0577922496653627,0.7329879403114319,0.3290995955467224
167,0.657178521156311,20000000001.784855,53.859235749138094,0.0,0.0,0.04529171494745425,0.7346563935279846,0.3294595777988434
168,0.6603562831878662,20000000001.79633,53.91369861055455,0.0,0.0,0.05491708659129703,0.730612576007843,0.33043530583381653
169,0.6624870896339417,20000000001.786766,53.719115060064404,0.0,0.0,0.030782591816592153,0.7420551776885986,0.31845465302467346
170,0.6640613079071045,20000000001.80995,53.772343055173614,0.0,0.0,0.05382118838290535,0.7467359304428101,0.31670135259628296
171,0.6616919040679932,20000000001.781223,53.820878651813764,0.0,0.0,0.031056184731156858,0.7333926558494568,0.32679763436317444
172,0.6490875482559204,20000000001.783726,54.021371629073954,0.0,0.0,0.03962579563882715,0.7361323833465576,0.3310496509075165
173,0.6508371233940125,20000000001.817577,53.80359806979347,0.0,0.0,0.024385642951310148,0.7336009740829468,0.33135437965393066
174,0.6600067615509033,20000000001.79559,54.02537333976086,0.0,0.0,0.029838127049145485,0.7339193224906921,0.3224025368690491
175,0.6491236090660095,20000000001.78457,53.897253228268795,0.0,0.0,0.03375102984295894,0.7362185120582581,0.32444021105766296
176,0.6497105360031128,20000000001.813904,53.996042776757974,0.0,0.0,0.014481587776718836,0.7377846240997314,0.3196449279785156
177,0.6598925590515137,20000000001.801086,53.73784343180194,0.0,0.0,0.03682748628000494,0.733618974685669,0.3295802175998688
178,0.6551871299743652,20000000001.793663,54.26778260765625,0.0,0.0,0.007669078670129325,0.726253867149353,0.3288215696811676
179,0.6425157785415649,20000000001.860817,54.43862348799378,0.0,0.0,0.024887084129243228,0.7219840884208679,0.3338564336299896
180,0.6506848335266113,20000000001.82545,54.04246577086587,0.0,0.0,0.02960382193082218,0.7376821041107178,0.32217538356781006
181,0.6389450430870056,20000000001.811317,53.97525250623332,0.0,0.0,0.01591982663419454,0.7359802722930908,0.3211419880390167
182,0.6593747138977051,20000000001.83579,54.20663644413179,0.0,0.0,0.02553542723118565,0.7286569476127625,0.3333931565284729
183,0.6458156108856201,20000000001.81927,54.22489057571544,0.0,0.0,0.0,0.7304502725601196,0.3284434378147125
184,0.6568049192428589,20000000001.85545,54.49313067472586,0.0,0.0,0.019697460589299297,0.7354760766029358,0.3244718909263611
185,0.64508056640625,20000000001.81771,54.26676435765593,0.0,0.0,0.006738437762750715,0.7355497479438782,0.32355058193206787
186,0.6386767625808716,20000000001.828564,54.26010798565943,0.0,0.0,0.010041424656076877,0.7290534377098083,0.3289221525192261
187,0.6520274877548218,20000000001.796783,54.5457535765492,0.0,0.0,0.04569426705797101,0.7310323715209961,0.32615968585014343
188,0.6605543494224548,20000000001.822758,54.41853031615966,0.0,0.0,0.029334743861259855,0.7324758172035217,0.32439136505126953
189,0.6281636357307434,20000000001.83999,54.25415860867682,0.0,0.0,0.046998615574900794,0.7418413758277893,0.3193858861923218
190,0.6548067331314087,20000000001.829464,54.151221589607914,0.0,0.0,0.039377421773487256,0.7335830330848694,0.32710447907447815
191,0.6380085945129395,20000000001.828514,54.18342060602593,0.0,0.0,0.0340635848990217,0.7337930798530579,0.32893165946006775
192,0.6408146619796753,20000000001.83361,54.30520237778975,0.0,0.0,0.015883869470914695,0.7207968235015869,0.3378198742866516
193,0.6396728754043579,20000000001.80672,54.038800837355005,0.0,0.0,0.01538031456566305,0.7343223094940186,0.3272395133972168
194,0.6520094275474548,20000000001.8297,54.12139989859288,0.0,0.0,0.02936955276602314,0.7418872714042664,0.31863564252853394
195,0.6226826906204224,20000000001.819572,53.87339000506191,0.0,0.0,0.011642212199521806,0.74721759557724,0.31323543190956116
196,0.6370651721954346,20000000001.858246,54.10684455858151,0.0,0.0,0.026889689289442183,0.7455664277076721,0.31303825974464417
197,0.6330817937850952,20000000001.824654,54.02655753744496,0.0,0.0,0.012934426246995673,0.7384780645370483,0.32512181997299194
198,0.6362857818603516,20000000001.83654,53.910360430836015,0.0,0.0,0.006132923802154877,0.7400585412979126,0.3206997215747833
199,0.6518845558166504,20000000001.87619,53.960518627997004,0.0,0.0,0.012021840559847473,0.7352021932601929,0.32602566480636597
200,0.6429263949394226,20000000001.845493,54.15197902080306,0.0,0.0,0.03214510853005615,0.7333800792694092,0.32933393120765686
201,0.6227213144302368,20000000001.852642,53.96412786072617,0.0,0.0,0.0,0.74579256772995,0.31904682517051697
202,0.6387821435928345,20000000001.888542,54.02797385513996,0.0,0.0,0.032177801476798544,0.737423837184906,0.32063716650009155
203,0.6451985836029053,20000000001.865788,53.95922672473624,0.0,0.0,0.00263500792440338,0.7407958507537842,0.31929850578308105
204,0.629520833492279,20000000001.849228,54.00343634810271,0.0,0.0,0.006449969871258329,0.7370483875274658,0.32410910725593567
205,0.619293212890625,20000000001.840546,54.04828106557237,0.0,0.0,0.0015893716355314196,0.7377662658691406,0.32024720311164856
206,0.6192017793655396,20000000001.910942,54.10602417571334,0.0,0.0,0.005735980687738528,0.7318166494369507,0.3333723247051239
207,0.6185339689254761,20000000001.845177,54.274976581423175,0.0,0.0,0.017144772634125394,0.738071620464325,0.3229866921901703
208,0.6462016105651855,20000000001.867016,54.29361057804019,0.0,0.0,0.023565695720324152,0.7349399328231812,0.3254680335521698
209,0.6120706796646118,20000000001.892895,54.37303916541954,0.0,0.0,0.035608416932459995,0.7387668490409851,0.32064950466156006
210,0.6331768035888672,20000000001.846817,54.19296462072895,0.0,0.0,0.0,0.7390579581260681,0.31652501225471497
211,0.6192251443862915,20000000001.877693,54.49090824471755,0.0,0.0,0.011777719145602526,0.7320600152015686,0.32711097598075867
212,0.629336953163147,20000000001.863304,54.18890276110623,0.0,0.0,0.00393769320589769,0.7322237491607666,0.33044570684432983
213,0.6323362588882446,20000000001.869026,53.97609445869459,0.0,0.0,0.022712257236010742,0.7333253622055054,0.32569819688796997
214,0.6274966597557068,20000000001.80585,54.09398581006208,0.0,0.0,0.013866883512846626,0.7353959679603577,0.32461708784103394
215,0.6406275033950806,20000000001.949226,54.08759232124236,0.0,0.0,0.021928424044652808,0.7408350110054016,0.3164348900318146
216,0.6157352924346924,20000000001.84602,53.92216363091456,0.0,0.0,0.0164237184083712,0.745473325252533,0.31262311339378357
217,0.611013650894165,20000000001.90957,54.22175657202109,0.0,0.0,0.02888912975674533,0.7294225096702576,0.32867124676704407
218,0.6186143159866333,20000000001.912693,54.01045478709704,0.0,0.0,0.007771714827561972,0.7348650097846985,0.3277186453342438
219,0.6298322677612305,20000000001.85421,53.967840940375645,0.0,0.0,0.0,0.7280805706977844,0.32790789008140564
220,0.6117173433303833,20000000001.946217,54.35117430706701,0.0,0.0,0.005242093151091816,0.7279183864593506,0.32818371057510376
221,0.6299041509628296,20000000001.892075,54.21705633997881,0.0,0.0,0.010335862327486275,0.7288194894790649,0.3271680474281311
222,0.6160508394241333,20000000001.90506,54.03843783330156,0.0,0.0,0.006998835449420017,0.7270911931991577,0.32906538248062134
223,0.6132947206497192,20000000001.877514,54.154630587244455,0.0,0.0,0.019782047180521088,0.7301722168922424,0.32454821467399597
224,0.6236496567726135,20000000001.925835,54.26951338273867,0.0,0.0,0.02210260929842869,0.7331151366233826,0.3234747648239136
225,0.6301268339157104,20000000001.924747,54.247745768408365,0.0,0.0,0.0053170722262246084,0.7322348952293396,0.32195594906806946
226,0.6159473657608032,20000000001.861015,54.23761378197453,0.0,0.0,0.01973402631484903,0.7332352995872498,0.3211626410484314
227,0.6311156749725342,20000000001.84922,54.459928129188555,0.0,0.0,0.03617640627703112,0.7397306561470032,0.3149257302284241
228,0.6238818168640137,20000000001.93512,54.53282556539443,0.0,0.0,0.02062293088734317,0.7427914142608643,0.30707088112831116
229,0.6164137125015259,20000000001.949368,54.35584589973796,0.0,0.0,0.0,0.7395483255386353,0.31191951036453247
230,0.6100603342056274,20000000001.88679,54.213206519766494,0.0,0.0,0.0044084827829448895,0.7269141674041748,0.3275165557861328
231,0.6166885495185852,20000000001.934917,54.21184556488122,0.0,0.0,0.005097265520387378,0.7226867079734802,0.3323245048522949
232,0.6034878492355347,20000000001.960613,54.49281677143781,0.0,0.0,0.0025966876998312284,0.7298564910888672,0.31973370909690857
233,0.6122658252716064,20000000001.94165,54.56314235840629,0.0,0.0,0.011412959688635035,0.7397350072860718,0.30834951996803284
234,0.6165070533752441,20000000001.991013,54.73836003387724,0.0,0.0,0.02560335666496758,0.7380819916725159,0.3095077872276306
235,0.6150155663490295,20000000001.917572,54.66713765413763,0.0,0.0,0.0028689066538654905,0.7328727841377258,0.3132626712322235
236,0.6029606461524963,20000000001.973587,54.574552937513204,0.0,0.0,0.016880798517385342,0.7251522541046143,0.3247218430042267
237,0.5970175266265869,20000000001.911217,54.620671026939235,0.0,0.0,0.008654648608620238,0.7151157855987549,0.33461299538612366
238,0.6083818674087524,20000000001.949936,54.65972088314355,0.0,0.0,0.0016432281760945346,0.7193117141723633,0.32516810297966003
239,0.6080514788627625,20000000001.91881,54.560339360345615,0.0,0.0,0.027303623517844718,0.7276929616928101,0.31487706303596497
240,0.5961800813674927,20000000001.972466,54.51233326769163,0.0,0.0,0.015953509668240377,0.7355037331581116,0.30328434705734253
241,0.6199299097061157,20000000001.9545,54.742986672602285,0.0,0.0,0.03352787785138184,0.7196570038795471,0.3210628628730774
242,0.6175929307937622,20000000001.94515,54.61708089683166,0.0,0.0,0.0,0.7235925197601318,0.31373247504234314
243,0.6057249307632446,20000000001.94512,54.50816121237264,0.0,0.0,0.0,0.7243267893791199,0.31622079014778137
244,0.6180973052978516,20000000001.9417,54.82117210812079,0.0,0.0,0.01854816408169698,0.7079176306724548,0.33133259415626526
245,0.6109638214111328,20000000001.949726,54.82006813015431,0.0,0.0,0.012843752593127162,0.7155904769897461,0.3228258788585663
246,0.605770468711853,20000000001.950077,54.72788404559283,0.0,0.0,0.0,0.7266724705696106,0.30363354086875916
247,0.6101752519607544,20000000001.98604,55.04875198068797,0.0,0.0,0.019317437650207322,0.7176231145858765,0.31191396713256836
248,0.6166365146636963,20000000001.917828,55.126443207262994,0.0,0.0,0.024619110062861323,0.711906909942627,0.31356674432754517
249,0.6255890130996704,20000000001.94417,55.269337064187546,0.0,0.0,0.03494960516084971,0.7098548412322998,0.31568875908851624
250,0.6048091053962708,20000000001.976654,55.14370470746049,0.0,0.0,0.02974928535192798,0.7099605798721313,0.3166385889053345
251,0.606123149394989,20000000001.909775,55.27332254486164,0.0,0.0,0.014022308803260724,0.7081286907196045,0.31712907552719116
252,0.6079216003417969,20000000001.896065,55.366345040695975,0.0,0.0,0.029135909937918193,0.7079932689666748,0.31469571590423584
253,0.6109181642532349,20000000001.965786,55.418061814114516,0.0,0.0,0.025690147091650153,0.7074267864227295,0.3106611967086792
254,0.6054980754852295,20000000001.98589,55.2790675914043,0.0,0.0,0.02878292845779694,0.7136497497558594,0.3071870803833008
255,0.5925610065460205,20000000001.86364,55.29668973768503,0.0,0.0,0.02636131484053983,0.7084861993789673,0.30676984786987305
256,0.6243206858634949,20000000002.03408,55.30346825166168,0.0,0.0,0.027490892765892977,0.7039375901222229,0.31202593445777893
257,0.6037029027938843,20000000002.04329,55.992904272787854,0.0,0.0,0.03507802570250528,0.6893954277038574,0.3143315613269806
258,0.5967211723327637,20000000001.923466,55.27433561546927,0.0,0.0,0.011750040028307627,0.6955597400665283,0.31381967663764954
259,0.6264740228652954,20000000002.05578,55.696360902261524,0.0,0.0,0.028583809147870592,0.687523365020752,0.31290337443351746
260,0.6268255710601807,20000000001.880066,55.70358153373326,0.0,0.0,0.04201380884104525,0.6860206723213196,0.3117183446884155
261,0.6198251247406006,20000000001.963615,56.05501188927083,0.0,0.0,0.060889899093657746,0.6817626357078552,0.31010088324546814
262,0.6087284684181213,20000000001.979774,56.1490948916723,0.0,0.0,0.058715499117296475,0.6818680167198181,0.3071925938129425
263,0.6306085586547852,20000000001.878918,56.144407637732854,0.0,0.0,0.047936176589799845,0.6786766052246094,0.3003731369972229
264,0.6298227310180664,20000000001.947285,56.349418643139785,0.0,0.0,0.036455342726456876,0.6753921508789062,0.2982921898365021
265,0.6024552583694458,20000000001.965252,56.12487822551066,0.0,0.0,0.03156817323470036,0.6761125922203064,0.29002952575683594
266,0.6419912576675415,20000000001.92331,56.27282725248807,0.0,0.0,0.03171480789716332,0.6610735654830933,0.2982780933380127
267,0.6311074495315552,20000000002.00916,56.32076084003192,0.0,0.0,0.04323480061623169,0.6542356610298157,0.2969511151313782
268,0.6307443380355835,20000000001.944057,56.93082884274048,0.0,0.0,0.05319929960980448,0.654422402381897,0.2934240698814392
269,0.6242256164550781,20000000001.98112,57.71243839730624,0.0,0.0,0.04902174295470106,0.6534835696220398,0.27860966324806213
270,0.6519715785980225,20000000001.93338,58.01450302071626,0.0,0.0,0.054073501112483456,0.6472792029380798,0.2752164900302887
271,0.6471388339996338,20000000001.911816,59.026511080328376,0.0,0.0,0.061017913230612876,0.6366332173347473,0.2773471772670746
272,0.6323206424713135,20000000001.918102,59.277242272732195,0.002402648924103211,0.0,0.05825835485457876,0.6110057830810547,0.2939280569553375
273,0.6566611528396606,20000000001.948315,58.893173534384516,0.0,0.0,0.04838385124239987,0.5991045832633972,0.2965245544910431
274,0.6389883756637573,20000000001.911827,58.934207961631635,0.014813513309045703,0.0,0.08978664354961456,0.5974022150039673,0.288944274187088
275,0.6591522693634033,20000000001.87892,58.63151749219867,0.0,0.0,0.07753596304266426,0.6077738404273987,0.2674134075641632
276,0.6585893630981445,20000000001.85963,59.43590917581966,0.0,0.0,0.08195180926849474,0.5995200276374817,0.25754913687705994
277,0.6596318483352661,20000000001.960976,59.753502614581976,0.0,0.0,0.07319382562360459,0.604708731174469,0.2586401402950287
278,0.660892128944397,20000000001.922592,60.18139870120453,0.0,0.0,0.056962443160093704,0.5982927680015564,0.2640446722507477
279,0.6711734533309937,20000000001.933624,60.57488957649193,0.0025267850883705437,0.0,0.07479532007572719,0.5782772302627563,0.2844148278236389
280,0.6631671190261841,20000000001.887035,60.21331570073491,0.003964203770149201,0.0,0.07212519128341362,0.561583936214447,0.2853190004825592
281,0.6575438380241394,20000000001.929234,59.40913673122958,0.00162572744234038,0.0,0.05310122737173491,0.5867184996604919,0.26336151361465454
282,0.6829886436462402,20000000001.826473,59.575113869968646,0.0,0.0,0.06804725147003537,0.5920963883399963,0.24805401265621185
283,0.6717725992202759,20000000001.90962,60.07085923695418,0.0,0.0,0.07876939452636628,0.60862797498703,0.23999440670013428
284,0.6342324018478394,20000000001.974773,60.58982972036125,0.0,0.0,0.06877073393621337,0.6105131506919861,0.2507270276546478
285,0.6698122024536133,20000000001.943974,60.39612966441756,0.0011092063601637371,0.0,0.10499094530851609,0.5964739918708801,0.2638574540615082
286,0.6772556304931641,20000000001.900944,59.56078311179451,0.008884880177793614,0.0,0.06886754017666416,0.5847117304801941,0.2864327132701874
287,0.6753159761428833,20000000001.87439,59.191333546204525,0.02889173637830771,0.0,0.08516496236513975,0.5651226043701172,0.31367409229278564
288,0.6347074508666992,20000000001.93225,58.78303053649189,0.0005107720041787021,0.0,0.08847874702198424,0.5839695334434509,0.29563143849372864
289,0.6506421566009521,20000000001.901207,58.81607586994552,0.0,0.0,0.09597879391677488,0.6015447974205017,0.2666391432285309
290,0.6713150143623352,20000000001.878025,59.25433418314988,0.0,0.0,0.10330196631331479,0.6136634349822998,0.2605990171432495
291,0.6792123913764954,20000000001.88451,59.8252838790421,0.0,0.0,0.09112762234189961,0.629974365234375,0.24631699919700623
292,0.6504225730895996,20000000001.92092,60.508685432675406,0.0,0.0,0.10473349194026463,0.6171124577522278,0.2554020881652832
293,0.6628815531730652,20000000001.959663,59.88559752575985,0.0,0.0,0.09554975337399295,0.6247913837432861,0.2648842930793762
294,0.6685081720352173,20000000001.907673,59.2848233061857,0.00026231335821185267,0.0,0.10681122578189149,0.6028602719306946,0.2876776158809662
295,0.6796057820320129,20000000001.86183,58.669093262633524,0.006787078986092758,0.0,0.09809589585015183,0.5878740549087524,0.30922290682792664
296,0.65517258644104,20000000001.899857,58.00347134448923,0.0,0.0,0.12567379779596224,0.5850077867507935,0.3172406256198883
297,0.651358425617218,20000000001.91884,57.8289714078152,0.005100959540907026,0.0,0.11675695447606221,0.6047680377960205,0.29201579093933105
298,0.6620644330978394,20000000001.8573,57.966294047220245,0.0,0.0,0.1169973120694677,0.6311622262001038,0.2586205303668976
299,0.6696469783782959,20000000001.899246,58.65697129717678,0.0,0.0,0.11509178798725815,0.635350227355957,0.2543465197086334
300,0.6611956357955933,20000000001.87011,59.19351315814363,0.0,0.0,0.12805400651766344,0.6429452896118164,0.25687476992607117
301,0.674491286277771,20000000001.89467,60.00468919657614,0.0,0.0,0.11462244385796805,0.6370174288749695,0.2517395615577698
302,0.6651885509490967,20000000001.902184,59.53668515226735,0.0,0.0,0.11634514718558914,0.6415340304374695,0.2632543444633484
303,0.687701940536499,20000000001.862194,59.288276716164994,0.0,0.0,0.1151158186365422,0.6180946826934814,0.2836357653141022
304,0.6738738417625427,20000000001.88519,58.55017748138337,0.004183805535744194,0.0,0.12547072649071897,0.6031668782234192,0.301832914352417
305,0.6694138646125793,20000000001.859425,57.7383380998817,0.0,0.0,0.12033818218347943,0.6096858382225037,0.3113452196121216
306,0.6531307697296143,20000000001.90215,57.933921558523416,0.0,0.0,0.13721881538351383,0.6001594662666321,0.3034419119358063
307,0.6700735688209534,20000000001.878143,57.92813679682878,0.0,0.0,0.15610913476119873,0.6132681965827942,0.28681597113609314
308,0.6587510108947754,20000000001.845226,58.0861203609391,0.0,0.0,0.14926631835660975,0.6274448037147522,0.27150970697402954
309,0.6735968589782715,20000000001.853874,58.26293679186402,0.0,0.0,0.12917105675849225,0.6409278512001038,0.26494836807250977
310,0.6628974676132202,20000000001.894676,58.55376788740674,0.0,0.0,0.12649525281844337,0.6433269381523132,0.2607220709323883
311,0.6578750610351562,20000000001.875114,59.12615016940199,0.0,0.0,0.12952288445030496,0.634583055973053,0.2685057520866394
312,0.6733189821243286,20000000001.90467,59.37122134083092,0.0,0.0,0.13500728377737026,0.6271056532859802,0.27017271518707275
313,0.6744725704193115,20000000001.86105,59.494532201477284,0.0009241699704985139,0.0,0.15712500051699868,0.6045656800270081,0.2907220125198364
314,0.6818398833274841,20000000001.834774,58.70668285355711,0.0,0.0,0.15707964329192498,0.6079366207122803,0.30265092849731445
315,0.6780833005905151,20000000001.85465,58.443890532564595,0.0,0.0,0.1611852322052108,0.5995522141456604,0.3054378628730774
316,0.6650079488754272,20000000001.83694,58.32417522095474,0.0,0.0,0.17437864768835912,0.6062968373298645,0.2954528033733368
317,0.6627331376075745,20000000001.821587,57.90348954196157,0.0,0.0,0.16388637198370462,0.6133413314819336,0.2901366353034973
318,0.6763839721679688,20000000001.8437,57.91473729365,0.0,0.0,0.14834193995867345,0.6317538619041443,0.2770574688911438
319,0.6524299383163452,20000000001.868004,58.38168417972631,0.0,0.0,0.14979598912362535,0.6340575814247131,0.27526235580444336
320,0.6651049852371216,20000000001.865852,58.764996127706326,0.0,0.0,0.15710688534809245,0.6362423896789551,0.27373379468917847
321,0.6701012849807739,20000000001.89849,59.06797802063719,0.0,0.0,0.16481842308363492,0.625893771648407,0.2794663608074188
322,0.6568111181259155,20000000001.87802,58.85539276340964,0.0,0.0,0.1612139782563244,0.6239032745361328,0.2791502773761749
323,0.6613681316375732,20000000001.868782,58.93932350553998,0.0,0.0,0.18414320037855753,0.6174095273017883,0.2871086299419403
324,0.6733047962188721,20000000001.851913,58.488440411484625,0.0,0.0,0.18427871279720556,0.608108639717102,0.30099135637283325
325,0.6705429553985596,20000000001.86909,58.59981476427049,0.0,0.0,0.1813753801559816,0.6074049472808838,0.2967737019062042
326,0.6711673736572266,20000000001.839897,58.722142885422954,0.0,0.0,0.19475449341120776,0.6058647036552429,0.29708269238471985
327,0.6694484949111938,20000000001.84281,58.41634114062091,0.0,0.0,0.1805892828985847,0.6189618706703186,0.2900245189666748
328,0.6720468401908875,20000000001.85904,58.63773211750687,0.0,0.0,0.1927973137112346,0.6220872402191162,0.28558149933815
329,0.6785432696342468,20000000001.86571,59.21558792905273,0.0,0.0,0.189323531260067,0.6189706325531006,0.2827640473842621
330,0.6647796630859375,20000000001.867897,59.03570693972057,0.0,0.0,0.19834784697697563,0.6233357787132263,0.2914305031299591
331,0.6718118786811829,20000000001.85159,58.93919466713446,0.0,0.0,0.17735961497111502,0.6258333921432495,0.2880874276161194
332,0.6608762741088867,20000000001.843254,59.047565176917814,0.0,0.0,0.1921584174104603,0.6127166748046875,0.2966482639312744
333,0.6640360951423645,20000000001.850525,58.260415128736746,0.0,0.0,0.18285569627871334,0.6197264194488525,0.30083250999450684
334,0.6694570779800415,20000000001.841816,57.89052671455779,0.0,0.0,0.1710103067569337,0.6252169013023376,0.3004448711872101
335,0.6677049398422241,20000000001.83355,57.75320522394472,0.0,0.0,0.1545179242502353,0.6246682405471802,0.3016262948513031
336,0.666325569152832,20000000001.812412,58.16366592568578,0.0,0.0,0.16837706829779522,0.6181209087371826,0.2963733971118927
337,0.6607145071029663,20000000001.836395,57.731879173561275,0.0,0.0,0.17831867544079677,0.6343057155609131,0.29459404945373535
338,0.6553969383239746,20000000001.86811,58.16108532175298,0.0,0.0,0.18694187896008344,0.6430575251579285,0.28169164061546326
339,0.6682057976722717,20000000001.84698,57.87780994504794,0.0,0.0,0.17712850302413474,0.6542486548423767,0.28462478518486023
340,0.6856462955474854,20000000001.857143,58.10001786943857,0.0,0.0,0.18187466665353094,0.6511633396148682,0.28023189306259155
341,0.6645187735557556,20000000001.834026,58.154017391670386,0.0,0.0,0.20671595778878338,0.6478679776191711,0.2898273468017578
342,0.6581927537918091,20000000001.859642,58.040080055045465,0.0,0.0,0.20521981897908143,0.6427469849586487,0.2935222089290619
343,0.6710964441299438,20000000001.858994,57.827905844762995,0.0,0.0,0.18444534755210923,0.6446747183799744,0.29897040128707886
344,0.6650415658950806,20000000001.79861,57.876625968281694,0.0,0.0,0.20392885308758837,0.6312494277954102,0.3085995614528656
345,0.6517136096954346,20000000001.835712,57.74651780915056,0.0,0.0,0.20348096147281558,0.6244200468063354,0.31350287795066833
346,0.659391462802887,20000000001.835278,57.301257032065394,0.0,0.0,0.1903096122346025,0.6381363868713379,0.3071294128894806
347,0.6680168509483337,20000000001.810062,57.32865775368879,0.0,0.0,0.1787296752978415,0.6418788433074951,0.29901668429374695
348,0.6507005095481873,20000000001.849407,57.47897600021195,0.0,0.0,0.1738084939105208,0.645273745059967,0.2974429726600647
349,0.6772874593734741,20000000001.825478,57.74479738235813,0.0,0.0,0.18591073316814005,0.6561943292617798,0.2892206013202667
350,0.6647692322731018,20000000001.83973,58.22448068233555,0.0,0.0,0.1905191933321678,0.6403335332870483,0.29192304611206055
351,0.6578704118728638,20000000001.835083,58.04049300801778,0.0,0.0,0.17261043208598806,0.6519768238067627,0.29339978098869324
352,0.6752510666847229,20000000001.842583,58.27656267098222,0.0,0.0,0.19981161003197492,0.6442000865936279,0.2941570580005646
353,0.6782162189483643,20000000001.84344,57.797643973707814,0.0,0.0,0.2061150797410105,0.6463495492935181,0.30158379673957825
354,0.673929750919342,20000000001.82149,57.88604901661519,0.0,0.0,0.21517266329828824,0.6334031224250793,0.30719849467277527
355,0.6791353225708008,20000000001.831276,57.88720356843102,0.0,0.0,0.20208922150092376,0.624640703201294,0.31017646193504333
356,0.6598936319351196,20000000001.808456,57.47909965530425,0.0,0.0,0.20832560753870275,0.6287795305252075,0.31432291865348816
357,0.6763174533843994,20000000001.815464,57.56160872580756,0.0,0.0,0.19630310293380177,0.6396652460098267,0.29948660731315613
358,0.6753177642822266,20000000001.819965,57.58224567422188,0.0,0.0,0.19200473848238583,0.6433384418487549,0.3000517785549164
359,0.654297947883606,20000000001.83119,58.20570980081522,0.0,0.0,0.2076233746617268,0.6472539901733398,0.2952326834201813
360,0.6710704565048218,20000000001.835075,57.85198582040685,0.0,0.0,0.19119827974949188,0.6612610816955566,0.2919471263885498
361,0.6664159297943115,20000000001.836422,57.800698922356744,0.0,0.0,0.18738994624723107,0.658441960811615,0.29559776186943054
362,0.6701871752738953,20000000001.850784,58.07946368423602,0.0,0.0,0.19116497491420056,0.6453773975372314,0.29462191462516785
363,0.6674149036407471,20000000001.84459,57.661416386586644,0.0,0.0,0.20533776620094193,0.6494569778442383,0.3009808659553528
364,0.6665662527084351,20000000001.838387,57.613728493231946,0.0,0.0,0.2266598603968457,0.6417807936668396,0.3112349212169647
365,0.6608148813247681,20000000001.815605,56.97543224643401,0.0,0.0,0.180136286822272,0.6560094952583313,0.30581560730934143
366,0.6643508672714233,20000000001.851948,57.52214932295347,0.0,0.0,0.22080093921006885,0.6405349373817444,0.3044602572917938
367,0.6694930791854858,20000000001.850826,57.29167807627023,0.0,0.0,0.19115514250076845,0.6474846005439758,0.30923062562942505
368,0.6588295102119446,20000000001.847576,57.40924997235537,0.0,0.0,0.19502018586667716,0.6517471671104431,0.2994866371154785
369,0.6743137836456299,20000000001.810154,57.50692160522285,0.0,0.0,0.19683601161868178,0.652430534362793,0.3012743294239044
370,0.6609418392181396,20000000001.841904,57.17025363390967,0.0,0.0,0.18905806287357266,0.6704329252243042,0.2924235165119171
371,0.6658507585525513,20000000001.826527,57.182754759664526,0.0,0.0,0.1974237538404476,0.6629564166069031,0.29871517419815063
372,0.6664305925369263,20000000001.827816,57.07800245122359,0.0,0.0,0.19236440759780055,0.6709809899330139,0.2954009771347046
373,0.6703667044639587,20000000001.84158,57.41630385729703,0.0,0.0,0.20143390502965153,0.6550378203392029,0.30532875657081604
374,0.6675024032592773,20000000001.831326,57.7427441604695,0.0,0.0,0.2250014035689295,0.6396249532699585,0.30848363041877747
375,0.6702075600624084,20000000001.84435,57.47655023747281,0.0,0.0,0.2201560021742739,0.6540706157684326,0.307622492313385
376,0.6513093709945679,20000000001.793587,57.6548114939782,0.0,0.0,0.225533022363295,0.649227499961853,0.3115181624889374
377,0.6572832465171814,20000000001.8435,57.746180849708566,0.0,0.0,0.20254309966381692,0.6441735625267029,0.3000282049179077
378,0.6683371067047119,20000000001.849674,57.7544555061945,0.0,0.0,0.23054698263467177,0.6499024033546448,0.3011215031147003
379,0.6775507926940918,20000000001.874203,57.9346562353427,0.0,0.0,0.2202578210669731,0.6515224575996399,0.2935847043991089
380,0.6665163040161133,20000000001.854733,57.423332208890066,0.0,0.0,0.21333842549481188,0.6603824496269226,0.2973264157772064
381,0.6655447483062744,20000000001.85736,57.42436604128969,0.0,0.0,0.1988646208401118,0.6598396301269531,0.3013855516910553
382,0.6657818555831909,20000000001.833164,57.47067562457699,0.0,0.0,0.2006269099072432,0.6424055695533752,0.3120589852333069
383,0.6629538536071777,20000000001.83105,57.29231201329809,0.0,0.0,0.20435849793440414,0.6460554003715515,0.3117057979106903
384,0.6715786457061768,20000000001.86196,57.517431365398146,0.0,0.0,0.19195643828016495,0.6433801054954529,0.31180906295776367
385,0.6572177410125732,20000000001.800327,57.43618390341279,0.0,0.0,0.2054021866432732,0.6510643362998962,0.3042193651199341
386,0.666121244430542,20000000001.8322,57.08843528572639,0.0,0.0,0.19797357791245782,0.6608624458312988,0.302560418844223
387,0.6666297316551208,20000000001.81239,57.260888340637806,0.0,0.0,0.18936480742271602,0.6628347039222717,0.2974104583263397
388,0.676607608795166,20000000001.808826,57.39502397964764,0.0,0.0,0.19286023446340775,0.6576654314994812,0.3031286299228668
389,0.6765694618225098,20000000001.833527,57.48247278697769,0.0,0.0,0.20803221766139507,0.6532436013221741,0.302768349647522
390,0.6726521253585815,20000000001.852783,57.10178900308284,0.0,0.0,0.20644040290928442,0.6667703986167908,0.30305784940719604
391,0.6660764217376709,20000000001.80073,57.912501095079875,0.0,0.0,0.22166420877930035,0.6363668441772461,0.305851548910141
392,0.6690266728401184,20000000001.818233,57.317733639435886,0.0,0.0,0.2034174933601241,0.6542857885360718,0.3022652566432953
393,0.6672147512435913,20000000001.830486,57.353064489184135,0.0,0.0,0.20721286131886701,0.6584518551826477,0.3047027587890625
394,0.6742709875106812,20000000001.855095,57.684842623173466,0.0,0.0,0.20450636794797536,0.6469005346298218,0.303535521030426
395,0.6820293664932251,20000000001.807446,57.472807563570846,0.0,0.0,0.21488577786355398,0.6519277691841125,0.3045525550842285
396,0.6622477173805237,20000000001.843998,57.312789376065446,0.0,0.0,0.20555553633763118,0.6518579125404358,0.30090081691741943
397,0.6764036417007446,20000000001.841503,57.31696839335751,0.0,0.0,0.20858221547546596,0.6518397927284241,0.30511605739593506
398,0.658288836479187,20000000001.846073,57.27625881214956,0.0,0.0,0.21156395717038814,0.6556363701820374,0.30580592155456543
399,0.6631371974945068,20000000001.827534,57.43473955013086,0.0,0.0,0.20743964864455997,0.649392306804657,0.30311986804008484
400,0.6623964309692383,20000000001.846817,57.502134325992905,0.0,0.0,0.21415904286177836,0.6479074358940125,0.30365002155303955
401,0.6729015707969666,20000000001.807613,57.59870060169838,0.0,0.0,0.21119879533992597,0.6446809768676758,0.3074224889278412
402,0.6592004895210266,20000000001.857014,57.17108772260329,0.0,0.0,0.18495741014639144,0.6578535437583923,0.3042346239089966
403,0.6588926315307617,20000000001.81309,57.03588244473464,0.0,0.0,0.18804370310268928,0.655840277671814,0.30228865146636963
404,0.6583753824234009,20000000001.824203,57.20219856870105,0.0,0.0,0.19178338488581523,0.6492822170257568,0.3066537082195282
405,0.6602442264556885,20000000001.80855,57.47209161765662,0.0,0.0,0.21779522296668896,0.6530253887176514,0.30104711651802063
406,0.6524701714515686,20000000001.851055,57.26033932495723,0.0,0.0,0.2151443586772274,0.6580055356025696,0.3037295937538147
407,0.6573624014854431,20000000001.840923,57.41936485800343,0.0,0.0,0.21498671815088144,0.6556022763252258,0.301753431558609
408,0.6658878326416016,20000000001.79868,57.484561421574384,0.0,0.0,0.22347836743170388,0.6530728936195374,0.3054438829421997
409,0.6691635847091675,20000000001.86153,57.3256145889593,0.0,0.0,0.2137013114126389,0.6568813323974609,0.3038007616996765
410,0.660723090171814,20000000001.796017,57.45697704229301,0.0,0.0,0.2118374160388548,0.6514079570770264,0.30116596817970276
411,0.6635931134223938,20000000001.88081,57.74021401176394,0.0,0.0,0.20061275869612624,0.6409351229667664,0.3054770529270172
412,0.6626116037368774,20000000001.846622,57.3972196596072,0.0,0.0,0.21214859063192626,0.664136528968811,0.29935768246650696
413,0.654952883720398,20000000001.84612,57.40194183603246,0.0,0.0,0.21752763561279978,0.6495254635810852,0.30965399742126465
414,0.6577272415161133,20000000001.825993,57.184098719892745,0.0,0.0,0.20646253234614492,0.6547556519508362,0.30579593777656555
415,0.6653504371643066,20000000001.818657,57.17992410441873,0.0,0.0,0.2085952285552081,0.6523626446723938,0.3010285794734955
416,0.674616813659668,20000000001.84897,57.01516154738289,0.0,0.0,0.21098550636467564,0.6547166109085083,0.30893954634666443
417,0.6546882390975952,20000000001.819515,57.418437654366556,0.0,0.0,0.2131355140708258,0.6527436971664429,0.30259719491004944
418,0.6641228199005127,20000000001.813255,57.4116975664362,0.0,0.0,0.2168926984194686,0.6562427878379822,0.30388936400413513
419,0.6644245982170105,20000000001.834698,57.08707139101438,0.0,0.0,0.20400512290525563,0.659854531288147,0.307177871465683
420,0.6603962182998657,20000000001.85525,57.04389587747543,0.0,0.0,0.20746792286243504,0.6632080078125,0.30658459663391113
421,0.6556000709533691,20000000001.852924,57.18732771588173,0.0,0.0,0.20394958400933189,0.6601054668426514,0.2981598675251007
422,0.6622595191001892,20000000001.837364,57.25744425696968,0.0,0.0,0.22889336496564028,0.6581413149833679,0.3042711317539215
423,0.6684380769729614,20000000001.8196,57.19239230085688,0.0,0.0,0.19848954163951085,0.664412260055542,0.2987118065357208
424,0.6479982137680054,20000000001.862076,57.45486334559655,0.0,0.0,0.20364425975183081,0.6494840979576111,0.3051081597805023
425,0.6503369808197021,20000000001.84284,56.96225440501385,0.0,0.0,0.1966631277525543,0.6586286425590515,0.3098905682563782
426,0.6571484208106995,20000000001.843513,57.25058592098577,0.0,0.0,0.2334868948040705,0.6546156406402588,0.3092586398124695
427,0.6604099273681641,20000000001.83002,56.9778762837287,0.0,0.0,0.20981599725095387,0.6667099595069885,0.3061935305595398
428,0.6696105599403381,20000000001.842613,57.3936517688758,0.0,0.0,0.18958922236386302,0.6562768220901489,0.2993076741695404
429,0.6776262521743774,20000000001.828743,57.45634556926471,0.0,0.0,0.2013199133344254,0.6476889252662659,0.30412372946739197
430,0.6646322011947632,20000000001.856564,57.08624677134463,0.0,0.0,0.18326919589472918,0.661747395992279,0.30091288685798645
431,0.662300705909729,20000000001.86403,56.966738444621384,0.0,0.0,0.18769119036057755,0.6610334515571594,0.3070172965526581
432,0.681220293045044,20000000001.862717,57.18660072592074,0.0,0.0,0.22931195001275576,0.6519417762756348,0.31065574288368225
433,0.6459511518478394,20000000001.81602,57.15134383022406,0.0,0.0,0.22812634667175236,0.6609567999839783,0.30606281757354736
434,0.659063458442688,20000000001.833378,57.79138853359481,0.0,0.0,0.21769417546585534,0.640622079372406,0.30436792969703674
435,0.6692285537719727,20000000001.853825,57.58598212097563,0.0,0.0,0.22333356602827203,0.6595996022224426,0.30432918667793274
436,0.6518867015838623,20000000001.86112,57.24117025331184,0.0,0.0,0.1886807758824778,0.6599636077880859,0.29977723956108093
437,0.6581066846847534,20000000001.83379,57.527646008193216,0.0,0.0,0.21389840114960332,0.6489869952201843,0.30423155426979065
438,0.6538964509963989,20000000001.87711,57.665782375100136,0.0,0.0,0.2335877565027588,0.6542249321937561,0.3040512204170227
439,0.6713148951530457,20000000001.84064,57.78385859316509,0.0,0.0,0.21688965217015402,0.6412066221237183,0.30788418650627136
440,0.6553401947021484,20000000001.832817,57.47292439744125,0.0,0.0,0.22029845598321426,0.6587295532226562,0.30303269624710083
441,0.6622167229652405,20000000001.8384,57.0447405979217,0.0,0.0,0.17759709829312056,0.6630497574806213,0.3022225499153137
442,0.670121431350708,20000000001.840866,57.11605079228561,0.0,0.0,0.19909155135677342,0.6648463010787964,0.3050583302974701
443,0.6565558910369873,20000000001.83432,57.604755589867835,0.0,0.0,0.2348594538590441,0.641884446144104,0.31133338809013367
444,0.66668301820755,20000000001.840904,57.33082782831693,0.0,0.0,0.22176897862126096,0.6491196155548096,0.3065478503704071
445,0.6567834615707397,20000000001.866283,57.202032776294025,0.0,0.0,0.20439432757842185,0.657473087310791,0.3103295862674713
446,0.6528590321540833,20000000001.878643,57.242121558251895,0.0,0.0,0.18507420786640766,0.6500163674354553,0.3049907386302948
447,0.6490519642829895,20000000001.886787,57.21012591346917,0.0,0.0,0.18484361848217182,0.6596580147743225,0.30258485674858093
448,0.6542195677757263,20000000001.86699,57.0585898083941,0.0,0.0,0.18172493060272385,0.6658493280410767,0.3003329634666443
449,0.6560786962509155,20000000001.873734,57.09483346955459,0.0,0.0,0.19713744674627273,0.6619333624839783,0.30620163679122925
450,0.660792350769043,20000000001.848274,57.30051556713639,0.0,0.0,0.19628874909976624,0.6587806344032288,0.30066704750061035
451,0.668793797492981,20000000001.862667,57.418364730459515,0.0,0.0,0.20409265260452747,0.6574268341064453,0.3006167411804199
452,0.6667635440826416,20000000001.830307,57.49707915786577,0.0,0.0,0.19557526206514944,0.6584985852241516,0.2973495125770569
453,0.6618505120277405,20000000001.86289,57.350517720276564,0.0,0.0,0.19883682705249522,0.6575671434402466,0.3032158315181732
454,0.6458051204681396,20000000001.7959,57.76191174904205,0.0,0.0,0.22166378814028526,0.6463732123374939,0.30161648988723755
455,0.6623468399047852,20000000001.86237,57.408700911591765,0.0,0.0,0.1936388679372238,0.6521359086036682,0.30213773250579834
456,0.667959451675415,20000000001.84535,57.412558496359345,0.0,0.0,0.20124902481937648,0.6550975441932678,0.3020516037940979
457,0.6594213843345642,20000000001.84817,57.475289288549405,0.0,0.0,0.2084960090305525,0.6504122018814087,0.3035868704319
458,0.649154543876648,20000000001.799126,57.20189244836954,0.0,0.0,0.2104374325485693,0.6618547439575195,0.30477264523506165
459,0.6598014831542969,20000000001.871216,57.72644109624731,0.0,0.0,0.19380222895410068,0.6432971954345703,0.30215173959732056
460,0.6628158092498779,20000000001.877148,57.57891135850856,0.0,0.0,0.20735840274228817,0.6539208889007568,0.3030785620212555
461,0.6584732532501221,20000000001.83204,57.67253760456274,0.0,0.0,0.20997763977721853,0.6478153467178345,0.3012886643409729
462,0.6743072867393494,20000000001.845463,57.587316748712624,0.0,0.0,0.21830131275420564,0.6480510830879211,0.30647727847099304
463,0.6567304730415344,20000000001.84176,57.65291799171822,0.0,0.0,0.19597247005748472,0.648399293422699,0.29565396904945374
464,0.6728077530860901,20000000001.8581,57.802592642773355,0.0,0.0,0.2104312653606601,0.6437212824821472,0.2978850305080414
465,0.671664297580719,20000000001.85505,57.72388476715905,0.0,0.0,0.22432405482024045,0.6461422443389893,0.30080628395080566
466,0.6761000156402588,20000000001.815247,57.68987659685679,0.0,0.0,0.20911150420336574,0.6470175981521606,0.3004550635814667
467,0.6498047113418579,20000000001.8813,57.165055721813175,0.0,0.0,0.18035363427607226,0.6591606140136719,0.3012644350528717
468,0.6522824764251709,20000000001.83615,57.46066423475993,0.0,0.0,0.1994379014033121,0.650390625,0.30379074811935425
469,0.6575167179107666,20000000001.85306,57.414334113424175,0.0,0.0,0.1962078134585528,0.654756486415863,0.3018527328968048
470,0.6596406698226929,20000000001.84284,57.645830515652634,0.0,0.0,0.20300909147985674,0.6400757431983948,0.30128949880599976
471,0.6501572728157043,20000000001.865467,57.07840151994814,0.0,0.0,0.1850267653913205,0.6595876812934875,0.3007008731365204
472,0.6494120955467224,20000000001.858765,57.49006381705065,0.0,0.0,0.20975482090751757,0.6487933397293091,0.29982390999794006
473,0.6561164855957031,20000000001.8885,57.32166965103582,0.0,0.0,0.20170109225631763,0.6630610227584839,0.30125173926353455
474,0.660899817943573,20000000001.84089,57.57239414921523,0.0,0.0,0.2067058702595276,0.652289628982544,0.3021582365036011
475,0.6643491983413696,20000000001.85688,57.356013655410976,0.0,0.0,0.2064911320273134,0.6519448757171631,0.30525994300842285
476,0.6547766923904419,20000000001.883846,57.36833664706991,0.0,0.0,0.21348736644249125,0.6514478325843811,0.30567651987075806
477,0.6625617742538452,20000000001.833126,57.38296063554478,0.0,0.0,0.20486277617233814,0.6549853086471558,0.305727481842041
478,0.6554079651832581,20000000001.879833,57.492048209227704,0.0,0.0,0.19791400038277904,0.6469542980194092,0.3086024820804596
479,0.6627609729766846,20000000001.845596,57.315791172434174,0.0,0.0,0.2078402250991681,0.6626468300819397,0.29863572120666504
480,0.6505492329597473,20000000001.85911,57.41717042945579,0.0,0.0,0.20451450560436227,0.65582674741745,0.2980823814868927
481,0.663168728351593,20000000001.818954,57.68118345872428,0.0,0.0,0.22071883707044976,0.6514899730682373,0.29374733567237854
482,0.6405465602874756,20000000001.870388,57.37532501752551,0.0,0.0,0.1975860790059489,0.6629445552825928,0.29354241490364075
483,0.6499227285385132,20000000001.85464,57.13292456576955,0.0,0.0,0.20332984200177154,0.6655365228652954,0.30643361806869507
484,0.6616991758346558,20000000001.85005,57.38321165730312,0.0,0.0,0.18731757564528492,0.6577075123786926,0.30045968294143677
485,0.6537224054336548,20000000001.827995,57.97422261396726,0.0,0.0,0.2337327939464866,0.6399976015090942,0.30160561203956604
486,0.6555722951889038,20000000001.87092,57.68230608316631,0.0,0.0,0.22505527939390074,0.6390517950057983,0.30687767267227173
487,0.6499032974243164,20000000001.85202,57.627235503609704,0.0,0.0,0.21617341146222577,0.6452316045761108,0.3029431402683258
488,0.653363049030304,20000000001.879524,57.39031980610412,0.0,0.0,0.20098938572939717,0.6473918557167053,0.2996637225151062
489,0.6464536786079407,20000000001.870888,57.21843067030181,0.0,0.0,0.18861007031932045,0.6539059281349182,0.30326399207115173
490,0.6506228446960449,20000000001.82433,57.692656709724595,0.0,0.0,0.19960253932348343,0.6505733132362366,0.2949352562427521
491,0.6606220006942749,20000000001.88803,57.368537403302284,0.0,0.0,0.1872775474719175,0.6543983817100525,0.3015603721141815
492,0.6506683826446533,20000000001.882427,57.16706717724475,0.0,0.0,0.19116612501547497,0.6618857383728027,0.29862284660339355
493,0.649876594543457,20000000001.848076,57.469144297223544,0.0,0.0,0.22310385576275354,0.6548046469688416,0.3025502860546112
494,0.6619777083396912,20000000001.866882,57.661264814158585,0.0,0.0,0.21656499798305373,0.6413111090660095,0.30286914110183716
495,0.6650559306144714,20000000001.86502,57.46767123640317,0.0,0.0,0.22649504481049648,0.6526474356651306,0.3039414584636688
496,0.6572952270507812,20000000001.81762,57.71549138254842,0.0,0.0,0.20758384996896848,0.6345848441123962,0.30577126145362854
497,0.6499390006065369,20000000001.811058,56.9284365652215,0.0,0.0,0.1979393216508731,0.6605642437934875,0.3062950670719147
498,0.6562702655792236,20000000001.85318,57.127756772729896,0.0,0.0,0.21269354835745602,0.6586405634880066,0.3008710741996765
499,0.64295893907547,20000000001.878532,57.19834066178847,0.0,0.0,0.19141817040557282,0.6543451547622681,0.2991461753845215
500,0.6572215557098389,20000000001.885185,57.31894895566016,0.0,0.0,0.19961055795562066,0.6516981720924377,0.3028850555419922
501,0.6451740264892578,20000000001.843254,56.83671162183549,0.0,0.0,0.1986844688709535,0.6646050214767456,0.3091144263744354
502,0.6585184335708618,20000000001.817924,57.11903382881245,0.0,0.0,0.2013210707872395,0.6568365693092346,0.30308884382247925
503,0.6467210054397583,20000000001.865788,57.05083924425453,0.0,0.0,0.19559506899078014,0.6545343995094299,0.3014862537384033
504,0.6605212688446045,20000000001.86075,56.88139865216667,0.0,0.0,0.20614469576620262,0.6665910482406616,0.30089297890663147
505,0.6594036221504211,20000000001.903004,57.150507643913095,0.0,0.0,0.21169348887504066,0.6658710241317749,0.29514920711517334
506,0.6491817235946655,20000000001.83471,57.17745977259301,0.0,0.0,0.19615990649968107,0.6589452028274536,0.30246230959892273
507,0.6532624363899231,20000000001.861546,57.08651328731168,0.0,0.0,0.17772794705752354,0.6640312671661377,0.29780420660972595
508,0.6523188352584839,20000000001.834393,57.36241358214124,0.0,0.0,0.201197406359261,0.6584538817405701,0.3010064363479614
509,0.6539836525917053,20000000001.8853,57.382099073424655,0.0,0.0,0.2066378217089986,0.6575254797935486,0.3030388057231903
510,0.654962956905365,20000000001.84982,57.53779575796533,0.0,0.0,0.2159860803597517,0.6516041159629822,0.3039052486419678
511,0.642544150352478,20000000001.891666,57.54973086855159,0.0,0.0,0.21552555145620614,0.6498710513114929,0.3043016791343689
512,0.6559730768203735,20000000001.844498,57.475789863810625,0.0,0.0,0.21510254784980942,0.6543254852294922,0.30085790157318115
513,0.6506050229072571,20000000001.847904,57.82489725652765,0.0,0.0,0.2076076560184217,0.6426706314086914,0.2985190749168396
514,0.6579083204269409,20000000001.846985,57.16218896029491,0.0,0.0,0.1886006813938484,0.6637409329414368,0.29723891615867615
515,0.6563589572906494,20000000001.89984,57.676579175693426,0.0,0.0,0.2282013589825368,0.6505508422851562,0.2979806363582611
516,0.6576544046401978,20000000001.89877,57.62338062541272,0.0,0.0,0.2047133228479118,0.6489947438240051,0.29785656929016113
517,0.6340161561965942,20000000001.85837,57.37366946693251,0.0,0.0,0.20955471139632983,0.6629699468612671,0.2976025640964508
518,0.6437633037567139,20000000001.870995,57.815558532877596,0.0,0.0,0.22519286848237496,0.6453711986541748,0.3013371229171753
519,0.651852548122406,20000000001.849777,57.6952771455462,0.0,0.0,0.20698260491894208,0.6358333230018616,0.3095509111881256
520,0.6451336145401001,20000000001.84452,57.1732983532507,0.0,0.0,0.18482434237942813,0.6494428515434265,0.3053355813026428
521,0.6413557529449463,20000000001.85141,57.193649266768986,0.0,0.0,0.19922865998007064,0.653059720993042,0.3059566020965576
522,0.6525850296020508,20000000001.854996,57.227759551110395,0.0,0.0,0.2074336275938183,0.6525852084159851,0.3072824776172638
523,0.6559118628501892,20000000001.897133,57.20819177571451,0.0,0.0,0.21182054905212766,0.6538177132606506,0.3038635849952698
524,0.6609139442443848,20000000001.84042,57.10911208222714,0.0,0.0,0.20664428688484285,0.662306010723114,0.30118781328201294
525,0.6570377349853516,20000000001.883698,57.274958632289085,0.0,0.0,0.2161660905325138,0.6581372618675232,0.29845067858695984
526,0.638650119304657,20000000001.863224,57.150483729058294,0.0,0.0,0.21512492880273332,0.663832426071167,0.300133615732193
527,0.6484979391098022,20000000001.841316,57.089836052776796,0.0,0.0,0.2005345538138346,0.6568289399147034,0.3012043535709381
528,0.6428846120834351,20000000001.8521,57.251822861878,0.0,0.0,0.21894753651148577,0.6605258584022522,0.3008491098880768
529,0.6536401510238647,20000000001.8765,57.16722601321604,0.0,0.0,0.19900161601246927,0.6556720733642578,0.3000307083129883
530,0.6469285488128662,20000000001.93244,57.25287322640722,0.0,0.0,0.1966095821796069,0.655409574508667,0.3045622706413269
531,0.6270566582679749,20000000001.838135,56.98583946860969,0.0,0.0,0.18016375591176084,0.6671946048736572,0.2988993525505066
532,0.6516550183296204,20000000001.86403,57.73009175505436,0.0,0.0,0.21012320613146593,0.6413593292236328,0.29751482605934143
533,0.6461237668991089,20000000001.93441,57.31816509972025,0.0,0.0,0.19758007092170887,0.6566398739814758,0.30475708842277527
534,0.6481515765190125,20000000001.864445,57.46831513992366,0.0,0.0,0.20751138068778863,0.6522919535636902,0.29971256852149963
535,0.6556496024131775,20000000001.86374,57.12273824464493,0.0,0.0,0.1930538958469521,0.6586086750030518,0.30228284001350403
536,0.6426395177841187,20000000001.923172,57.63523134273024,0.0,0.0,0.2095881749696501,0.6450072526931763,0.2985195517539978
537,0.6564841270446777,20000000001.89627,57.83798932179307,0.0,0.0,0.22132275270139795,0.648308515548706,0.29523617029190063
538,0.6585696935653687,20000000001.873936,57.761443390212364,0.0,0.0,0.22619224502482077,0.6380584239959717,0.30030831694602966
539,0.6455317735671997,20000000001.872047,57.548608265684344,0.0,0.0,0.22079376191577965,0.6463703513145447,0.29896295070648193
540,0.6594448089599609,20000000001.87835,57.87541846517675,0.0,0.0,0.23540201033946193,0.6409657001495361,0.30554038286209106
541,0.6501524448394775,20000000001.866684,57.46533864209057,0.0,0.0,0.20273404797116484,0.6516780853271484,0.2977001368999481
542,0.6522164940834045,20000000001.881508,57.43593351336362,0.0,0.0,0.20203603263996617,0.6445316672325134,0.30204683542251587
543,0.6517095565795898,20000000001.86885,57.62308700528203,0.0,0.0,0.20775730489511152,0.6496936678886414,0.29609864950180054
544,0.6606758832931519,20000000001.861412,57.55475141262254,0.0,0.0,0.20192325803662198,0.645689070224762,0.3000185489654541
545,0.6275279521942139,20000000001.9788,57.55602089410786,0.0,0.0,0.200801470167674,0.6416800022125244,0.29969096183776855
546,0.6417862176895142,20000000001.87377,57.25879777211686,0.0,0.0,0.19306181751722892,0.6604307293891907,0.2960146963596344
547,0.659403383731842,20000000001.86818,57.43168107650234,0.0,0.0,0.20050305029482698,0.6603381037712097,0.30005529522895813
548,0.6378712058067322,20000000001.910587,57.950348697285044,0.0,0.0,0.2126122030657462,0.6412645578384399,0.3045040965080261
549,0.6526060104370117,20000000001.841347,57.97323703777435,0.0,0.0,0.2237590838962257,0.6373518705368042,0.3003315031528473
550,0.652856707572937,20000000001.876434,57.38739322610992,0.0,0.0,0.2223881801207732,0.6568207740783691,0.2993312180042267
551,0.6468619704246521,20000000001.85286,57.2060251369658,0.0,0.0,0.19818436757608793,0.6537083983421326,0.2999644875526428
552,0.647968053817749,20000000001.8874,57.52262810534391,0.0,0.0,0.19753390476021512,0.6512813568115234,0.2993190586566925
553,0.6551788449287415,20000000001.9068,57.88295053163557,0.0,0.0,0.20485327181735016,0.6496446132659912,0.28958067297935486
554,0.6427921056747437,20000000001.85566,57.27178226349591,0.0,0.0,0.18881999050364282,0.6597141623497009,0.29720067977905273
555,0.6551704406738281,20000000001.883236,57.922945328201145,0.0,0.0,0.19792727707111765,0.645695686340332,0.29314279556274414
556,0.6469799876213074,20000000001.83707,57.20653606815144,0.0,0.0,0.18899192847853585,0.6644399166107178,0.296603262424469
557,0.6548495292663574,20000000001.86258,57.49193038291869,0.0,0.0,0.20516085955785693,0.6524620056152344,0.3019935190677643
558,0.6396841406822205,20000000001.847477,57.354304158287945,0.0,0.0,0.18093124393652998,0.6506551504135132,0.297675758600235
559,0.6449448466300964,20000000001.853664,57.45430344584942,0.0,0.0,0.19294672507307092,0.646262526512146,0.2997282147407532
560,0.6578152179718018,20000000001.889748,57.47411395183411,0.0,0.0,0.2142863540458031,0.6521975994110107,0.3009480834007263
561,0.6551110744476318,20000000001.896935,57.622319560813374,0.0,0.0,0.21132701203308094,0.6462831497192383,0.2997225224971771
562,0.641850471496582,20000000001.85759,57.259158489639226,0.0,0.0,0.19943865503453026,0.6553192138671875,0.3007434904575348
563,0.6351538300514221,20000000001.950886,57.84945546516661,0.0,0.0,0.21849427266654345,0.6441131234169006,0.29531651735305786
564,0.6426115036010742,20000000001.845875,57.48496070547303,0.0,0.0,0.20571363481462268,0.6557291746139526,0.30418139696121216
565,0.632264256477356,20000000001.95287,57.61824796064959,0.0,0.0,0.18657494043569617,0.6475801467895508,0.3022088408470154
566,0.6353701949119568,20000000001.877903,57.62979650561068,0.0,0.0,0.19082043384905906,0.6438112258911133,0.30129846930503845
567,0.6433751583099365,20000000001.93991,57.44004797816457,0.0,0.0,0.19335567748737806,0.6560297012329102,0.29585468769073486
568,0.6508911848068237,20000000001.8771,57.46127408353311,0.0,0.0,0.17163475227933295,0.6501112580299377,0.29609259963035583
569,0.6438877582550049,20000000001.86273,57.4841257370846,0.0,0.0,0.2013074776222247,0.656043529510498,0.2995963990688324
570,0.6430293917655945,20000000001.879154,57.501455786726666,0.0,0.0,0.21816742780180637,0.6557131409645081,0.3023379445075989
571,0.6530061364173889,20000000001.898483,57.50039475907067,0.0,0.0,0.18751896368411217,0.6486859321594238,0.2968045771121979
572,0.6451078653335571,20000000001.940838,57.091878023793356,0.0,0.0,0.19477822605598152,0.6574439406394958,0.3047654926776886
573,0.6260433793067932,20000000001.938225,57.124699691733056,0.0,0.0,0.2125645606459012,0.6583025455474854,0.301023930311203
574,0.6290376782417297,20000000001.92853,57.765281506821054,0.0,0.0,0.23429102287690703,0.6320255398750305,0.30188754200935364
575,0.6347933411598206,20000000001.921185,57.44275612208753,0.0,0.0,0.2213267810026145,0.6567481756210327,0.3032911717891693
576,0.6345683932304382,20000000001.917313,57.89973532797255,0.0,0.0,0.2158747623365599,0.644441545009613,0.2991963028907776
577,0.6324923038482666,20000000001.905544,57.78590610658058,0.0,0.0,0.22712692447458238,0.6545674800872803,0.2990467846393585
578,0.6266448497772217,20000000001.916595,57.784693523307986,0.0,0.0,0.20294124544235367,0.6423851251602173,0.3000020682811737
579,0.6378276944160461,20000000001.901794,57.30879025949919,0.0,0.0,0.18539947116811037,0.6601504683494568,0.303152859210968
580,0.6348440051078796,20000000001.860672,57.32412487963367,0.0,0.0,0.1844888267074963,0.6463817954063416,0.30582359433174133
581,0.6556433439254761,20000000001.941875,57.38373170321245,0.0,0.0,0.17969029320463153,0.6498270630836487,0.3024962544441223
582,0.6441434621810913,20000000001.926037,57.00517958473964,0.0,0.0,0.1882103668598872,0.6612008810043335,0.3073526918888092
583,0.6274387836456299,20000000001.920414,57.02935879563464,0.0,0.0,0.18830370275986685,0.6581669449806213,0.29976096749305725
584,0.6319965124130249,20000000001.85375,57.039974048070675,0.0,0.0,0.16575704178968645,0.6641398072242737,0.2947821021080017
585,0.6233036518096924,20000000001.963898,57.29934558962275,0.0,0.0,0.18749718382359262,0.6601278781890869,0.2948930263519287
586,0.649315595626831,20000000001.87844,57.116630007022344,0.0,0.0,0.1809733431949134,0.66341233253479,0.2989054024219513
587,0.6311672925949097,20000000001.843037,57.46896996113412,0.0,0.0,0.19452272457983397,0.6556004881858826,0.29784339666366577
588,0.6264009475708008,20000000001.953156,57.31841049277098,0.0,0.0,0.18897858527588565,0.6530504822731018,0.30118435621261597
589,0.649570882320404,20000000001.896675,57.127704618577646,0.0,0.0,0.19593787722328454,0.6606477499008179,0.2971676290035248
590,0.6449906826019287,20000000001.87999,57.01440345269964,0.0,0.0,0.18505329750812138,0.6603245735168457,0.3001857399940491
591,0.6359734535217285,20000000001.888832,57.24583591136796,0.0,0.0,0.1865563625665352,0.6516491770744324,0.29947778582572937
592,0.6531603932380676,20000000001.935776,57.42778132227483,0.0,0.0,0.20204104672777468,0.6540567874908447,0.297716349363327
593,0.6524884700775146,20000000001.87195,57.64593640659268,0.0,0.0,0.2107354418003351,0.6462710499763489,0.29526472091674805
594,0.6393665671348572,20000000001.92364,57.80362735617646,0.0,0.0,0.21300365099429897,0.6499971747398376,0.2957826256752014
595,0.6476860046386719,20000000001.873352,57.628364870937155,0.0,0.0,0.20096875450555332,0.6577663421630859,0.2980039715766907
596,0.662254810333252,20000000001.96111,57.8739707446508,0.0,0.0,0.21039672593738046,0.6528944373130798,0.2929103672504425
597,0.6327781677246094,20000000001.89391,58.02828754489862,0.0,0.0,0.2198504056490053,0.6332650780677795,0.3033789098262787
598,0.6319352388381958,20000000001.907093,57.58641969195006,0.0,0.0,0.2069524880441365,0.646540641784668,0.30116719007492065
599,0.6381253004074097,20000000001.906006,57.383414270733844,0.0,0.0,0.1921770881185943,0.6511134505271912,0.30322983860969543
600,0.6271144151687622,20000000001.892765,57.81047327471712,0.0,0.0,0.2081817896730825,0.6365314722061157,0.3014147877693176
601,0.637270987033844,20000000001.905586,57.6319391239245,0.0,0.0,0.23094620214689043,0.6497336030006409,0.3015387952327728
602,0.6414139866828918,20000000001.958805,57.76399714862961,0.0,0.0,0.2462681131305758,0.6475085616111755,0.2971014082431793
603,0.6370075941085815,20000000001.900375,57.75931697057638,0.0,0.0,0.24401205828747108,0.6449260711669922,0.30102455615997314
604,0.6207549571990967,20000000001.92487,57.48794429552639,0.0,0.0,0.2172962782278975,0.6569433808326721,0.29618775844573975
605,0.6320854425430298,20000000001.91784,57.74760448971385,0.0,0.0,0.21687190043791058,0.6452243328094482,0.29490745067596436
606,0.6399151086807251,20000000001.872097,57.453871865170555,0.0,0.0,0.2135206300977063,0.6489546298980713,0.2994304895401001
607,0.6394953727722168,20000000001.916294,57.54759649028749,0.0,0.0,0.204930607902055,0.6435911059379578,0.3022235333919525
608,0.6572917699813843,20000000001.935734,57.57105979067957,0.0,0.0,0.20880501896611775,0.6437268853187561,0.2992944121360779
609,0.6421825885772705,20000000001.913345,57.21241669606759,0.0,0.0,0.2047919210716464,0.6598766446113586,0.29856088757514954
610,0.6465109586715698,20000000001.92409,57.16738096219122,0.0,0.0,0.1967666185938283,0.6599069833755493,0.2977408766746521
611,0.6415055990219116,20000000001.894497,57.3122678195328,0.0,0.0,0.18282278682822714,0.6579679846763611,0.2989632785320282
612,0.6426117420196533,20000000001.89784,56.87055543091216,0.0,0.0,0.1637956955111857,0.6762999892234802,0.29324501752853394
613,0.6403113603591919,20000000001.92565,56.92183044145616,0.0,0.0,0.17829906132130874,0.6718544960021973,0.2955746352672577
614,0.6426182389259338,20000000001.87565,56.74571731673566,0.0,0.0,0.16862711200856284,0.6728188991546631,0.29959172010421753
615,0.638447642326355,20000000001.904644,57.24204950292072,0.0,0.0,0.1969568562066465,0.6523451209068298,0.2960813343524933
616,0.613054096698761,20000000001.912727,57.06334141214247,0.0,0.0,0.190279275703614,0.6599594950675964,0.2999846935272217
617,0.6434845328330994,20000000001.89349,57.05739312351616,0.0,0.0,0.18866223145711777,0.663608968257904,0.30035534501075745
618,0.6571551561355591,20000000001.923626,57.09291105332827,0.0,0.0,0.18202215703655653,0.6600227952003479,0.29799070954322815
619,0.648823618888855,20000000001.920708,57.259953543551255,0.0,0.0,0.21536967395957426,0.6577885150909424,0.30331340432167053
620,0.6382772326469421,20000000001.970848,57.27820118303618,0.0,0.0,0.20064781676641788,0.6555612683296204,0.3021720349788666
621,0.6445752382278442,20000000001.89091,57.329173478399056,0.0,0.0,0.18549619452203747,0.6507111191749573,0.29683977365493774
622,0.6360669136047363,20000000001.908768,57.075073644848715,0.0,0.0,0.19390674990070136,0.6542888879776001,0.30089059472084045
623,0.653947114944458,20000000001.930443,57.312501387069375,0.0,0.0,0.21443736319971585,0.6453058123588562,0.3045980632305145
624,0.6338531970977783,20000000001.93205,57.32345416775563,0.0,0.0,0.20739549506385319,0.6579082012176514,0.2984423041343689
625,0.631640613079071,20000000001.9803,57.04817545951387,0.0,0.0,0.19349186594830656,0.6584639549255371,0.30559712648391724
626,0.6236276030540466,20000000002.052742,57.600874741055904,0.0,0.0,0.2103568209953458,0.648763120174408,0.3016117513179779
627,0.6366258859634399,20000000001.94329,57.54194984562775,0.0,0.0,0.21696430820355156,0.6552765965461731,0.29538196325302124
628,0.6361684799194336,20000000001.94346,57.456249135806154,0.0,0.0,0.18570314196822402,0.6562259197235107,0.2951396405696869
629,0.6117680072784424,20000000001.931725,57.62147224169679,0.0,0.0,0.21119305280266776,0.6544186472892761,0.29623159766197205
630,0.643120527267456,20000000001.91969,57.23664931165212,0.0,0.0,0.1914152957345253,0.6598070859909058,0.2985423505306244
631,0.6323814392089844,20000000001.921677,57.57837564888695,0.0,0.0,0.21919000900144758,0.6501860022544861,0.3021627962589264
632,0.630037784576416,20000000001.930786,57.51036136788123,0.0,0.0,0.19768173616611223,0.6601227521896362,0.2940085232257843
633,0.620940089225769,20000000001.92541,58.01788350539957,0.0,0.0,0.23415298688193767,0.6437549591064453,0.2957153022289276
634,0.6386208534240723,20000000001.88242,57.43652412013324,0.0,0.0,0.20414779761725196,0.6604923009872437,0.3005824685096741
635,0.6437075138092041,20000000001.965057,57.63048067479768,0.0,0.0,0.19789719992132587,0.6464732885360718,0.2973432242870331
636,0.6245591044425964,20000000001.883247,57.801738481525604,0.0,0.0,0.21346063315918504,0.6460288763046265,0.2994576096534729
637,0.6366040706634521,20000000001.970165,57.54137741183048,0.0,0.0,0.2144732396327918,0.6549184918403625,0.2963855564594269
638,0.6391093730926514,20000000001.926567,57.356951540641134,0.0,0.0,0.21926477403029776,0.6609907150268555,0.2977074980735779
639,0.6560550928115845,20000000001.91126,57.67848238329958,0.0,0.0,0.19695305559313628,0.6526598334312439,0.29628393054008484
640,0.6280339956283569,20000000001.906895,57.57379949005929,0.0,0.0,0.1864456720919796,0.6621469259262085,0.2904781401157379
641,0.63633131980896,20000000001.92935,57.588858341538625,0.0,0.0,0.23467193862091817,0.6557257175445557,0.2978895306587219
642,0.6513988971710205,20000000001.891285,57.62742697751125,0.0,0.0,0.22579800260989633,0.6499671339988708,0.29935187101364136
643,0.6369943022727966,20000000001.95203,57.811133686857495,0.0,0.0,0.24525751798242063,0.6509989500045776,0.29752105474472046
644,0.6391812562942505,20000000001.91729,58.042988543317584,0.0,0.0,0.23185806225222225,0.6433357000350952,0.2960241138935089
645,0.6088914275169373,20000000001.9682,57.41281911761178,0.0,0.0,0.22654994430163622,0.6526584625244141,0.3026471436023712
646,0.6325134038925171,20000000001.911175,57.65713842879211,0.0,0.0,0.21121134675399816,0.6484621167182922,0.2958275079727173
647,0.6288900375366211,20000000001.949627,58.04444699212852,0.0,0.0,0.2313475980348739,0.6441577672958374,0.2996518015861511
648,0.6404467821121216,20000000001.915966,57.93129609273804,0.0,0.0,0.23973508399838359,0.6459468007087708,0.2981325685977936
649,0.6447135210037231,20000000001.865932,57.341155318543066,0.0,0.0,0.19694251959970258,0.6626953482627869,0.29925617575645447
650,0.6447753310203552,20000000001.928215,57.28713477491108,0.0,0.0,0.19002857370007548,0.6584486365318298,0.30476343631744385
651,0.6332818269729614,20000000002.05761,57.69904799902747,0.0,0.0,0.24376614546646255,0.6411414742469788,0.3019773066043854
652,0.6251626014709473,20000000001.92233,56.904157998046,0.0,0.0,0.2032300175522379,0.6624765992164612,0.30290669202804565
653,0.6448717713356018,20000000001.929207,57.36216610169559,0.0,0.0,0.21398614142155853,0.6486029028892517,0.30212944746017456
654,0.6208920478820801,20000000001.9278,57.177332818606736,0.0,0.0,0.22062690610037697,0.6634534597396851,0.3006584346294403
655,0.6233309507369995,20000000001.920425,57.309964542726554,0.0,0.0,0.2116383983024273,0.6536317467689514,0.29646724462509155
656,0.6239231824874878,20000000001.948685,57.65544091607444,0.0,0.0,0.2269719611368553,0.6521106958389282,0.29887041449546814
657,0.6297078728675842,20000000001.917397,57.10193217654323,0.0,0.0,0.2116956722612593,0.672555685043335,0.2946949005126953
658,0.6294055581092834,20000000001.962906,57.167457010865164,0.0,0.0,0.21319632306318972,0.6602187752723694,0.3002408742904663
659,0.6266549825668335,20000000001.92082,57.39554560057861,0.0,0.0,0.21985192228644235,0.6557932496070862,0.29387611150741577
660,0.6246038675308228,20000000001.96665,57.210916742282535,0.0,0.0,0.2011319526716751,0.6599992513656616,0.30018100142478943
661,0.6027810573577881,20000000001.918724,57.63215299429896,0.0,0.0,0.22497225619292835,0.64227294921875,0.29931649565696716
662,0.6360267400741577,20000000001.943516,57.31894702511403,0.0,0.0,0.2020561948346668,0.6563135385513306,0.29604578018188477
663,0.6263580918312073,20000000001.94769,57.592585166713334,0.0,0.0,0.22171234200413048,0.6460797786712646,0.3022996485233307
664,0.6234904527664185,20000000001.957077,57.18874100045204,0.0,0.0,0.1951855111080628,0.6582569479942322,0.3029133677482605
665,0.6277668476104736,20000000001.962036,57.389875333072894,0.0,0.0,0.21748883145649514,0.6561586856842041,0.29685959219932556
666,0.6277353167533875,20000000001.97367,57.64849369299036,0.0,0.0,0.2204466618682753,0.6422467827796936,0.30123937129974365
667,0.6391077041625977,20000000001.95005,57.605795524041476,0.0,0.0,0.21073689348829408,0.6551709771156311,0.2953307628631592
668,0.6335337162017822,20000000001.944187,57.490941962269886,0.0,0.0,0.23064896923250708,0.6520366072654724,0.29613369703292847
669,0.6418828368186951,20000000001.94052,57.61011726840639,0.0,0.0,0.2486436548932369,0.6474370360374451,0.3055587112903595
670,0.6267099976539612,20000000001.95527,57.33500783647902,0.0,0.0,0.19860247214367954,0.6476953029632568,0.300690621137619
671,0.622913658618927,20000000001.932648,57.118713863645105,0.0,0.0,0.20736053178513253,0.6588528156280518,0.3031129539012909
672,0.6264861822128296,20000000001.936447,57.530458949619685,0.0,0.0,0.21295929251567236,0.6482824683189392,0.3053540885448456
673,0.624968409538269,20000000001.909966,57.734820700941526,0.0,0.0,0.21372431411927567,0.647884726524353,0.2976687252521515
674,0.6295530796051025,20000000001.967545,57.21951120120304,0.0,0.0,0.20013504525346987,0.664315402507782,0.3009696900844574
675,0.622860312461853,20000000001.942753,57.479838446128085,0.0,0.0,0.20397359845710203,0.6526602506637573,0.29940348863601685
676,0.6197938919067383,20000000001.9224,57.37961058343669,0.0,0.0,0.20141855978326131,0.6542655825614929,0.29499420523643494
677,0.6297750473022461,20000000001.937332,57.045101793501246,0.0,0.0,0.20362346045091861,0.667921245098114,0.2958899140357971
678,0.6345638036727905,20000000001.94274,57.4067954332765,0.0,0.0,0.1932136093826542,0.6592376232147217,0.29302576184272766
679,0.6270048022270203,20000000001.943993,57.187817272070035,0.0,0.0,0.19257381243671542,0.6593692898750305,0.2992122769355774
680,0.6251447200775146,20000000001.95776,57.53916333729935,0.0,0.0,0.22383802249565832,0.6461839079856873,0.3009237051010132
681,0.6141911745071411,20000000001.975708,57.18342454470672,0.0,0.0,0.1921050415345354,0.6604395508766174,0.2980778217315674
682,0.6236557364463806,20000000001.939552,57.16581308323494,0.0,0.0,0.19068966929828748,0.6596335172653198,0.3033892512321472
683,0.6201167702674866,20000000001.945534,57.396561347879576,0.0,0.0,0.18956345187589974,0.6535655856132507,0.2941131889820099
684,0.6440024375915527,20000000001.95963,57.32522220572466,0.0,0.0,0.20681666130477325,0.6575905084609985,0.2975442707538605
685,0.6226736307144165,20000000001.971,57.348070526168755,0.0,0.0,0.1845855854891204,0.6576120853424072,0.2936052680015564
686,0.607032060623169,20000000002.03476,57.50928008304595,0.0,0.0,0.20928538755930007,0.6455751657485962,0.30021822452545166
687,0.6225844621658325,20000000001.94651,56.88831266312394,0.0,0.0,0.18367140271000343,0.6626623868942261,0.2968713045120239
688,0.6268289089202881,20000000001.93737,56.98768814680035,0.0,0.0,0.20768962872432514,0.6614341139793396,0.3019576370716095
689,0.6388369798660278,20000000001.925007,57.38617049843685,0.0,0.0,0.23029911063906855,0.6477658748626709,0.30014467239379883
690,0.6317165493965149,20000000001.93303,57.28955104610999,0.0,0.0,0.20789783943546467,0.6530836820602417,0.29950350522994995
691,0.6320507526397705,20000000001.98141,57.29054532541436,0.0,0.0,0.20177427219401659,0.6649704575538635,0.29351547360420227
692,0.6410831212997437,20000000001.938797,57.42560996694883,0.0,0.0,0.18578551656988845,0.6491749286651611,0.2993507981300354
693,0.6146572828292847,20000000001.93553,57.11224332160059,0.0,0.0,0.18442824762176505,0.6555206179618835,0.30268844962120056
694,0.6300954818725586,20000000001.982094,57.38499825095715,0.0,0.0,0.22174141786816828,0.6522769331932068,0.29881468415260315
695,0.6263126730918884,20000000001.962154,57.42270403064337,0.0,0.0,0.18320777364356144,0.6452537775039673,0.29801762104034424
696,0.6150190830230713,20000000001.962616,57.33352149036827,0.0,0.0,0.21362998206705922,0.6550163626670837,0.30048492550849915
697,0.6552485227584839,20000000001.935402,57.05031449386242,0.0,0.0,0.178393551120577,0.6689300537109375,0.2978661060333252
698,0.6203911304473877,20000000001.969913,57.69631257221553,0.0,0.0,0.20656041645656606,0.6523880958557129,0.3008005619049072
699,0.6121608018875122,20000000001.968964,57.72211363957433,0.0,0.0,0.19131734266344572,0.6504638195037842,0.3016136586666107
700,0.6198075413703918,20000000001.931477,57.49802489241784,0.0,0.0,0.201240758300155,0.6576027274131775,0.2946336567401886
701,0.6195670366287231,20000000001.974747,57.63075687745172,0.0,0.0,0.2139406062141532,0.6497988104820251,0.29265478253364563
702,0.6434173583984375,20000000001.956432,57.5864913616271,0.0,0.0,0.1955254235810864,0.6519953012466431,0.29673102498054504
703,0.6233692169189453,20000000001.986008,57.66417739251298,0.0,0.0,0.21182110398384973,0.6441240310668945,0.29618728160858154
704,0.6424181461334229,20000000001.94619,57.81941027412025,0.0,0.0,0.21472201850781714,0.6379552483558655,0.3011147379875183
705,0.6307083368301392,20000000001.926872,57.94785479533755,0.0,0.0,0.25567443059359796,0.6369372010231018,0.3048297166824341
706,0.6154381036758423,20000000002.006294,57.79119926069386,0.0,0.0,0.22198926731738144,0.6490244269371033,0.2978239953517914
707,0.631276547908783,20000000002.01277,57.90112486251958,0.0,0.0,0.215379301226355,0.6382059454917908,0.3009384274482727
708,0.6286520957946777,20000000001.956444,57.334531931151375,0.0,0.0,0.20491082267404712,0.6606886386871338,0.29877498745918274
709,0.6310854554176331,20000000001.987217,57.388344499869135,0.0,0.0,0.20109478141318482,0.6495288610458374,0.2983778119087219
710,0.608661413192749,20000000001.96668,57.43583159820087,0.0,0.0,0.21573997040353166,0.6507720351219177,0.2959218919277191
711,0.6128801107406616,20000000002.067616,57.51195535395546,0.0,0.0,0.22742329624335927,0.6505085229873657,0.3018549382686615
712,0.6280403137207031,20000000001.95675,57.54968975959611,0.0,0.0,0.20476886763791005,0.655386745929718,0.2940397262573242
713,0.6414545178413391,20000000001.990086,57.54074987720545,0.0,0.0,0.19370168327594492,0.6563850045204163,0.29634973406791687
714,0.6327149271965027,20000000001.917458,57.6673818988023,0.0,0.0,0.2132439039068916,0.6519333124160767,0.2969564199447632
715,0.6265357732772827,20000000001.93019,57.01631490519775,0.0,0.0,0.17906699309234847,0.6673057079315186,0.2945556342601776
716,0.608095645904541,20000000002.002815,57.756303646159004,0.0,0.0,0.2101466197319687,0.651073694229126,0.29189440608024597
717,0.6096452474594116,20000000001.989838,57.225395190372836,0.0,0.0,0.1964554400824687,0.6526644229888916,0.3017551600933075
718,0.6089338064193726,20000000002.010986,57.05723054596178,0.0,0.0,0.17801102186955003,0.6604974269866943,0.2954435348510742
719,0.6251753568649292,20000000001.98753,57.395909171397676,0.0,0.0,0.18804464897321702,0.6498785614967346,0.3001745641231537
720,0.6107770204544067,20000000001.975086,57.48513128531717,0.0,0.0,0.21620897297689992,0.6516392230987549,0.301919162273407
721,0.615869402885437,20000000002.037354,57.31546587660815,0.0,0.0,0.1965944581790325,0.6585134863853455,0.29465392231941223
722,0.6299958229064941,20000000001.91226,57.60807021284647,0.0,0.0,0.20693312999879668,0.6480071544647217,0.29562294483184814
723,0.6324937343597412,20000000002.017487,57.386767249572465,0.0,0.0,0.216628011634272,0.6605985164642334,0.3000014126300812
724,0.6117441654205322,20000000001.967495,57.58848594051898,0.0,0.0,0.2052776671668806,0.6557050943374634,0.2943890690803528
725,0.626309871673584,20000000001.92658,57.57722856031255,0.0,0.0,0.21356877379858463,0.6576080322265625,0.29631873965263367
726,0.645047664642334,20000000001.916542,57.46004558754164,0.0,0.0,0.2035894253509128,0.65106201171875,0.29609718918800354
727,0.6174509525299072,20000000001.981075,57.596202699658974,0.0,0.0,0.20267882694347342,0.6449910998344421,0.2978561222553253
728,0.6226803064346313,20000000001.995647,57.57786728122336,0.0,0.0,0.20851519475365018,0.6520435810089111,0.29973170161247253
729,0.616369366645813,20000000001.945866,58.16721987856299,0.0,0.0,0.21975761560406615,0.6388137340545654,0.3002778887748718
730,0.6368719339370728,20000000001.93585,58.01202965719368,0.0,0.0,0.243960852068279,0.6412419676780701,0.30307602882385254
731,0.6088979840278625,20000000001.95082,57.338967379226204,0.0,0.0,0.19672436765735682,0.6561532616615295,0.2982417047023773
732,0.6357971429824829,20000000001.976692,57.45291035435237,0.0,0.0,0.20689718596940962,0.6452083587646484,0.2997016906738281
733,0.6184725165367126,20000000001.94204,57.077337416070435,0.0,0.0,0.18025842015015456,0.6596511602401733,0.2984374761581421
734,0.6165445446968079,20000000001.969772,57.47262663060373,0.0,0.0,0.19124406516955678,0.6531962752342224,0.29652997851371765
735,0.6209083795547485,20000000001.978592,57.594566080581984,0.0,0.0,0.2013107471868961,0.652953565120697,0.2963644564151764
736,0.6245675086975098,20000000001.955776,57.442639192733495,0.0,0.0,0.21489137677051728,0.6553162932395935,0.29879385232925415
737,0.6325765252113342,20000000001.93682,57.58593906557972,0.0,0.0,0.18842811756744998,0.6506386399269104,0.29514217376708984
738,0.612991988658905,20000000001.970886,57.77495040970774,0.0,0.0,0.2040892826136698,0.6515536904335022,0.3009023070335388
739,0.6179944276809692,20000000002.00761,57.58024163382199,0.0,0.0,0.18995640378912207,0.6531620025634766,0.29937422275543213
740,0.6275678873062134,20000000001.950863,57.6358105007729,0.0,0.0,0.191352746213089,0.6471229195594788,0.29468193650245667
741,0.6030693054199219,20000000001.952843,57.36904005629435,0.0,0.0,0.18996129594968275,0.6502479910850525,0.2977387011051178
742,0.6279839277267456,20000000001.939266,57.53892956208298,0.0,0.0,0.2141948256848554,0.6517663598060608,0.2952592074871063
743,0.5959230661392212,20000000002.067574,57.372836654501214,0.0,0.0,0.201447653505962,0.6620805263519287,0.2889036536216736
744,0.6180445551872253,20000000002.01157,57.61429822074838,0.0,0.0,0.22455430475727509,0.6486062407493591,0.2964915335178375
745,0.6070045232772827,20000000001.99775,57.78276382400658,0.0,0.0,0.21888649734633878,0.6480209231376648,0.2940991222858429
746,0.6152629852294922,20000000002.001526,57.82143139887955,0.0,0.0,0.22086256833030127,0.648857831954956,0.2883837819099426
747,0.6191138029098511,20000000001.98609,57.64002804239172,0.0,0.0,0.20087592053344283,0.6529611945152283,0.293493390083313
748,0.5959651470184326,20000000002.071926,57.68346310924426,0.0,0.0,0.21860870924233688,0.6483094692230225,0.296127587556839
749,0.6057958602905273,20000000002.00088,57.401947592508094,0.0,0.0,0.21999620298656317,0.6553763747215271,0.2948531210422516
750,0.6140875220298767,20000000002.045525,57.810299776144085,0.0,0.0,0.21799825162708647,0.6412239670753479,0.29850131273269653
751,0.6242754459381104,20000000002.019173,57.26170161927756,0.0,0.0,0.17414447745963024,0.6654737591743469,0.2933700978755951
752,0.6247353553771973,20000000001.969677,57.40581566360173,0.0,0.0,0.19805429786237297,0.6550247073173523,0.2945086359977722
753,0.6202372312545776,20000000002.090538,57.35689013288376,0.0,0.0,0.20168869458404,0.6551824808120728,0.297768235206604
754,0.6159795522689819,20000000002.08278,57.3235726753473,0.0,0.0,0.18933262595780798,0.6560325026512146,0.296716570854187
755,0.631826639175415,20000000002.0242,57.53265086299215,0.0,0.0,0.18546681285831687,0.648371160030365,0.2938137650489807
756,0.6111481189727783,20000000001.995777,57.30095478823169,0.0,0.0,0.18831189929259404,0.6630621552467346,0.2957281172275543
757,0.5995382070541382,20000000002.05155,57.3549545240171,0.0,0.0,0.20082602759276702,0.6573053598403931,0.2985580861568451
758,0.6277612447738647,20000000002.00144,57.33605265046426,0.0,0.0,0.22148138853901175,0.654799222946167,0.3009116053581238
759,0.6071207523345947,20000000002.00775,57.244949222041896,0.0,0.0,0.2058483788931358,0.6569913625717163,0.292749285697937
760,0.6078907251358032,20000000002.02776,57.58463159154459,0.0,0.0,0.2202628221041276,0.6519078016281128,0.2981291115283966
761,0.6234962940216064,20000000001.991985,57.39272837734112,0.0,0.0,0.1886555726435057,0.6579561829566956,0.29800158739089966
762,0.6235525608062744,20000000001.988983,57.02831021942841,0.0,0.0,0.17847585303620228,0.6701136231422424,0.2939046621322632
763,0.6095621585845947,20000000001.976574,57.19967969659204,0.0,0.0,0.19177158564977564,0.6550796031951904,0.3013058602809906
764,0.6250865459442139,20000000001.96519,57.17755570153335,0.0,0.0,0.20334735760345382,0.6533687114715576,0.3007051348686218
765,0.6285828948020935,20000000001.968792,57.241412095485956,0.0,0.0,0.1916757267033503,0.6570897102355957,0.2985009253025055
766,0.6048556566238403,20000000002.028088,57.25353714391777,0.0,0.0,0.19843792102262484,0.6588327288627625,0.2997746169567108
767,0.6132465600967407,20000000002.09369,57.22058016588019,0.0,0.0,0.19424841261910758,0.6627980470657349,0.2975604832172394
768,0.6006073951721191,20000000002.060905,57.38884061348536,0.0,0.0,0.21002191333944606,0.653228223323822,0.29958826303482056
769,0.6352277994155884,20000000001.966125,57.27104032574574,0.0,0.0,0.193793150798611,0.6570618748664856,0.2974453568458557
770,0.6231377720832825,20000000002.07097,57.35284454238841,0.0,0.0,0.22324761026128748,0.6550893187522888,0.2973732054233551
771,0.5932019948959351,20000000001.9509,57.09790497870726,0.0,0.0,0.1992671627011686,0.6566125750541687,0.29833441972732544
772,0.6068155765533447,20000000001.97992,57.384855335747716,0.0,0.0,0.18326323299514832,0.6587353348731995,0.2972816228866577
773,0.629685640335083,20000000002.028873,57.678573911636676,0.0,0.0,0.19429769221414564,0.6555714011192322,0.30075913667678833
774,0.6070824861526489,20000000001.98503,57.59920555531801,0.0,0.0,0.20202464379495658,0.6527567505836487,0.29489126801490784
775,0.6206335425376892,20000000002.04031,57.40964753043872,0.0,0.0,0.17651714720596004,0.6566274762153625,0.30029022693634033
776,0.6126652956008911,20000000002.00653,57.885697403578405,0.0,0.0,0.220396459533811,0.6472098231315613,0.29707783460617065
777,0.6418092250823975,20000000002.013294,57.49149480246625,0.0,0.0,0.22962469702074323,0.6462694406509399,0.30270108580589294
778,0.6152476668357849,20000000002.068073,57.728886573567415,0.0,0.0,0.24606434640422215,0.6347769498825073,0.30354323983192444
779,0.6231489181518555,20000000002.035507,57.49964655076086,0.0,0.0,0.21608852271425083,0.6471507549285889,0.3021093010902405
780,0.6111180782318115,20000000001.970486,57.925813631210104,0.0,0.0,0.22731566690028518,0.6467627882957458,0.3011418879032135
781,0.5929536819458008,20000000001.940483,57.63141167041626,0.0,0.0,0.19839464825080338,0.6487128734588623,0.2962152361869812
782,0.6219198703765869,20000000002.02109,57.51016789439758,0.0,0.0,0.20816218052843974,0.6478797793388367,0.2995062470436096
783,0.5947582125663757,20000000002.01776,57.61158958314056,0.0,0.0,0.20604083475686877,0.6565526723861694,0.2961016893386841
784,0.6186079978942871,20000000002.00049,57.66925381257154,0.0,0.0,0.20485457137969293,0.6478987336158752,0.2989114820957184
785,0.6064338684082031,20000000002.03562,57.56790988032467,0.0,0.0,0.2132970582371937,0.6496714949607849,0.3003750443458557
786,0.6142566800117493,20000000002.095455,57.78852382688095,0.0,0.0,0.20203954029966284,0.6515932083129883,0.2959096133708954
787,0.6251091361045837,20000000001.996574,58.12246214015545,0.0,0.0,0.21519951129541737,0.6438826322555542,0.2934039235115051
788,0.6105464696884155,20000000002.03561,58.0115352456826,0.0,0.0,0.22329701423766835,0.648620069026947,0.29728931188583374
789,0.6095237731933594,20000000002.09325,57.5050299298001,0.0,0.0,0.1936749860253425,0.6495435833930969,0.2977394759654999
790,0.6121913194656372,20000000002.131294,57.746208977257396,0.0,0.0,0.23508097560259472,0.6368721723556519,0.30089709162712097
791,0.5820088386535645,20000000002.027447,57.14365589764883,0.0,0.0,0.1869686501995922,0.6593859195709229,0.29760438203811646
792,0.6198878884315491,20000000002.006927,57.806402095489815,0.0,0.0,0.21426020304851073,0.6486283540725708,0.3037530183792114
793,0.6136512756347656,20000000002.03714,57.53971706014158,0.0,0.0,0.21044840484261487,0.651623010635376,0.299647718667984
794,0.6011143326759338,20000000002.11007,57.40963080597383,0.0,0.0,0.21902592949420976,0.6511880159378052,0.29863297939300537
795,0.6173169612884521,20000000002.02673,57.42416090136459,0.0,0.0,0.21096297348606854,0.6442878246307373,0.30002570152282715
796,0.6288569569587708,20000000002.039017,56.95336968018967,0.0,0.0,0.18311026139014427,0.6736612915992737,0.2970818281173706
797,0.5879417657852173,20000000002.019764,57.116489337836,0.0,0.0,0.19880329930699311,0.6644365787506104,0.29521846771240234
798,0.6236618757247925,20000000001.979023,57.23146186761223,0.0,0.0,0.19142112235788505,0.6592733860015869,0.294443815946579
799,0.6072955131530762,20000000002.01765,57.69088203760127,0.0,0.0,0.2225548647629021,0.6513617038726807,0.2934820055961609
800,0.6229134798049927,20000000002.0232,57.343804526821785,0.0,0.0,0.1869366575033044,0.6604068279266357,0.2952483296394348
801,0.6169767379760742,20000000001.999718,57.483737589614705,0.0,0.0,0.21404569233358492,0.6552205681800842,0.29080912470817566
802,0.6327765583992004,20000000002.022827,57.470140036889426,0.0,0.0,0.20129735783597347,0.6496071219444275,0.29391199350357056
803,0.6246418952941895,20000000002.031464,57.15724090999747,0.0,0.0,0.19856106450687608,0.6607409119606018,0.3024401068687439
804,0.5975481271743774,20000000002.045273,57.45018815511453,0.0,0.0,0.21841028574510818,0.6578674912452698,0.29737454652786255
805,0.6056938171386719,20000000002.075058,57.5811524032767,0.0,0.0,0.20070285262441248,0.6544749736785889,0.30031031370162964
806,0.5973083972930908,20000000002.079765,57.378549050964466,0.0,0.0,0.18521557378844145,0.6460573673248291,0.30086323618888855
807,0.6211289167404175,20000000002.006935,57.103780827552164,0.0,0.0,0.18708261806603627,0.6608057618141174,0.2965952754020691
808,0.591538667678833,20000000002.061005,57.83198095109194,0.0,0.0,0.21043901400139123,0.6430328488349915,0.29955485463142395
809,0.6067463755607605,20000000002.082844,57.59729276589167,0.0,0.0,0.20182834720895743,0.6433449983596802,0.3024458885192871
810,0.6066433191299438,20000000002.050526,57.38515031073953,0.0,0.0,0.227425168022576,0.647757887840271,0.3082985281944275
811,0.6296693682670593,20000000002.012413,57.38686837286025,0.0,0.0,0.20686056981508943,0.645716667175293,0.302665114402771
812,0.5882341861724854,20000000001.95987,57.60309732704037,0.0,0.0,0.21967802605976106,0.6473942995071411,0.29808560013771057
813,0.6099392175674438,20000000002.10908,57.64131594344609,0.0,0.0,0.2156527408202511,0.6487311720848083,0.30030906200408936
814,0.598932147026062,20000000002.18893,57.21672668111965,0.0,0.0,0.17267151173748732,0.6605144739151001,0.29763877391815186
815,0.611287534236908,20000000002.162384,57.49729784273024,0.0,0.0,0.2275981367030016,0.6560829877853394,0.3008511960506439
816,0.5776714086532593,20000000002.113186,57.635885513268164,0.0,0.0,0.20602993504537476,0.6486737132072449,0.2971501648426056
817,0.6058294773101807,20000000002.053185,57.5413407712085,0.0,0.0,0.2303690590035283,0.6518481373786926,0.29975709319114685
818,0.6191251277923584,20000000001.967484,57.36304932956884,0.0,0.0,0.18726716407058067,0.6585665941238403,0.2949773073196411
819,0.5925419330596924,20000000002.069775,57.559352080559755,0.0,0.0,0.2068271956353799,0.6576696634292603,0.2988206744194031
820,0.6183565855026245,20000000002.04638,57.63692042154853,0.0,0.0,0.2052850723740932,0.6461867094039917,0.3011161684989929
821,0.6186256408691406,20000000002.04309,57.695453208124505,0.0,0.0,0.2221579088212063,0.6454346179962158,0.30548378825187683
822,0.5936535596847534,20000000002.06012,57.20407598347837,0.0,0.0,0.21501544655740287,0.6515839099884033,0.3053882122039795
823,0.6092572212219238,20000000002.04143,57.49605356447542,0.0,0.0,0.2166057639367362,0.6457065939903259,0.30044838786125183
824,0.6130478382110596,20000000002.023796,57.522236474859525,0.0,0.0,0.20839945737442603,0.6498596668243408,0.29989317059516907
825,0.6092658042907715,20000000002.069168,57.83646896777463,0.0,0.0,0.22687279862035178,0.6529683470726013,0.2964353561401367
826,0.6015647053718567,20000000002.003452,57.80320544350223,0.0,0.0,0.20154634321666232,0.6490975022315979,0.2952935993671417
827,0.6090776324272156,20000000002.009747,57.83750526531735,0.0,0.0,0.20225694281238987,0.6437323093414307,0.2961362898349762
828,0.6205645799636841,20000000002.04952,57.40843551082173,0.0,0.0,0.20779894786419253,0.6557750701904297,0.29391440749168396
829,0.6111867427825928,20000000002.044403,57.66094887973995,0.0,0.0,0.2156409703825131,0.6466497182846069,0.2958095371723175
830,0.5700865983963013,20000000002.041325,57.701175813553355,0.0,0.0,0.2168175019292994,0.6474940180778503,0.2990783452987671
831,0.6122156977653503,20000000002.072952,57.9288851119739,0.0,0.0,0.22455027510681183,0.650576651096344,0.29382020235061646
832,0.5868057012557983,20000000002.15459,57.79732831927173,0.0,0.0,0.21651849474213505,0.6475552916526794,0.2995815575122833
833,0.6025615930557251,20000000002.09294,57.972917568943785,0.0,0.0,0.23185888958855216,0.6439752578735352,0.29699286818504333
834,0.628040611743927,20000000002.01092,57.386858281786026,0.0,0.0,0.19711226908850907,0.6617758274078369,0.295810341835022
835,0.6039955615997314,20000000002.023933,57.63322601567544,0.0,0.0,0.21257159882248644,0.6451857089996338,0.30029165744781494
836,0.5993415117263794,20000000002.15871,57.13437853710884,0.0,0.0,0.17246413272913402,0.6644386649131775,0.2933906316757202
837,0.5813034772872925,20000000002.10429,57.79961273890483,0.0,0.0,0.2259520665432699,0.6499040722846985,0.2915291488170624
838,0.6125142574310303,20000000002.062435,57.43686011788147,0.0,0.0,0.20973225663181963,0.6635852456092834,0.29223325848579407
839,0.6109377145767212,20000000002.022198,57.86107892080206,0.0,0.0,0.2407615969517573,0.6495554447174072,0.3011791408061981
840,0.5993928909301758,20000000002.005306,57.407874078608316,0.0,0.0,0.1706369901357607,0.6620620489120483,0.28993991017341614
841,0.6070678234100342,20000000002.04449,57.5516463590922,0.0,0.0,0.1789265766362709,0.65347820520401,0.29497793316841125
842,0.5919402837753296,20000000001.986275,57.183731066085215,0.0,0.0,0.19617468222695955,0.6548362970352173,0.3005004823207855
843,0.6074130535125732,20000000002.073227,57.55880707930473,0.0,0.0,0.21482391109568166,0.6484159231185913,0.30006182193756104
844,0.5906680822372437,20000000002.140717,57.13166486632048,0.0,0.0,0.21360001436314943,0.6653277277946472,0.29919448494911194
845,0.5972253084182739,20000000002.026447,57.63750952485911,0.0,0.0,0.20985802855452212,0.6476093530654907,0.29649320244789124
846,0.6008330583572388,20000000002.02934,57.711246377530216,0.0,0.0,0.21784200776591015,0.6556310653686523,0.2961113154888153
847,0.5985312461853027,20000000002.039417,57.98915361479872,0.0,0.0,0.2189307347664191,0.6553342342376709,0.28903189301490784
848,0.619755208492279,20000000002.05005,57.70825457531796,0.0,0.0,0.2022597443053259,0.6543200016021729,0.2912789285182953
849,0.6057730913162231,20000000002.078835,57.58044317246317,0.0,0.0,0.21500330685138072,0.6509710550308228,0.2979905307292938
850,0.6026414632797241,20000000002.071392,57.77835124898035,0.0,0.0,0.2208073407137838,0.6540065407752991,0.28864431381225586
851,0.5992093086242676,20000000002.096207,57.550751121135235,0.0,0.0,0.19399338023771565,0.658440351486206,0.29537832736968994
852,0.5900924801826477,20000000002.051346,57.654992588711984,0.0,0.0,0.21208410648028178,0.6454126834869385,0.2988799214363098
853,0.6112192869186401,20000000002.089012,57.48576376789069,0.0,0.0,0.2005106451625976,0.6511335968971252,0.30142268538475037
854,0.5893927812576294,20000000002.11302,57.490342588532926,0.0,0.0,0.2081474825663029,0.6469419002532959,0.30049508810043335
855,0.6013696193695068,20000000002.017952,57.88534405258375,0.0,0.0,0.22371947959255986,0.6466041207313538,0.2940545380115509
856,0.6112138032913208,20000000002.04084,57.591930580707825,0.0,0.0,0.21504880814850647,0.6555160880088806,0.29984697699546814
857,0.6070187091827393,20000000001.99959,57.7514983135754,0.0,0.0,0.19341937680507715,0.6422529816627502,0.297750860452652
858,0.6092899441719055,20000000002.116817,57.12201722923703,0.0,0.0,0.1878504974784096,0.6640173196792603,0.29638075828552246
859,0.592079758644104,20000000002.001476,57.29796233721965,0.0,0.0,0.20337044127662046,0.6590120792388916,0.29498758912086487
860,0.58530592918396,20000000002.035603,57.27951109162403,0.0,0.0,0.20844413852689872,0.6614183783531189,0.2946256995201111
861,0.5826177597045898,20000000002.049942,57.41864095728141,0.0,0.0,0.20452464248917052,0.6507799625396729,0.2990545332431793
862,0.6063194274902344,20000000002.066326,57.1355679339068,0.0,0.0,0.19741111936853437,0.6646886467933655,0.29621273279190063
863,0.6030200719833374,20000000002.050316,57.439995257236234,0.0,0.0,0.20759192007709065,0.6544986963272095,0.29906126856803894
864,0.6106643676757812,20000000002.140015,57.53751083432878,0.0,0.0,0.20871488230734725,0.6517391800880432,0.30103111267089844
865,0.5664929747581482,20000000002.08016,57.456355707181274,0.0,0.0,0.20406414084416855,0.6660659313201904,0.29528242349624634
866,0.6012390851974487,20000000002.050495,57.70262831724445,0.0,0.0,0.20499303942919272,0.6549177765846252,0.2957156002521515
867,0.5829867124557495,20000000002.004253,57.39616079369791,0.0,0.0,0.19534607058019895,0.6584725975990295,0.2928556203842163
868,0.6091554760932922,20000000002.00213,57.64870209223622,0.0,0.0,0.23014291876441165,0.6509647369384766,0.2963501513004303
869,0.6006242632865906,20000000002.005302,57.710863719619425,0.0,0.0,0.24447465335646748,0.6477035880088806,0.3005611300468445
870,0.6057498455047607,20000000002.0371,57.61086168590913,0.0,0.0,0.1905178461244512,0.6488133668899536,0.291038453578949
871,0.5990256071090698,20000000002.007442,57.61525919861959,0.0,0.0,0.2126848735774975,0.6564395427703857,0.28994789719581604
872,0.6131616830825806,20000000002.05765,57.485002621893656,0.0,0.0,0.2287185070521173,0.6598778963088989,0.2990054190158844
873,0.6234735250473022,20000000002.03719,57.6727778112248,0.0,0.0,0.21251507442847029,0.6539563536643982,0.2936970293521881
874,0.5928375720977783,20000000002.01199,58.3448613971333,0.0,0.0,0.22977310646792312,0.6403936743736267,0.2922936975955963
875,0.6117148995399475,20000000002.120365,58.02522274851181,0.0,0.0,0.21655281165346646,0.6440399885177612,0.2941801846027374
876,0.6102814674377441,20000000002.007286,58.09113301258703,0.0,0.0,0.20094531890229894,0.6402347683906555,0.2934340536594391
877,0.610612154006958,20000000002.056866,57.61421072906307,0.0,0.0,0.20235832184749347,0.652938187122345,0.29788774251937866
878,0.5846662521362305,20000000002.058693,57.346171573988585,0.0,0.0,0.1883689555761804,0.6502743363380432,0.30104732513427734
879,0.6081333160400391,20000000002.12743,57.46916596584995,0.0,0.0,0.21604368806882154,0.6388351321220398,0.30151745676994324
880,0.609474778175354,20000000002.054802,56.883467876774866,0.0,0.0,0.18658482878911956,0.6553497910499573,0.3037439286708832
881,0.6378670930862427,20000000002.05047,57.17690578700462,0.0,0.0,0.1775404403016733,0.6518283486366272,0.3009229004383087
882,0.6082429885864258,20000000002.04752,57.64067902347767,0.0,0.0,0.21690241938170995,0.6523356437683105,0.30043044686317444
883,0.6091928482055664,20000000002.179924,57.77389914477969,0.0,0.0,0.18889800407950055,0.6530846953392029,0.29828977584838867
884,0.5869762301445007,20000000002.256557,57.77917489728392,0.0,0.0,0.206427890996574,0.6554837822914124,0.29833585023880005
885,0.5894764065742493,20000000002.17999,57.48151505761041,0.0,0.0,0.19335900099325473,0.6608569025993347,0.30080077052116394
886,0.597036600112915,20000000002.09571,57.92602538604178,0.0,0.0,0.2418164832318289,0.6406494379043579,0.2994115352630615
887,0.6015311479568481,20000000002.027367,57.49176021727791,0.0,0.0,0.1994034864399536,0.652587354183197,0.2975083589553833
888,0.5996127128601074,20000000002.037605,57.47720406697164,0.0,0.0,0.21462985171212048,0.6534457206726074,0.29540932178497314
889,0.6205835342407227,20000000002.10426,57.47000067532509,0.0,0.0,0.21959801336661033,0.6439644694328308,0.29670774936676025
890,0.6309264898300171,20000000002.056053,57.3699172379419,0.0,0.0,0.2136996306808982,0.6563388705253601,0.2984119951725006
891,0.5996243953704834,20000000002.073627,57.70404999137445,0.0,0.0,0.22664204092639226,0.6505627036094666,0.2977102994918823
892,0.5919341444969177,20000000002.115265,57.90205103735139,0.0,0.0,0.20413575091590258,0.6435117721557617,0.2985943555831909
893,0.5871552228927612,20000000002.12151,57.94036572524247,0.0,0.0,0.22763306087533464,0.6471620798110962,0.3011951744556427
894,0.5787160396575928,20000000002.068,57.73036995598079,0.0,0.0,0.21167923079663326,0.657031238079071,0.30040502548217773
895,0.6205518245697021,20000000002.065758,57.66207810598653,0.0,0.0,0.19952222173272763,0.6526188850402832,0.2989335358142853
896,0.595828652381897,20000000002.157494,57.32305762727722,0.0,0.0,0.2062926811175406,0.6564460396766663,0.2959042489528656
897,0.5842601656913757,20000000002.066036,57.309983606766,0.0,0.0,0.20150612865934442,0.654547393321991,0.2976800501346588
898,0.6163569688796997,20000000002.069157,57.14023703923621,0.0,0.0,0.1868323343253052,0.6520466208457947,0.2976487874984741
899,0.5929350256919861,20000000002.055386,57.30120794485691,0.0,0.0,0.19922874047533942,0.6502829194068909,0.29804345965385437
900,0.5970937013626099,20000000002.06003,57.261236034448594,0.0,0.0,0.1891581213146628,0.6619859933853149,0.2942184507846832
901,0.5985289812088013,20000000002.130154,57.430967473973396,0.0,0.0,0.20160746809978397,0.6508951187133789,0.30044376850128174
902,0.6065393090248108,20000000002.078396,57.89272925628842,0.0,0.0,0.20431466650097735,0.6491731405258179,0.2960728704929352
903,0.6053785085678101,20000000002.07636,57.932631568702625,0.0,0.0,0.21442048781930417,0.6570014953613281,0.2981339395046234
904,0.6142776012420654,20000000002.062088,57.89633188473606,0.0,0.0,0.1931656798886515,0.6495794653892517,0.29527968168258667
905,0.6018292903900146,20000000002.104584,57.700345252486876,0.0,0.0,0.21216524903699752,0.6526183485984802,0.29941296577453613
906,0.6192277669906616,20000000002.07931,57.40240976845811,0.0,0.0,0.20093940884435338,0.6505454182624817,0.300072580575943
907,0.5947339534759521,20000000002.088257,57.1886736760733,0.0,0.0,0.25205310321639457,0.656218945980072,0.30067911744117737
908,0.5931339859962463,20000000002.06733,56.99905417196923,0.0,0.0,0.19561504485790737,0.66041100025177,0.29691872000694275
909,0.5805797576904297,20000000002.201416,57.30828166396089,0.0,0.0,0.21577284907011035,0.6580926179885864,0.2968319356441498
910,0.5971252918243408,20000000002.23482,57.81186979753169,0.0,0.0,0.2341909940989907,0.6516914367675781,0.30085763335227966
911,0.5904198884963989,20000000002.22568,57.54117665428569,0.0,0.0,0.20972602965866274,0.6578252911567688,0.2958565354347229
912,0.5914393067359924,20000000002.165356,57.940174013305985,0.0,0.0,0.21709756448368056,0.6415262818336487,0.29704123735427856
913,0.6203439235687256,20000000002.08575,57.78066504887802,0.0,0.0,0.21828037261405614,0.6472804546356201,0.2956445515155792
914,0.5924429893493652,20000000002.092728,57.66169377399119,0.0,0.0,0.21047989444770288,0.6453545093536377,0.2988486886024475
915,0.6047922372817993,20000000002.040123,57.52531719723531,0.0,0.0,0.22292679130138512,0.6584635376930237,0.29826268553733826
916,0.5907208919525146,20000000002.157536,57.60745608703263,0.0,0.0,0.21751988505658704,0.6482400298118591,0.29629161953926086
917,0.5758700370788574,20000000002.16666,57.44699243107651,0.0,0.0,0.2266440345737149,0.6493217349052429,0.30217570066452026
918,0.5693646669387817,20000000002.08756,57.04615022542954,0.0,0.0,0.18024734329140985,0.6591396927833557,0.2988075911998749
919,0.5863454341888428,20000000002.172173,57.33055548033218,0.0,0.0,0.20070249394932138,0.6494626998901367,0.2973368167877197
920,0.6003276705741882,20000000002.045322,57.42962576910526,0.0,0.0,0.20157481342156097,0.6543073058128357,0.29454559087753296
921,0.5943335294723511,20000000002.109142,57.557921975100555,0.0,0.0,0.2027039873570371,0.6533985733985901,0.29790636897087097
922,0.5959646701812744,20000000002.187893,57.88115396267679,0.0,0.0,0.20355808262918076,0.6569094061851501,0.29380014538764954
923,0.5986168384552002,20000000002.086002,57.496566189893045,0.0,0.0,0.21367030495562897,0.6658666133880615,0.2944771647453308
924,0.6032830476760864,20000000002.132896,57.34979530154644,0.0,0.0,0.20186451634307073,0.6595962047576904,0.29691001772880554
925,0.612939715385437,20000000002.102848,57.32515811270333,0.0,0.0,0.21993582514198856,0.6616277694702148,0.3004275858402252
926,0.5974487066268921,20000000002.126667,57.92301786014456,0.0,0.0,0.2383742044539797,0.6447247862815857,0.2984587550163269
927,0.5757064819335938,20000000002.05413,57.67964060237267,0.0,0.0,0.21664927638123999,0.6469211578369141,0.29847338795661926
928,0.6003694534301758,20000000002.040066,57.10503346324501,0.0,0.0,0.1873709895940484,0.6649139523506165,0.2971162796020508
929,0.6074557304382324,20000000002.150864,57.34119955071615,0.0,0.0,0.20758351886450951,0.6506426334381104,0.2986774146556854
930,0.5867068767547607,20000000002.107227,57.73536057124277,0.0,0.0,0.2222351585147989,0.6487621665000916,0.2980160713195801
931,0.6058899760246277,20000000002.100414,57.751711820173654,0.0,0.0,0.21042122904692886,0.6575658321380615,0.2979225218296051
932,0.5916135311126709,20000000002.1082,57.925152729450716,0.0,0.0,0.20820627404907188,0.6487184166908264,0.296867698431015
933,0.6128407716751099,20000000002.030907,57.56765955286791,0.0,0.0,0.20014300062585974,0.6476150751113892,0.3019851744174957
934,0.5828589200973511,20000000002.07458,57.43044451777642,0.0,0.0,0.2176561684882426,0.6502494812011719,0.30272892117500305
935,0.595488429069519,20000000002.092625,57.82342594386132,0.0,0.0,0.24874494268439087,0.6404718160629272,0.30175861716270447
936,0.5850074291229248,20000000002.13125,57.653734075881005,0.0,0.0,0.21961573255101557,0.6490388512611389,0.29993245005607605
937,0.6024073362350464,20000000002.066967,57.819005023002134,0.0,0.0,0.22234997525424785,0.6427940726280212,0.3001989424228668
938,0.6018236875534058,20000000002.111282,57.83097439178076,0.0,0.0,0.23426261411380786,0.6429176330566406,0.30198171734809875
939,0.6259142756462097,20000000002.080807,57.69656259364309,0.0,0.0,0.21960371987111485,0.6492503881454468,0.3020419180393219
940,0.5800121426582336,20000000002.092796,57.83208572741365,0.0,0.0,0.2289577720923643,0.6475379467010498,0.2978251874446869
941,0.5907160043716431,20000000002.086697,57.43096323316696,0.0,0.0,0.21907937930784688,0.6530506610870361,0.2991349399089813
942,0.5891147255897522,20000000002.138016,57.55541548207072,0.0,0.0,0.2079289979090544,0.6474301218986511,0.2985060214996338
943,0.6064627170562744,20000000002.09825,57.70972617723808,0.0,0.0,0.20896801160902465,0.6489163041114807,0.2976120114326477
944,0.5823750495910645,20000000002.087456,57.4502379664325,0.0,0.0,0.21851905727931575,0.6612403392791748,0.30064162611961365
945,0.5959815382957458,20000000002.084194,58.19278127120365,0.0,0.0,0.24389062967984584,0.6432134509086609,0.300588458776474
946,0.6001607179641724,20000000002.08172,57.58427800717908,0.0,0.0,0.21597032272079816,0.6599587798118591,0.29306870698928833
947,0.605528712272644,20000000002.055202,57.54756151283159,0.0,0.0,0.22014524565465854,0.6550297737121582,0.30144116282463074
948,0.601412296295166,20000000002.111668,57.79904911869051,0.0,0.0,0.23471747024039558,0.6447356343269348,0.2974167466163635
949,0.5953164100646973,20000000002.103886,57.28443774726206,0.0,0.0,0.21260312664945727,0.6582138538360596,0.29669496417045593
950,0.5847336053848267,20000000002.107197,57.3761355780307,0.0,0.0,0.22925726433685806,0.6508979201316833,0.3023853302001953
951,0.6055004596710205,20000000002.150414,57.208453650634695,0.0,0.0,0.20175059099946568,0.6602911353111267,0.30050450563430786
952,0.6036294102668762,20000000002.093945,57.63467010516796,0.0,0.0,0.20877429929663346,0.6455230116844177,0.30009645223617554
953,0.5891671180725098,20000000002.1242,57.671775103364084,0.0,0.0,0.21276014376860067,0.6496050357818604,0.3047022223472595
954,0.6077810525894165,20000000002.071903,57.70824316612149,0.0,0.0,0.201167724022532,0.6457924246788025,0.29982468485832214
955,0.5902029871940613,20000000002.122288,57.96636239315642,0.0,0.0,0.20355331099144672,0.6472494602203369,0.2957046926021576
956,0.5905847549438477,20000000002.094234,57.92466539666403,0.0,0.0,0.20424117046429033,0.6477291584014893,0.29672980308532715
957,0.6191844940185547,20000000002.066887,57.86629978804592,0.0,0.0,0.22268262629881208,0.6456769704818726,0.3001331686973572
958,0.5985532999038696,20000000002.108494,57.540854079618825,0.0,0.0,0.20594580995347597,0.64766925573349,0.30384519696235657
959,0.5581890344619751,20000000002.18182,57.3479249896802,0.0,0.0,0.18443641332661956,0.6451828479766846,0.29775169491767883
960,0.611491322517395,20000000002.042835,57.34658855432252,0.0,0.0,0.19512232787183736,0.6434583067893982,0.3013012707233429
961,0.5896094441413879,20000000002.03858,57.329595029510884,0.0,0.0,0.20998532550752402,0.6511834859848022,0.30218032002449036
962,0.588927149772644,20000000002.094337,57.686841370007166,0.0,0.0,0.21863892442335578,0.6510043144226074,0.299144983291626
963,0.5993797779083252,20000000002.160347,57.65249493084637,0.0,0.0,0.18312492888290618,0.6516374349594116,0.2978586256504059
964,0.6111451387405396,20000000002.074093,57.538441407270746,0.0,0.0,0.2074023152072256,0.6548598408699036,0.3007165193557739
965,0.6119588613510132,20000000002.0861,57.81984842762862,0.0,0.0,0.20479895656972893,0.6488022208213806,0.2933896481990814
966,0.6123281121253967,20000000002.066994,57.40106472239367,0.0,0.0,0.1958758655385253,0.6609645485877991,0.29802069067955017
967,0.5894918441772461,20000000002.083164,57.20933898929175,0.0,0.0,0.18494900152126412,0.6589347124099731,0.3007843494415283
968,0.5943105220794678,20000000002.14074,57.29888169110397,0.0,0.0,0.221166434040616,0.6588848233222961,0.3000448942184448
969,0.6067831516265869,20000000002.123222,57.247292247972396,0.0,0.0,0.20397566707293796,0.6638678908348083,0.2983620762825012
970,0.6050890684127808,20000000002.12014,57.780436919985924,0.0,0.0,0.2316292387411049,0.6514842510223389,0.2982644736766815
971,0.5937448740005493,20000000002.08711,57.35252249635231,0.0,0.0,0.20823607979515057,0.6596439480781555,0.30164724588394165
972,0.5933076739311218,20000000002.10049,57.460168676617585,0.0,0.0,0.19957931539655976,0.6559792160987854,0.2973007261753082
973,0.5686912536621094,20000000002.107594,57.52219267376141,0.0,0.0,0.21036682657851252,0.6523129343986511,0.300949364900589
974,0.5972863435745239,20000000002.185284,57.37187051822821,0.0,0.0,0.20094892020331107,0.6576514840126038,0.29852044582366943
975,0.5798870921134949,20000000002.10029,57.368331573969016,0.0,0.0,0.20062765281711184,0.6503866314888,0.3053225874900818
976,0.6012494564056396,20000000002.055706,57.64720776913876,0.0,0.0,0.22477846810171298,0.654983639717102,0.29902297258377075
977,0.5941897630691528,20000000002.090935,57.62895274347517,0.0,0.0,0.21935762191092503,0.6485833525657654,0.29756346344947815
978,0.5928454399108887,20000000002.17172,57.395882016448674,0.0,0.0,0.2045372783465116,0.6516147255897522,0.3008321225643158
979,0.5822669863700867,20000000002.112022,57.28556519232322,0.0,0.0,0.22150401887470794,0.663424551486969,0.29948532581329346
980,0.5817444920539856,20000000002.10824,57.63775266353428,0.0,0.0,0.2235888055141079,0.6479794979095459,0.29786184430122375
981,0.5963667631149292,20000000002.124943,57.64734945978935,0.0,0.0,0.20577398211558146,0.6457723379135132,0.29720303416252136
982,0.6149942874908447,20000000002.142513,57.47576354808125,0.0,0.0,0.20536058820684527,0.6508064866065979,0.30474433302879333
983,0.6095867156982422,20000000002.062836,57.97676578061923,0.0,0.0,0.21320077757923214,0.6420387625694275,0.2956766188144684
984,0.6060122847557068,20000000002.027004,57.59631441357091,0.0,0.0,0.20390915083760783,0.6559650897979736,0.2992931604385376
985,0.602898359298706,20000000002.080402,57.65309986218546,0.0,0.0,0.20686434225718975,0.6550003886222839,0.2981533408164978
986,0.5860462188720703,20000000002.08487,57.78256999227914,0.0,0.0,0.2438638151944179,0.648623526096344,0.3003116846084595
987,0.609333872795105,20000000002.097225,57.676001373243736,0.0,0.0,0.21613581278541663,0.6456558704376221,0.29448407888412476
988,0.5899080038070679,20000000002.133987,57.62764616463333,0.0,0.0,0.20028002379682822,0.654083251953125,0.295102596282959
989,0.5816242694854736,20000000002.126324,57.50245064698158,0.0,0.0,0.20175215061640894,0.6541522741317749,0.29436883330345154
990,0.5932619571685791,20000000002.11446,58.02845626686185,0.0,0.0,0.22748480799729562,0.6472494602203369,0.2962859869003296
991,0.5894457101821899,20000000002.13316,57.94792131306734,0.0,0.0,0.20677217555203312,0.6435719132423401,0.29922184348106384
992,0.5998256802558899,20000000002.118908,57.41207743985151,0.0,0.0,0.20340309572251503,0.6540497541427612,0.30167046189308167
993,0.5896155834197998,20000000002.08764,57.927177677058424,0.0,0.0,0.2325511649851375,0.6464778184890747,0.2995629608631134
994,0.6082324981689453,20000000002.064175,57.55432635835572,0.0,0.0,0.21944511355754456,0.6498896479606628,0.29890549182891846
995,0.5927983522415161,20000000002.148155,57.74581364065672,0.0,0.0,0.22676938530485205,0.6422998309135437,0.304400771856308
996,0.6001073122024536,20000000002.107445,57.31777637685321,0.0,0.0,0.19010134864141073,0.6599633693695068,0.3024825155735016
997,0.569908857345581,20000000002.19294,57.59829582633356,0.0,0.0,0.2081654278020942,0.6607118248939514,0.29923179745674133
998,0.5752079486846924,20000000002.19875,57.46911989957797,0.0,0.0,0.20865239967965257,0.6483408808708191,0.30291053652763367
999,0.5909856557846069,20000000002.05406,57.497597366847934,0.0,0.0,0.2169645101715892,0.653087854385376,0.2959344685077667
1000,0.5849716067314148,20000000002.114483,57.3044298884505,0.0,0.0,0.19871617548828344,0.6516155004501343,0.2970420718193054
1001,0.5806319713592529,20000000002.150482,57.2263466328794,0.0,0.0,0.21054395936482234,0.6570493578910828,0.2994232475757599
1002,0.590201735496521,20000000002.108883,57.62103676990518,0.0,0.0,0.20588535199073899,0.6566512584686279,0.2957652509212494
1003,0.5762503147125244,20000000002.142906,57.591229833377575,0.0,0.0,0.18943988851152602,0.6567226052284241,0.293142169713974
1004,0.5993325710296631,20000000002.12297,57.642057444465244,0.0,0.0,0.21660907236830068,0.6576123833656311,0.2979357838630676
1005,0.5862383842468262,20000000002.09688,57.36585443698796,0.0,0.0,0.1939534947336543,0.6555551886558533,0.3000960648059845
1006,0.579668402671814,20000000002.12942,57.39018322535421,0.0,0.0,0.2005958005473283,0.6543561220169067,0.29467031359672546
1007,0.596044659614563,20000000002.09367,57.77946284889755,0.0,0.0,0.242071217316814,0.6455199718475342,0.2956647276878357
1008,0.584499716758728,20000000002.18572,57.39807915852692,0.0,0.0,0.19156942666408644,0.6568766236305237,0.29468196630477905
1009,0.5808136463165283,20000000002.082184,57.88588670058803,0.0,0.0,0.22404650538572024,0.6470410823822021,0.30071982741355896
1010,0.6010594367980957,20000000002.135323,57.88958394428652,0.0,0.0,0.22973859510022598,0.6512728333473206,0.29782718420028687
1011,0.5952072143554688,20000000002.069775,57.74462015839629,0.0,0.0,0.2127484368943153,0.6473824381828308,0.2960510849952698
1012,0.5908582210540771,20000000002.10979,57.66077056350346,0.0,0.0,0.2323037951727994,0.647139310836792,0.3013392984867096
1013,0.582533597946167,20000000002.121468,57.589048159967994,0.0,0.0,0.2012806542877205,0.6473339200019836,0.3003719747066498
1014,0.5993666052818298,20000000002.15304,57.917377751341824,0.0,0.0,0.2153197282423888,0.6467447876930237,0.2978014349937439
1015,0.5733164548873901,20000000002.11502,57.79392388057192,0.0,0.0,0.21767558523736083,0.6486246585845947,0.3000012934207916
1016,0.5828874111175537,20000000002.096027,57.838598135738366,0.0,0.0,0.19785760702652538,0.644262969493866,0.30024605989456177
1017,0.6033935546875,20000000002.14104,57.94752531057378,0.0,0.0,0.24300503404926027,0.6482290625572205,0.2958279252052307
1018,0.5882118940353394,20000000002.11595,57.677811423144135,0.0,0.0,0.2173167703516937,0.6582859754562378,0.2962958812713623
1019,0.5837399959564209,20000000002.102215,57.82843405668823,0.0,0.0,0.22319013488528305,0.6534320116043091,0.29787877202033997
1020,0.564501941204071,20000000002.095406,57.99438932140936,0.0,0.0,0.2289072999211643,0.6434517502784729,0.3005910813808441
1021,0.5893818736076355,20000000002.08575,57.635566226588644,0.0,0.0,0.2091575303085511,0.6428576111793518,0.3001195788383484
1022,0.5886987447738647,20000000002.094143,57.95402841408916,0.0,0.0,0.2225229286581744,0.642639696598053,0.2969608008861542
1023,0.5735517144203186,20000000002.069576,58.03657572789116,0.0,0.0,0.20371799431616208,0.642850935459137,0.2939814031124115
1024,0.5971512198448181,20000000002.253822,57.881484427183494,0.0,0.0,0.19556482935809658,0.6509477496147156,0.29043301939964294
1025,0.6041369438171387,20000000002.15619,57.79545673671021,0.0,0.0,0.23850735443589025,0.6502833962440491,0.2984144687652588
1026,0.5965619087219238,20000000002.076572,57.81501158819627,0.0,0.0,0.20265132339603278,0.6496009826660156,0.2942519783973694
1027,0.5778701901435852,20000000002.0826,57.79915683513276,0.0,0.0,0.22092258286468267,0.6464039087295532,0.2929003834724426
1028,0.5928352475166321,20000000002.147984,57.475377750589864,0.0,0.0,0.19710866668299049,0.653773307800293,0.2954618036746979
1029,0.5932272672653198,20000000002.101215,57.689786772584604,0.0,0.0,0.21223419852750322,0.6508936882019043,0.2916829288005829
1030,0.6063876152038574,20000000002.169415,57.50333193504325,0.0,0.0,0.202778380313718,0.6564722061157227,0.2956591844558716
1031,0.5871413350105286,20000000002.1999,57.6141850147885,0.0,0.0,0.19881238714201285,0.6506506204605103,0.29408296942710876
1032,0.5905789136886597,20000000002.184517,57.69393168973342,0.0,0.0,0.23073560606644916,0.6493825912475586,0.2999606132507324
1033,0.6027055978775024,20000000002.200462,57.89008453937744,0.0,0.0,0.21509660119990998,0.6468790173530579,0.29751357436180115
1034,0.5953096151351929,20000000002.11627,57.89024733448157,0.0,0.0,0.2007882980560188,0.6508487462997437,0.2962823510169983
1035,0.5996794104576111,20000000002.11623,57.75856282095058,0.0,0.0,0.20035781480472253,0.6548534035682678,0.292913556098938
1036,0.6098145246505737,20000000002.13565,57.81396424268176,0.0,0.0,0.22644756972466412,0.6507501006126404,0.29645413160324097
1037,0.5896729826927185,20000000002.15762,57.428243421103744,0.0,0.0,0.21694806823314505,0.6520756483078003,0.29701799154281616
1038,0.5986485481262207,20000000002.08114,57.61008711232075,0.0,0.0,0.22741724990014833,0.6486828327178955,0.2962101101875305
1039,0.626038134098053,20000000002.11278,57.68927143742761,0.0,0.0,0.22012271855824495,0.6512746214866638,0.2941257655620575
1040,0.592634379863739,20000000002.234062,57.74855624312518,0.0,0.0,0.20062170532896945,0.6436505317687988,0.2957831025123596
1041,0.5939377546310425,20000000002.111076,57.873882153181654,0.0,0.0,0.23545448518188467,0.6487998366355896,0.29570192098617554
1042,0.597655177116394,20000000002.10918,57.86566044551799,0.0,0.0,0.21125953851517315,0.6521598696708679,0.29649072885513306
1043,0.5722848773002625,20000000002.24238,57.823237253269795,0.0,0.0,0.19920237564415513,0.645197331905365,0.29881227016448975
1044,0.5857649445533752,20000000002.240356,57.54507761367571,0.0,0.0,0.1953831815568936,0.6550613641738892,0.3015629053115845
1045,0.5812716484069824,20000000002.17,57.78378304787057,0.0,0.0,0.2080706519307031,0.637214720249176,0.3040681779384613
1046,0.5895304679870605,20000000002.165733,57.090622703536525,0.0,0.0,0.1915750522575641,0.6584369540214539,0.3015497326850891
1047,0.5887808799743652,20000000002.177753,57.25691029211738,0.0,0.0,0.19096120519129273,0.650558590888977,0.3003109097480774
1048,0.5806888341903687,20000000002.14924,57.30756893524156,0.0,0.0,0.19189164457312544,0.6510624885559082,0.2998510003089905
1049,0.5931571125984192,20000000002.231956,57.28739210613156,0.0,0.0,0.21139683300351345,0.6569636464118958,0.30097514390945435
1050,0.5627260208129883,20000000002.146137,57.95405094600662,0.0,0.0,0.21573056833035614,0.6489110589027405,0.2971661686897278
1051,0.5924137830734253,20000000002.050797,57.827227538505056,0.0,0.0,0.20592028416116107,0.6512128710746765,0.2978280484676361
1052,0.5977920889854431,20000000002.160133,57.813283891240616,0.0,0.0,0.20398566540679625,0.6554149985313416,0.29429274797439575
1053,0.5805821418762207,20000000002.11434,58.011322775694005,0.0,0.0,0.2130944944139841,0.652036726474762,0.29560303688049316
1054,0.5839712619781494,20000000002.141068,57.98392694131786,0.0,0.0,0.2371470787085033,0.6491764783859253,0.2963992655277252
1055,0.5726370215415955,20000000002.162468,57.61033575861843,0.0,0.0,0.20681293168926337,0.6543992757797241,0.29338642954826355
1056,0.5855986475944519,20000000002.211113,57.5137952838465,0.0,0.0,0.20473662200874557,0.6488463878631592,0.29890739917755127
